season,week,celebrity_name,simulated_vote_share,vote_percentage,avg_judge_score,status,num_valid_simulations,valid_percentage
1,1,John O'Hurley,0.191948,19.194790,6.666667,存活,100000,100.000000
1,1,Joey McIntyre,0.189277,18.927680,6.666667,存活,100000,100.000000
1,1,Evander Holyfield,0.170832,17.083165,6.000000,存活,100000,100.000000
1,1,Trista Sutter,0.167478,16.747765,6.000000,存活,100000,100.000000
1,1,Rachel Hunter,0.151721,15.172124,6.666667,存活,100000,100.000000
1,1,Kelly Monaco,0.128745,12.874476,4.333333,存活,100000,100.000000
1,2,John O'Hurley,0.450386,45.038560,8.666667,存活,31,0.031000
1,2,Rachel Hunter,0.308237,30.823695,8.000000,存活,31,0.031000
1,2,Evander Holyfield,0.212657,21.265704,4.666667,存活,31,0.031000
1,2,Kelly Monaco,0.010694,1.069406,5.666667,存活,31,0.031000
1,2,Joey McIntyre,0.009060,0.906008,7.000000,存活,31,0.031000
1,2,Trista Sutter,0.008966,0.896628,6.333333,淘汰,31,0.031000
1,3,Kelly Monaco,0.261264,26.126389,7.000000,存活,79933,79.933000
1,3,John O'Hurley,0.222035,22.203514,8.000000,存活,79933,79.933000
1,3,Joey McIntyre,0.203272,20.327186,7.333333,存活,79933,79.933000
1,3,Rachel Hunter,0.189107,18.910710,8.666667,存活,79933,79.933000
1,3,Evander Holyfield,0.124322,12.432201,4.333333,淘汰,79933,79.933000
1,4,Joey McIntyre,0.482695,48.269471,6.666667,存活,3991,3.991000
1,4,John O'Hurley,0.482424,48.242420,7.000000,存活,3991,3.991000
1,4,Kelly Monaco,0.019288,1.928832,8.666667,存活,3991,3.991000
1,4,Rachel Hunter,0.015593,1.559277,8.333333,淘汰,3991,3.991000
1,5,John O'Hurley,0.363940,36.394026,9.000000,存活,100000,100.000000
1,5,Kelly Monaco,0.324737,32.473700,7.833333,存活,100000,100.000000
1,5,Joey McIntyre,0.311323,31.132273,7.500000,存活,100000,100.000000
1,6,Kelly Monaco,0.501385,50.138464,9.166667,存活,100000,100.000000
1,6,John O'Hurley,0.498615,49.861536,9.000000,存活,100000,100.000000
2,1,Tatum O'Neal,0.100000,10.000000,7.666667,存活,0,0.000000
2,1,Tia Carrere,0.100000,10.000000,6.666667,存活,0,0.000000
2,1,George Hamilton,0.100000,10.000000,6.000000,存活,0,0.000000
2,1,Lisa Rinna,0.100000,10.000000,6.333333,存活,0,0.000000
2,1,Stacy Keibler,0.100000,10.000000,7.333333,存活,0,0.000000
2,1,Jerry Rice,0.100000,10.000000,7.000000,存活,0,0.000000
2,1,Giselle Fernandez,0.100000,10.000000,7.666667,存活,0,0.000000
2,1,Master P,0.100000,10.000000,4.000000,存活,0,0.000000
2,1,Drew Lachey,0.100000,10.000000,8.000000,存活,0,0.000000
2,1,Kenny Mayne,0.100000,10.000000,4.333333,淘汰,0,0.000000
2,2,Stacy Keibler,0.155406,15.540557,9.666667,存活,21963,21.963000
2,2,Drew Lachey,0.147641,14.764074,9.000000,存活,21963,21.963000
2,2,Jerry Rice,0.125237,12.523709,7.666667,存活,21963,21.963000
2,2,George Hamilton,0.123154,12.315445,7.333333,存活,21963,21.963000
2,2,Tia Carrere,0.122968,12.296847,7.333333,存活,21963,21.963000
2,2,Lisa Rinna,0.111974,11.197378,6.666667,存活,21963,21.963000
2,2,Giselle Fernandez,0.102098,10.209832,8.000000,存活,21963,21.963000
2,2,Master P,0.094691,9.469075,5.333333,存活,21963,21.963000
2,2,Tatum O'Neal,0.016831,1.683082,5.666667,淘汰,21963,21.963000
2,3,Drew Lachey,0.155499,15.549919,9.000000,存活,4816,4.816000
2,3,Stacy Keibler,0.155361,15.536071,9.000000,存活,4816,4.816000
2,3,Jerry Rice,0.154864,15.486445,6.333333,存活,4816,4.816000
2,3,Tia Carrere,0.144941,14.494101,8.666667,存活,4816,4.816000
2,3,Lisa Rinna,0.143728,14.372849,8.333333,存活,4816,4.816000
2,3,George Hamilton,0.126855,12.685469,7.333333,存活,4816,4.816000
2,3,Master P,0.115432,11.543155,4.666667,存活,4816,4.816000
2,3,Giselle Fernandez,0.003320,0.331990,7.333333,淘汰,4816,4.816000
2,4,Drew Lachey,0.166695,16.669489,9.333333,存活,78737,78.737000
2,4,George Hamilton,0.166171,16.617127,7.000000,存活,78737,78.737000
2,4,Lisa Rinna,0.158511,15.851110,8.666667,存活,78737,78.737000
2,4,Tia Carrere,0.155253,15.525350,8.333333,存活,78737,78.737000
2,4,Stacy Keibler,0.154717,15.471683,8.666667,存活,78737,78.737000
2,4,Jerry Rice,0.147366,14.736560,8.000000,存活,78737,78.737000
2,4,Master P,0.051287,5.128681,2.666667,淘汰,78737,78.737000
2,5,Stacy Keibler,0.193052,19.305215,10.000000,存活,97988,97.988000
2,5,Drew Lachey,0.176412,17.641214,9.000000,存活,97988,97.988000
2,5,Lisa Rinna,0.166637,16.663728,8.333333,存活,97988,97.988000
2,5,George Hamilton,0.162955,16.295464,8.000000,存活,97988,97.988000
2,5,Jerry Rice,0.153730,15.372996,7.666667,存活,97988,97.988000
2,5,Tia Carrere,0.147214,14.721384,7.333333,淘汰,97988,97.988000
2,6,Drew Lachey,0.223694,22.369449,10.000000,存活,99690,99.690000
2,6,Stacy Keibler,0.221853,22.185300,10.000000,存活,99690,99.690000
2,6,Lisa Rinna,0.205517,20.551717,9.000000,存活,99690,99.690000
2,6,George Hamilton,0.175354,17.535409,7.666667,淘汰,99690,99.690000
2,6,Jerry Rice,0.173581,17.358125,7.666667,存活,99690,99.690000
2,7,Stacy Keibler,0.361762,36.176162,9.166667,存活,19763,19.763000
2,7,Drew Lachey,0.359469,35.946948,9.166667,存活,19763,19.763000
2,7,Jerry Rice,0.271623,27.162256,6.833333,存活,19763,19.763000
2,7,Lisa Rinna,0.007146,0.714634,8.833333,淘汰,19763,19.763000
2,8,Drew Lachey,0.343613,34.361346,9.666600,存活,100000,100.000000
2,8,Stacy Keibler,0.337517,33.751662,9.555500,存活,100000,100.000000
2,8,Jerry Rice,0.318870,31.886992,8.888867,存活,100000,100.000000
3,1,Mario Lopez,0.119910,11.990983,8.666667,存活,30443,30.443000
3,1,Emmitt Smith,0.118546,11.854639,8.000000,存活,30443,30.443000
3,1,Vivica A. Fox,0.111210,11.121042,7.333333,存活,30443,30.443000
3,1,Willa Ford,0.109844,10.984442,7.333333,存活,30443,30.443000
3,1,Joey Lawrence,0.106352,10.635214,7.000000,存活,30443,30.443000
3,1,Monique Coleman,0.096276,9.627587,6.333333,存活,30443,30.443000
3,1,Shanna Moakler,0.088925,8.892521,6.000000,存活,30443,30.443000
3,1,Harry Hamlin,0.086554,8.655399,5.666667,存活,30443,30.443000
3,1,Sara Evans,0.076139,7.613902,5.000000,存活,30443,30.443000
3,1,Jerry Springer,0.063076,6.307557,5.333333,存活,30443,30.443000
3,1,Tucker Carlson,0.023167,2.316713,4.000000,淘汰,30443,30.443000
3,2,Joey Lawrence,0.128307,12.830709,9.666667,存活,8395,8.395000
3,2,Mario Lopez,0.120067,12.006720,7.000000,存活,8395,8.395000
3,2,Harry Hamlin,0.120017,12.001686,7.000000,存活,8395,8.395000
3,2,Sara Evans,0.118864,11.886442,7.000000,存活,8395,8.395000
3,2,Monique Coleman,0.115026,11.502556,8.666667,存活,8395,8.395000
3,2,Vivica A. Fox,0.106211,10.621066,8.000000,存活,8395,8.395000
3,2,Emmitt Smith,0.105051,10.505060,8.000000,存活,8395,8.395000
3,2,Willa Ford,0.100642,10.064209,7.666667,存活,8395,8.395000
3,2,Jerry Springer,0.083575,8.357515,6.333333,存活,8395,8.395000
3,2,Shanna Moakler,0.002240,0.224037,7.333333,淘汰,8395,8.395000
3,3,Monique Coleman,0.136634,13.663364,9.000000,存活,9335,9.335000
3,3,Vivica A. Fox,0.133969,13.396913,9.000000,存活,9335,9.335000
3,3,Willa Ford,0.126293,12.629298,7.333333,存活,9335,9.335000
3,3,Sara Evans,0.125472,12.547206,8.333333,存活,9335,9.335000
3,3,Mario Lopez,0.124589,12.458889,7.333333,存活,9335,9.335000
3,3,Joey Lawrence,0.123693,12.369340,7.333333,存活,9335,9.335000
3,3,Emmitt Smith,0.121449,12.144904,6.333333,存活,9335,9.335000
3,3,Jerry Springer,0.105286,10.528620,7.000000,存活,9335,9.335000
3,3,Harry Hamlin,0.002615,0.261466,7.333333,淘汰,9335,9.335000
3,4,Mario Lopez,0.154199,15.419874,9.666667,存活,10017,10.017000
3,4,Willa Ford,0.149444,14.944416,9.333333,存活,10017,10.017000
3,4,Emmitt Smith,0.148378,14.837758,8.000000,存活,10017,10.017000
3,4,Joey Lawrence,0.145428,14.542841,9.000000,存活,10017,10.017000
3,4,Monique Coleman,0.144509,14.450878,8.000000,存活,10017,10.017000
3,4,Sara Evans,0.137733,13.773300,6.666667,存活,10017,10.017000
3,4,Jerry Springer,0.117744,11.774392,7.333333,存活,10017,10.017000
3,4,Vivica A. Fox,0.002565,0.256542,8.000000,淘汰,10017,10.017000
3,5,Joey Lawrence,0.183672,18.367208,8.333333,存活,7635,7.635000
3,5,Sara Evans,0.174676,17.467628,8.000000,存活,7635,7.635000
3,5,Emmitt Smith,0.170947,17.094695,9.000000,存活,7635,7.635000
3,5,Mario Lopez,0.166589,16.658861,9.000000,存活,7635,7.635000
3,5,Monique Coleman,0.166033,16.603318,9.000000,存活,7635,7.635000
3,5,Jerry Springer,0.135698,13.569815,8.000000,存活,7635,7.635000
3,5,Willa Ford,0.002385,0.238474,9.000000,淘汰,7635,7.635000
3,6,Mario Lopez,0.242464,24.246396,9.333333,存活,100000,100.000000
3,6,Emmitt Smith,0.215726,21.572572,8.333333,存活,100000,100.000000
3,6,Joey Lawrence,0.210387,21.038661,8.000000,存活,100000,100.000000
3,6,Monique Coleman,0.203833,20.383253,7.666667,存活,100000,100.000000
3,6,Jerry Springer,0.127591,12.759118,6.000000,存活,100000,100.000000
3,7,Joey Lawrence,0.233737,23.373705,9.500000,存活,52791,52.791000
3,7,Mario Lopez,0.229510,22.950974,9.333333,存活,52791,52.791000
3,7,Emmitt Smith,0.229006,22.900588,9.500000,存活,52791,52.791000
3,7,Monique Coleman,0.220928,22.092762,9.000000,存活,52791,52.791000
3,7,Jerry Springer,0.086820,8.681970,7.666667,淘汰,52791,52.791000
3,8,Mario Lopez,0.298370,29.837005,9.500000,存活,43815,43.815000
3,8,Joey Lawrence,0.285814,28.581424,9.000000,存活,43815,43.815000
3,8,Emmitt Smith,0.281740,28.173997,9.000000,存活,43815,43.815000
3,8,Monique Coleman,0.134076,13.407575,8.833333,淘汰,43815,43.815000
3,9,Joey Lawrence,0.335715,33.571514,9.833333,存活,100000,100.000000
3,9,Mario Lopez,0.335237,33.523682,9.833333,存活,100000,100.000000
3,9,Emmitt Smith,0.329048,32.904804,9.833333,存活,100000,100.000000
3,10,Mario Lopez,0.504304,50.430424,9.888867,存活,100000,100.000000
3,10,Emmitt Smith,0.495696,49.569576,9.888867,存活,100000,100.000000
4,1,Joey Fatone,0.120213,12.021281,8.000000,存活,100000,100.000000
4,1,Laila Ali,0.114681,11.468109,7.666667,存活,100000,100.000000
4,1,Ian Ziering,0.106997,10.699683,7.000000,存活,100000,100.000000
4,1,Apolo Anton Ohno,0.104975,10.497470,7.000000,存活,100000,100.000000
4,1,Shandi Finnessey,0.094487,9.448671,6.333333,存活,100000,100.000000
4,1,John Ratzenberger,0.087627,8.762721,5.666667,存活,100000,100.000000
4,1,Clyde Drexler,0.080894,8.089398,5.333333,存活,100000,100.000000
4,1,Paulina Porizkova,0.075962,7.596248,6.333333,存活,100000,100.000000
4,1,Leeza Gibbons,0.074813,7.481342,5.000000,存活,100000,100.000000
4,1,Heather Mills,0.072206,7.220592,6.000000,存活,100000,100.000000
4,1,Billy Ray Cyrus,0.067145,6.714484,4.333333,存活,100000,100.000000
4,2,Laila Ali,0.116586,11.658605,9.000000,存活,12727,12.727000
4,2,Apolo Anton Ohno,0.112264,11.226405,8.666667,存活,12727,12.727000
4,2,Shandi Finnessey,0.109566,10.956635,6.666667,存活,12727,12.727000
4,2,Joey Fatone,0.105299,10.529928,8.000000,存活,12727,12.727000
4,2,Clyde Drexler,0.099572,9.957183,6.000000,存活,12727,12.727000
4,2,Ian Ziering,0.097497,9.749665,7.333333,存活,12727,12.727000
4,2,John Ratzenberger,0.093038,9.303789,7.000000,存活,12727,12.727000
4,2,Billy Ray Cyrus,0.091890,9.189015,7.000000,存活,12727,12.727000
4,2,Leeza Gibbons,0.089683,8.968264,7.000000,存活,12727,12.727000
4,2,Heather Mills,0.082428,8.242758,8.000000,存活,12727,12.727000
4,2,Paulina Porizkova,0.002178,0.217754,7.000000,淘汰,12727,12.727000
4,3,John Ratzenberger,0.126080,12.608036,6.666667,存活,10942,10.942000
4,3,Ian Ziering,0.117596,11.759645,8.000000,存活,10942,10.942000
4,3,Joey Fatone,0.116644,11.664374,8.000000,存活,10942,10.942000
4,3,Leeza Gibbons,0.112799,11.279950,8.000000,存活,10942,10.942000
4,3,Laila Ali,0.111911,11.191091,7.000000,存活,10942,10.942000
4,3,Apolo Anton Ohno,0.111125,11.112513,7.666667,存活,10942,10.942000
4,3,Billy Ray Cyrus,0.109903,10.990262,7.000000,存活,10942,10.942000
4,3,Clyde Drexler,0.098928,9.892762,5.333333,存活,10942,10.942000
4,3,Heather Mills,0.092436,9.243596,8.000000,存活,10942,10.942000
4,3,Shandi Finnessey,0.002578,0.257773,7.000000,淘汰,10942,10.942000
4,4,Joey Fatone,0.158217,15.821736,9.333333,存活,15445,15.445000
4,4,Apolo Anton Ohno,0.147035,14.703469,8.666667,存活,15445,15.445000
4,4,Ian Ziering,0.138278,13.827790,8.000000,存活,15445,15.445000
4,4,Billy Ray Cyrus,0.120755,12.075478,7.000000,存活,15445,15.445000
4,4,Laila Ali,0.119744,11.974355,7.000000,存活,15445,15.445000
4,4,Clyde Drexler,0.110141,11.014087,5.000000,存活,15445,15.445000
4,4,Heather Mills,0.103782,10.378209,7.666667,存活,15445,15.445000
4,4,John Ratzenberger,0.098080,9.807960,5.333333,存活,15445,15.445000
4,4,Leeza Gibbons,0.003969,0.396916,5.333333,淘汰,15445,15.445000
4,5,Laila Ali,0.166337,16.633725,9.333333,存活,41949,41.949000
4,5,Apolo Anton Ohno,0.161875,16.187502,10.000000,存活,41949,41.949000
4,5,Joey Fatone,0.154588,15.458807,8.333333,存活,41949,41.949000
4,5,Ian Ziering,0.150370,15.036984,8.000000,存活,41949,41.949000
4,5,John Ratzenberger,0.113616,11.361613,6.000000,存活,41949,41.949000
4,5,Billy Ray Cyrus,0.106403,10.640277,5.666667,存活,41949,41.949000
4,5,Heather Mills,0.103183,10.318277,7.000000,存活,41949,41.949000
4,5,Clyde Drexler,0.043628,4.362814,4.333333,淘汰,41949,41.949000
4,6,Laila Ali,0.174075,17.407536,9.333333,存活,12958,12.958000
4,6,Apolo Anton Ohno,0.172755,17.275481,9.333333,存活,12958,12.958000
4,6,Billy Ray Cyrus,0.171930,17.193030,7.000000,存活,12958,12.958000
4,6,Joey Fatone,0.168203,16.820289,9.000000,存活,12958,12.958000
4,6,John Ratzenberger,0.157057,15.705719,6.333333,存活,12958,12.958000
4,6,Ian Ziering,0.153499,15.349875,8.000000,存活,12958,12.958000
4,6,Heather Mills,0.002481,0.248070,7.666667,淘汰,12958,12.958000
4,7,Joey Fatone,0.212045,21.204526,9.833333,存活,15946,15.946000
4,7,Laila Ali,0.210022,21.002186,9.833333,存活,15946,15.946000
4,7,Ian Ziering,0.198380,19.838002,9.000000,存活,15946,15.946000
4,7,Apolo Anton Ohno,0.193046,19.304645,9.000000,存活,15946,15.946000
4,7,Billy Ray Cyrus,0.182674,18.267364,6.333333,存活,15946,15.946000
4,7,John Ratzenberger,0.003833,0.383276,7.500000,淘汰,15946,15.946000
4,8,Apolo Anton Ohno,0.243412,24.341197,9.666667,存活,52676,52.676000
4,8,Joey Fatone,0.233544,23.354412,9.166667,存活,52676,52.676000
4,8,Laila Ali,0.223301,22.330102,8.833333,存活,52676,52.676000
4,8,Ian Ziering,0.203332,20.333216,7.833333,存活,52676,52.676000
4,8,Billy Ray Cyrus,0.096411,9.641073,6.333333,淘汰,52676,52.676000
4,9,Joey Fatone,0.291706,29.170553,10.000000,存活,43550,43.550000
4,9,Laila Ali,0.288481,28.848140,10.000000,存活,43550,43.550000
4,9,Apolo Anton Ohno,0.285814,28.581413,9.833333,存活,43550,43.550000
4,9,Ian Ziering,0.133999,13.399893,9.666667,淘汰,43550,43.550000
4,10,Apolo Anton Ohno,0.337556,33.755642,9.777733,存活,100000,100.000000
4,10,Joey Fatone,0.333613,33.361340,9.555500,存活,100000,100.000000
4,10,Laila Ali,0.328830,32.883018,9.444400,存活,100000,100.000000
5,1,Sabrina Bryan,0.115431,11.543074,8.666667,存活,26987,26.987000
5,1,Jennie Garth,0.093692,9.369216,7.000000,存活,26987,26.987000
5,1,Marie Osmond,0.092758,9.275841,7.000000,存活,26987,26.987000
5,1,Albert Reed,0.091221,9.122095,7.000000,存活,26987,26.987000
5,1,Mark Cuban,0.090355,9.035510,7.000000,存活,26987,26.987000
5,1,Helio Castroneves,0.086439,8.643897,8.333333,存活,26987,26.987000
5,1,Jane Seymour,0.086189,8.618896,8.000000,存活,26987,26.987000
5,1,Mel B,0.085286,8.528560,8.000000,存活,26987,26.987000
5,1,Wayne Newton,0.084488,8.448801,6.333333,存活,26987,26.987000
5,1,Floyd Mayweather Jr. ,0.079477,7.947726,6.000000,存活,26987,26.987000
5,1,Cameron Mathison,0.075262,7.526239,7.000000,存活,26987,26.987000
5,1,Josie Maran,0.019401,1.940144,5.333333,淘汰,26987,26.987000
5,2,Sabrina Bryan,0.117490,11.749003,8.666667,存活,7022,7.022000
5,2,Marie Osmond,0.107370,10.737016,8.000000,存活,7022,7.022000
5,2,Floyd Mayweather Jr. ,0.103903,10.390291,7.000000,存活,7022,7.022000
5,2,Jennie Garth,0.102035,10.203524,7.000000,存活,7022,7.022000
5,2,Mark Cuban,0.101625,10.162500,6.000000,存活,7022,7.022000
5,2,Cameron Mathison,0.098618,9.861848,7.000000,存活,7022,7.022000
5,2,Jane Seymour,0.098546,9.854600,7.000000,存活,7022,7.022000
5,2,Helio Castroneves,0.095947,9.594702,9.000000,存活,7022,7.022000
5,2,Wayne Newton,0.087110,8.711038,5.000000,存活,7022,7.022000
5,2,Mel B,0.084954,8.495368,7.666667,存活,7022,7.022000
5,2,Albert Reed,0.002401,0.240110,7.000000,淘汰,7022,7.022000
5,3,Sabrina Bryan,0.130675,13.067483,9.000000,存活,30446,30.446000
5,3,Jennie Garth,0.126736,12.673574,8.666667,存活,30446,30.446000
5,3,Marie Osmond,0.125254,12.525360,8.666667,存活,30446,30.446000
5,3,Jane Seymour,0.105963,10.596331,9.000000,存活,30446,30.446000
5,3,Mel B,0.104473,10.447347,9.000000,存活,30446,30.446000
5,3,Floyd Mayweather Jr. ,0.101011,10.101110,7.000000,存活,30446,30.446000
5,3,Mark Cuban,0.094279,9.427948,6.666667,存活,30446,30.446000
5,3,Cameron Mathison,0.090699,9.069881,7.666667,存活,30446,30.446000
5,3,Helio Castroneves,0.090289,9.028898,8.000000,存活,30446,30.446000
5,3,Wayne Newton,0.030621,3.062068,6.000000,淘汰,30446,30.446000
5,4,Sabrina Bryan,0.151388,15.138825,10.000000,存活,16050,16.050000
5,4,Mark Cuban,0.140597,14.059726,7.333333,存活,16050,16.050000
5,4,Jennie Garth,0.139321,13.932118,9.000000,存活,16050,16.050000
5,4,Marie Osmond,0.133274,13.327445,8.666667,存活,16050,16.050000
5,4,Cameron Mathison,0.111563,11.156343,9.000000,存活,16050,16.050000
5,4,Jane Seymour,0.107876,10.787600,8.666667,存活,16050,16.050000
5,4,Helio Castroneves,0.106967,10.696688,9.000000,存活,16050,16.050000
5,4,Mel B,0.106495,10.649473,8.666667,存活,16050,16.050000
5,4,Floyd Mayweather Jr. ,0.002518,0.251783,7.666667,淘汰,16050,16.050000
5,5,Sabrina Bryan,0.172602,17.260198,9.333333,存活,22275,22.275000
5,5,Jennie Garth,0.155591,15.559070,8.333333,存活,22275,22.275000
5,5,Mel B,0.142748,14.274825,9.666667,存活,22275,22.275000
5,5,Marie Osmond,0.137092,13.709197,7.000000,存活,22275,22.275000
5,5,Cameron Mathison,0.130538,13.053836,8.666667,存活,22275,22.275000
5,5,Jane Seymour,0.130491,13.049055,8.666667,存活,22275,22.275000
5,5,Helio Castroneves,0.112523,11.252272,7.666667,存活,22275,22.275000
5,5,Mark Cuban,0.018415,1.841547,7.000000,淘汰,22275,22.275000
5,6,Marie Osmond,0.196360,19.635962,7.666667,存活,10075,10.075000
5,6,Jennie Garth,0.177252,17.725248,9.000000,存活,10075,10.075000
5,6,Cameron Mathison,0.172416,17.241560,8.333333,存活,10075,10.075000
5,6,Mel B,0.156211,15.621087,10.000000,存活,10075,10.075000
5,6,Jane Seymour,0.151783,15.178298,7.333333,存活,10075,10.075000
5,6,Helio Castroneves,0.142912,14.291186,9.333333,存活,10075,10.075000
5,6,Sabrina Bryan,0.003067,0.306659,8.333333,淘汰,10075,10.075000
5,7,Jennie Garth,0.213729,21.372928,8.833333,存活,39293,39.293000
5,7,Marie Osmond,0.207597,20.759683,8.666667,存活,39293,39.293000
5,7,Mel B,0.174621,17.462096,9.000000,存活,39293,39.293000
5,7,Cameron Mathison,0.166706,16.670568,8.500000,存活,39293,39.293000
5,7,Helio Castroneves,0.163396,16.339583,8.666667,存活,39293,39.293000
5,7,Jane Seymour,0.073951,7.395142,8.333333,淘汰,39293,39.293000
5,8,Jennie Garth,0.242646,24.264610,8.333333,存活,45411,45.411000
5,8,Marie Osmond,0.235715,23.571549,8.166667,存活,45411,45.411000
5,8,Mel B,0.197063,19.706262,9.333333,存活,45411,45.411000
5,8,Helio Castroneves,0.194544,19.454374,9.500000,存活,45411,45.411000
5,8,Cameron Mathison,0.130032,13.003205,8.500000,淘汰,45411,45.411000
5,9,Marie Osmond,0.447791,44.779117,9.333333,存活,15914,15.914000
5,9,Mel B,0.277368,27.736793,10.000000,存活,15914,15.914000
5,9,Helio Castroneves,0.269883,26.988251,10.000000,存活,15914,15.914000
5,9,Jennie Garth,0.004958,0.495839,9.666667,淘汰,15914,15.914000
5,10,Marie Osmond,0.340972,34.097220,7.666667,存活,100000,100.000000
5,10,Mel B,0.335836,33.583565,9.444400,存活,100000,100.000000
5,10,Helio Castroneves,0.323192,32.319215,9.333300,存活,100000,100.000000
6,1,Kristi Yamaguchi,0.112445,11.244491,9.000000,存活,100000,100.000000
6,1,Priscilla Presley,0.102531,10.253055,8.000000,存活,100000,100.000000
6,1,Mario,0.101516,10.151593,8.000000,存活,100000,100.000000
6,1,Marlee Matlin,0.094010,9.400951,7.333333,存活,100000,100.000000
6,1,Jason Taylor,0.092603,9.260264,7.333333,存活,100000,100.000000
6,1,Shannon Elizabeth,0.090210,9.020957,7.000000,存活,100000,100.000000
6,1,Marissa Jaret Winokur,0.077996,7.799640,6.000000,存活,100000,100.000000
6,1,Steve Guttenberg,0.077578,7.757823,6.000000,存活,100000,100.000000
6,1,Cristian de la Fuente,0.072326,7.232623,7.000000,存活,100000,100.000000
6,1,Penn Jillette,0.065333,6.533251,5.333333,存活,100000,100.000000
6,1,Adam Carolla,0.062033,6.203297,5.000000,存活,100000,100.000000
6,1,Monica Seles,0.051421,5.142054,5.000000,存活,100000,100.000000
6,2,Jason Taylor,0.110471,11.047100,9.000000,存活,39588,39.588000
6,2,Kristi Yamaguchi,0.110316,11.031620,9.000000,存活,39588,39.588000
6,2,Mario,0.107473,10.747330,8.666667,存活,39588,39.588000
6,2,Marlee Matlin,0.100548,10.054811,8.000000,存活,39588,39.588000
6,2,Shannon Elizabeth,0.100431,10.043144,8.000000,存活,39588,39.588000
6,2,Priscilla Presley,0.088147,8.814747,7.000000,存活,39588,39.588000
6,2,Marissa Jaret Winokur,0.087791,8.779063,7.000000,存活,39588,39.588000
6,2,Adam Carolla,0.076760,7.675982,6.333333,存活,39588,39.588000
6,2,Steve Guttenberg,0.073706,7.370557,5.333333,存活,39588,39.588000
6,2,Cristian de la Fuente,0.067788,6.778830,6.666667,存活,39588,39.588000
6,2,Penn Jillette,0.046723,4.672262,5.666667,淘汰,39588,39.588000
6,2,Monica Seles,0.029846,2.984552,5.000000,淘汰,39588,39.588000
6,3,Kristi Yamaguchi,0.123589,12.358947,9.000000,存活,10598,10.598000
6,3,Priscilla Presley,0.119672,11.967151,8.666667,存活,10598,10.598000
6,3,Adam Carolla,0.113971,11.397120,7.000000,存活,10598,10.598000
6,3,Marissa Jaret Winokur,0.112951,11.295120,6.333333,存活,10598,10.598000
6,3,Shannon Elizabeth,0.110878,11.087756,8.000000,存活,10598,10.598000
6,3,Mario,0.109599,10.959910,7.000000,存活,10598,10.598000
6,3,Marlee Matlin,0.108606,10.860629,7.000000,存活,10598,10.598000
6,3,Jason Taylor,0.104733,10.473337,7.666667,存活,10598,10.598000
6,3,Cristian de la Fuente,0.093502,9.350226,8.333333,存活,10598,10.598000
6,3,Steve Guttenberg,0.002498,0.249805,7.000000,淘汰,10598,10.598000
6,4,Kristi Yamaguchi,0.137623,13.762280,9.666667,存活,33513,33.513000
6,4,Jason Taylor,0.136888,13.688823,9.666667,存活,33513,33.513000
6,4,Shannon Elizabeth,0.135131,13.513108,9.333333,存活,33513,33.513000
6,4,Marissa Jaret Winokur,0.116463,11.646255,8.000000,存活,33513,33.513000
6,4,Marlee Matlin,0.115994,11.599431,8.000000,存活,33513,33.513000
6,4,Mario,0.114903,11.490254,8.000000,存活,33513,33.513000
6,4,Priscilla Presley,0.106855,10.685485,7.333333,存活,33513,33.513000
6,4,Cristian de la Fuente,0.101095,10.109512,8.666667,存活,33513,33.513000
6,4,Adam Carolla,0.035049,3.504853,6.333333,淘汰,33513,33.513000
6,5,Kristi Yamaguchi,0.163514,16.351377,9.666667,存活,23653,23.653000
6,5,Mario,0.155086,15.508610,9.000000,存活,23653,23.653000
6,5,Jason Taylor,0.152930,15.292995,9.000000,存活,23653,23.653000
6,5,Marissa Jaret Winokur,0.139048,13.904823,8.000000,存活,23653,23.653000
6,5,Shannon Elizabeth,0.133715,13.371497,7.666667,存活,23653,23.653000
6,5,Marlee Matlin,0.129068,12.906783,7.333333,存活,23653,23.653000
6,5,Cristian de la Fuente,0.107276,10.727586,7.666667,存活,23653,23.653000
6,5,Priscilla Presley,0.019363,1.936329,7.000000,淘汰,23653,23.653000
6,6,Kristi Yamaguchi,0.180320,18.032018,10.000000,存活,40923,40.923000
6,6,Mario,0.169623,16.962291,9.333333,存活,40923,40.923000
6,6,Marissa Jaret Winokur,0.159974,15.997402,8.666667,存活,40923,40.923000
6,6,Shannon Elizabeth,0.147634,14.763413,8.000000,存活,40923,40.923000
6,6,Jason Taylor,0.145039,14.503871,8.000000,存活,40923,40.923000
6,6,Cristian de la Fuente,0.133328,13.332803,9.000000,存活,40923,40.923000
6,6,Marlee Matlin,0.064082,6.408201,7.000000,淘汰,40923,40.923000
6,7,Mario,0.220860,22.086008,8.500000,存活,14251,14.251000
6,7,Jason Taylor,0.201700,20.170018,9.166667,存活,14251,14.251000
6,7,Kristi Yamaguchi,0.197849,19.784909,9.000000,存活,14251,14.251000
6,7,Marissa Jaret Winokur,0.193223,19.322272,8.666667,存活,14251,14.251000
6,7,Cristian de la Fuente,0.182908,18.290837,7.666667,存活,14251,14.251000
6,7,Shannon Elizabeth,0.003460,0.345956,8.500000,淘汰,14251,14.251000
6,8,Jason Taylor,0.289465,28.946459,8.666667,存活,12800,12.800000
6,8,Marissa Jaret Winokur,0.283672,28.367184,8.333333,存活,12800,12.800000
6,8,Kristi Yamaguchi,0.227635,22.763475,9.166667,存活,12800,12.800000
6,8,Cristian de la Fuente,0.195455,19.545511,9.500000,存活,12800,12.800000
6,8,Mario,0.003774,0.377372,8.833333,淘汰,12800,12.800000
6,9,Kristi Yamaguchi,0.349815,34.981517,9.500000,存活,21306,21.306000
6,9,Jason Taylor,0.336106,33.610612,9.166667,存活,21306,21.306000
6,9,Cristian de la Fuente,0.289400,28.940035,9.333333,存活,21306,21.306000
6,9,Marissa Jaret Winokur,0.024678,2.467836,8.666667,淘汰,21306,21.306000
6,10,Kristi Yamaguchi,0.370099,37.009888,10.000000,存活,100000,100.000000
6,10,Jason Taylor,0.352170,35.217040,9.500000,存活,100000,100.000000
6,10,Cristian de la Fuente,0.277731,27.773072,8.666667,存活,100000,100.000000
7,1,Brooke Burke,0.095672,9.567242,8.166667,存活,34066,34.066000
7,1,Toni Braxton,0.092006,9.200594,7.500000,存活,34066,34.066000
7,1,Lance Bass,0.087759,8.775927,7.166667,存活,34066,34.066000
7,1,Warren Sapp,0.087058,8.705761,7.166667,存活,34066,34.066000
7,1,Misty May-Treanor,0.085525,8.552534,7.000000,存活,34066,34.066000
7,1,Cody Linley,0.085064,8.506381,6.833333,存活,34066,34.066000
7,1,Maurice Greene,0.079762,7.976224,6.500000,存活,34066,34.066000
7,1,Susan Lucci,0.078791,7.879143,6.166667,存活,34066,34.066000
7,1,Kim Kardashian,0.077840,7.783978,6.166667,存活,34066,34.066000
7,1,Rocco DiSpirito,0.074743,7.474327,5.833333,存活,34066,34.066000
7,1,Cloris Leachman,0.070986,7.098612,5.333333,存活,34066,34.066000
7,1,Ted McGinley,0.060408,6.040767,6.166667,淘汰,34066,34.066000
7,1,Jeffrey Ross,0.024385,2.438510,4.000000,淘汰,34066,34.066000
7,2,Warren Sapp,0.111639,11.163868,8.000000,存活,12951,12.951000
7,2,Brooke Burke,0.109634,10.963416,8.000000,存活,12951,12.951000
7,2,Toni Braxton,0.108043,10.804285,7.666667,存活,12951,12.951000
7,2,Susan Lucci,0.099957,9.995722,7.000000,存活,12951,12.951000
7,2,Cody Linley,0.099859,9.985938,7.000000,存活,12951,12.951000
7,2,Misty May-Treanor,0.098795,9.879542,7.000000,存活,12951,12.951000
7,2,Lance Bass,0.094526,9.452616,6.666667,存活,12951,12.951000
7,2,Rocco DiSpirito,0.093804,9.380358,5.333333,存活,12951,12.951000
7,2,Cloris Leachman,0.091395,9.139475,5.000000,存活,12951,12.951000
7,2,Maurice Greene,0.089299,8.929857,6.333333,存活,12951,12.951000
7,2,Kim Kardashian,0.003049,0.304923,5.666667,淘汰,12951,12.951000
7,3,Brooke Burke,0.136134,13.613421,9.333333,存活,100000,100.000000
7,3,Warren Sapp,0.124845,12.484489,8.333333,存活,100000,100.000000
7,3,Maurice Greene,0.119762,11.976194,8.000000,存活,100000,100.000000
7,3,Lance Bass,0.111535,11.153496,7.333333,存活,100000,100.000000
7,3,Toni Braxton,0.111349,11.134857,7.333333,存活,100000,100.000000
7,3,Susan Lucci,0.107365,10.736460,7.000000,存活,100000,100.000000
7,3,Cody Linley,0.107231,10.723100,7.000000,存活,100000,100.000000
7,3,Rocco DiSpirito,0.098820,9.881993,6.666667,存活,100000,100.000000
7,3,Cloris Leachman,0.082960,8.295990,5.333333,存活,100000,100.000000
7,4,Lance Bass,0.134769,13.476925,8.666667,存活,33414,33.414000
7,4,Brooke Burke,0.130926,13.092633,8.666667,存活,33414,33.414000
7,4,Susan Lucci,0.126764,12.676413,8.000000,存活,33414,33.414000
7,4,Cody Linley,0.121542,12.154236,7.666667,存活,33414,33.414000
7,4,Cloris Leachman,0.116286,11.628616,7.333333,存活,33414,33.414000
7,4,Toni Braxton,0.114830,11.483044,7.333333,存活,33414,33.414000
7,4,Warren Sapp,0.113995,11.399494,7.333333,存活,33414,33.414000
7,4,Maurice Greene,0.104195,10.419468,6.666667,存活,33414,33.414000
7,4,Rocco DiSpirito,0.036692,3.669171,6.000000,淘汰,33414,33.414000
7,5,Brooke Burke,0.149478,14.947833,9.666667,存活,11645,11.645000
7,5,Cody Linley,0.148866,14.886587,9.333333,存活,11645,11.645000
7,5,Cloris Leachman,0.147005,14.700473,7.000000,存活,11645,11.645000
7,5,Lance Bass,0.145609,14.560947,7.000000,存活,11645,11.645000
7,5,Maurice Greene,0.142167,14.216677,9.000000,存活,11645,11.645000
7,5,Susan Lucci,0.132175,13.217523,7.333333,存活,11645,11.645000
7,5,Warren Sapp,0.131861,13.186056,8.333333,存活,11645,11.645000
7,5,Toni Braxton,0.002839,0.283905,7.333333,淘汰,11645,11.645000
7,6,Lance Bass,0.177035,17.703502,9.000000,存活,41468,41.468000
7,6,Brooke Burke,0.166068,16.606774,8.666667,存活,41468,41.468000
7,6,Warren Sapp,0.162981,16.298073,8.333333,存活,41468,41.468000
7,6,Cody Linley,0.153199,15.319851,7.666667,存活,41468,41.468000
7,6,Susan Lucci,0.152676,15.267580,7.666667,存活,41468,41.468000
7,6,Maurice Greene,0.137032,13.703247,7.000000,存活,41468,41.468000
7,6,Cloris Leachman,0.051010,5.100973,5.000000,淘汰,41468,41.468000
7,7,Cody Linley,0.215518,21.551816,7.333333,存活,12813,12.813000
7,7,Brooke Burke,0.212119,21.211926,10.000000,存活,12813,12.813000
7,7,Warren Sapp,0.201847,20.184747,7.000000,存活,12813,12.813000
7,7,Lance Bass,0.184195,18.419530,8.333333,存活,12813,12.813000
7,7,Maurice Greene,0.182678,18.267769,8.333333,存活,12813,12.813000
7,7,Susan Lucci,0.003642,0.364212,8.000000,淘汰,12813,12.813000
7,8,Warren Sapp,0.230622,23.062243,9.000000,存活,40787,40.787000
7,8,Brooke Burke,0.229425,22.942538,9.166667,存活,40787,40.787000
7,8,Cody Linley,0.221135,22.113466,8.000000,存活,40787,40.787000
7,8,Lance Bass,0.216066,21.606640,8.333333,存活,40787,40.787000
7,8,Maurice Greene,0.102751,10.275112,8.000000,淘汰,40787,40.787000
7,9,Lance Bass,0.310082,31.008175,9.500000,存活,60645,60.645000
7,9,Warren Sapp,0.268579,26.857940,8.166667,存活,60645,60.645000
7,9,Brooke Burke,0.262597,26.259690,8.166667,存活,60645,60.645000
7,9,Cody Linley,0.158742,15.874194,7.666667,淘汰,60645,60.645000
7,10,Brooke Burke,0.343861,34.386081,10.000000,存活,100000,100.000000
7,10,Lance Bass,0.328937,32.893659,9.166667,存活,100000,100.000000
7,10,Warren Sapp,0.327203,32.720260,9.166667,存活,100000,100.000000
8,1,Shawn Johnson,0.101019,10.101943,7.666667,存活,15995,15.995000
8,1,Melissa Rycroft,0.099583,9.958349,7.666667,存活,15995,15.995000
8,1,Lil' Kim,0.094022,9.402223,7.000000,存活,15995,15.995000
8,1,Chuck Wicks,0.089332,8.933169,6.666667,存活,15995,15.995000
8,1,Gilles Marini,0.086600,8.659978,8.000000,存活,15995,15.995000
8,1,David Alan Grier,0.085960,8.595982,6.333333,存活,15995,15.995000
8,1,Denise Richards,0.081826,8.182608,6.000000,存活,15995,15.995000
8,1,Holly Madison,0.079066,7.906570,6.000000,存活,15995,15.995000
8,1,Belinda Carlisle,0.076716,7.671646,5.666667,存活,15995,15.995000
8,1,Lawrence Taylor,0.071391,7.139130,5.333333,存活,15995,15.995000
8,1,Steve Wozniak,0.071271,7.127062,4.333333,存活,15995,15.995000
8,1,Steve-O,0.059660,5.965983,5.666667,存活,15995,15.995000
8,1,Ty Murray,0.003554,0.355360,4.666667,淘汰,15995,15.995000
8,2,Melissa Rycroft,0.099129,9.912888,8.666667,存活,8596,8.596000
8,2,Shawn Johnson,0.093432,9.343189,8.000000,存活,8596,8.596000
8,2,Lil' Kim,0.090275,9.027503,7.666667,存活,8596,8.596000
8,2,Gilles Marini,0.086891,8.689128,9.000000,存活,8596,8.596000
8,2,David Alan Grier,0.086599,8.659874,5.666667,存活,8596,8.596000
8,2,Denise Richards,0.083886,8.388644,7.000000,存活,8596,8.596000
8,2,Steve Wozniak,0.082501,8.250076,5.666667,存活,8596,8.596000
8,2,Holly Madison,0.082276,8.227599,6.000000,存活,8596,8.596000
8,2,Chuck Wicks,0.079399,7.939894,6.666667,存活,8596,8.596000
8,2,Lawrence Taylor,0.079162,7.916176,6.666667,存活,8596,8.596000
8,2,Ty Murray,0.079064,7.906411,6.666667,存活,8596,8.596000
8,2,Steve-O,0.054908,5.490821,4.666667,存活,8596,8.596000
8,2,Belinda Carlisle,0.002478,0.247795,6.000000,淘汰,8596,8.596000
8,3,Shawn Johnson,0.113589,11.358921,9.000000,存活,12844,12.844000
8,3,Melissa Rycroft,0.111512,11.151213,9.000000,存活,12844,12.844000
8,3,Lil' Kim,0.106634,10.663431,8.333333,存活,12844,12.844000
8,3,David Alan Grier,0.103566,10.356576,8.000000,存活,12844,12.844000
8,3,Chuck Wicks,0.098141,9.814138,7.666667,存活,12844,12.844000
8,3,Ty Murray,0.097607,9.760736,7.666667,存活,12844,12.844000
8,3,Gilles Marini,0.093654,9.365352,9.000000,存活,12844,12.844000
8,3,Lawrence Taylor,0.085322,8.532203,6.666667,存活,12844,12.844000
8,3,Holly Madison,0.070917,7.091699,5.666667,存活,12844,12.844000
8,3,Steve-O,0.063550,6.354995,5.000000,存活,12844,12.844000
8,3,Steve Wozniak,0.052468,5.246792,3.333333,存活,12844,12.844000
8,3,Denise Richards,0.003039,0.303944,5.333333,淘汰,12844,12.844000
8,4,Melissa Rycroft,0.119998,11.999755,9.666667,存活,50450,50.450000
8,4,Lil' Kim,0.116291,11.629068,9.000000,存活,50450,50.450000
8,4,Ty Murray,0.111441,11.144060,8.333333,存活,50450,50.450000
8,4,Shawn Johnson,0.110979,11.097909,8.333333,存活,50450,50.450000
8,4,Gilles Marini,0.103276,10.327571,10.000000,存活,50450,50.450000
8,4,David Alan Grier,0.101581,10.158120,7.333333,存活,50450,50.450000
8,4,Chuck Wicks,0.101010,10.100981,7.333333,存活,50450,50.450000
8,4,Lawrence Taylor,0.086361,8.636057,6.333333,存活,50450,50.450000
8,4,Steve-O,0.057337,5.733660,5.000000,存活,50450,50.450000
8,4,Holly Madison,0.054553,5.455309,5.333333,淘汰,50450,50.450000
8,4,Steve Wozniak,0.037175,3.717511,4.000000,淘汰,50450,50.450000
8,5,Ty Murray,0.138891,13.889082,7.000000,存活,10202,10.202000
8,5,Lil' Kim,0.134928,13.492796,8.666667,存活,10202,10.202000
8,5,Shawn Johnson,0.133717,13.371664,8.666667,存活,10202,10.202000
8,5,Lawrence Taylor,0.132258,13.225814,6.666667,存活,10202,10.202000
8,5,Melissa Rycroft,0.125751,12.575147,8.333333,存活,10202,10.202000
8,5,Gilles Marini,0.119834,11.983376,9.666667,存活,10202,10.202000
8,5,Chuck Wicks,0.118490,11.849034,7.666667,存活,10202,10.202000
8,5,Steve-O,0.093408,9.340810,6.000000,存活,10202,10.202000
8,5,David Alan Grier,0.002723,0.272278,7.333333,淘汰,10202,10.202000
8,6,Lil' Kim,0.164189,16.418887,9.333333,存活,36719,36.719000
8,6,Melissa Rycroft,0.154518,15.451783,9.000000,存活,36719,36.719000
8,6,Shawn Johnson,0.151267,15.126709,8.666667,存活,36719,36.719000
8,6,Chuck Wicks,0.135904,13.590361,7.666667,存活,36719,36.719000
8,6,Lawrence Taylor,0.128956,12.895634,7.333333,存活,36719,36.719000
8,6,Gilles Marini,0.124560,12.455993,8.666667,存活,36719,36.719000
8,6,Ty Murray,0.106410,10.641001,6.000000,存活,36719,36.719000
8,6,Steve-O,0.034196,3.419632,5.333333,淘汰,36719,36.719000
8,7,Melissa Rycroft,0.169651,16.965135,9.666667,存活,40909,40.909000
8,7,Shawn Johnson,0.168281,16.828105,9.333333,存活,40909,40.909000
8,7,Chuck Wicks,0.164312,16.431236,9.000000,存活,40909,40.909000
8,7,Lil' Kim,0.157777,15.777703,8.666667,存活,40909,40.909000
8,7,Ty Murray,0.144626,14.462555,8.000000,存活,40909,40.909000
8,7,Gilles Marini,0.133355,13.335503,9.000000,存活,40909,40.909000
8,7,Lawrence Taylor,0.061998,6.199764,7.000000,淘汰,40909,40.909000
8,8,Melissa Rycroft,0.225112,22.511172,7.666667,存活,16177,16.177000
8,8,Lil' Kim,0.209539,20.953898,9.333333,存活,16177,16.177000
8,8,Ty Murray,0.195948,19.594816,8.666667,存活,16177,16.177000
8,8,Shawn Johnson,0.194797,19.479681,8.666667,存活,16177,16.177000
8,8,Gilles Marini,0.171087,17.108704,9.166667,存活,16177,16.177000
8,8,Chuck Wicks,0.003517,0.351729,8.500000,淘汰,16177,16.177000
8,9,Ty Murray,0.283251,28.325139,7.666667,存活,16068,16.068000
8,9,Shawn Johnson,0.251349,25.134880,9.333333,存活,16068,16.068000
8,9,Melissa Rycroft,0.251301,25.130056,9.500000,存活,16068,16.068000
8,9,Gilles Marini,0.209842,20.984228,9.333333,存活,16068,16.068000
8,9,Lil' Kim,0.004257,0.425696,8.666667,淘汰,16068,16.068000
8,10,Shawn Johnson,0.295617,29.561664,9.333333,存活,60581,60.581000
8,10,Melissa Rycroft,0.285548,28.554777,9.166667,存活,60581,60.581000
8,10,Gilles Marini,0.259719,25.971866,10.000000,存活,60581,60.581000
8,10,Ty Murray,0.159117,15.911694,8.000000,淘汰,60581,60.581000
8,11,Shawn Johnson,0.360143,36.014264,10.000000,存活,100000,100.000000
8,11,Melissa Rycroft,0.341718,34.171768,9.500000,存活,100000,100.000000
8,11,Gilles Marini,0.298140,29.813968,9.666667,存活,100000,100.000000
9,1,Aaron Carter,0.084245,8.424522,10.666633,存活,32908,32.908000
9,1,Mya,0.081957,8.195748,10.333300,存活,32908,32.908000
9,1,Donny Osmond,0.078669,7.866885,9.999967,存活,32908,32.908000
9,1,Mark Dacascos,0.077639,7.763879,9.666600,存活,32908,32.908000
9,1,Natalie Coughlin,0.070956,7.095581,8.999933,存活,32908,32.908000
9,1,Joanna Krupa,0.070738,7.073768,11.333300,存活,32908,32.908000
9,1,Louie Vito,0.070369,7.036918,8.999933,存活,32908,32.908000
9,1,Melissa Joan Hart,0.064773,6.477323,8.000000,存活,32908,32.908000
9,1,Kelly Osbourne,0.063729,6.372880,10.333267,存活,32908,32.908000
9,1,Debi Mazar,0.059134,5.913439,7.333333,存活,32908,32.908000
9,1,Chuck Liddell,0.058235,5.823487,7.333333,存活,32908,32.908000
9,1,Michael Irvin,0.057317,5.731650,6.333333,存活,32908,32.908000
9,1,Kathy Ireland,0.052236,5.223598,6.666633,存活,32908,32.908000
9,1,Tom DeLay,0.050236,5.023643,6.666633,存活,32908,32.908000
9,1,Ashley Hamiliton,0.030286,3.028595,6.333300,淘汰,32908,32.908000
9,1,Macy Gray,0.029481,2.948083,6.333300,淘汰,32908,32.908000
9,2,Mya,0.098923,9.892345,9.000000,存活,16817,16.817000
9,2,Aaron Carter,0.098897,9.889691,9.000000,存活,16817,16.817000
9,2,Donny Osmond,0.091594,9.159393,8.333333,存活,16817,16.817000
9,2,Mark Dacascos,0.078748,7.874775,7.000000,存活,16817,16.817000
9,2,Debi Mazar,0.078602,7.860213,7.000000,存活,16817,16.817000
9,2,Natalie Coughlin,0.077125,7.712463,7.000000,存活,16817,16.817000
9,2,Tom DeLay,0.076266,7.626633,6.000000,存活,16817,16.817000
9,2,Michael Irvin,0.073228,7.322836,6.666667,存活,16817,16.817000
9,2,Melissa Joan Hart,0.071451,7.145084,6.333333,存活,16817,16.817000
9,2,Louie Vito,0.069623,6.962296,6.333333,存活,16817,16.817000
9,2,Chuck Liddell,0.069536,6.953567,6.333333,存活,16817,16.817000
9,2,Joanna Krupa,0.058516,5.851626,6.666667,存活,16817,16.817000
9,2,Kelly Osbourne,0.055226,5.522579,6.333333,存活,16817,16.817000
9,2,Kathy Ireland,0.002265,0.226499,6.000000,淘汰,16817,16.817000
9,3,Mya,0.110482,11.048185,9.000000,存活,11024,11.024000
9,3,Natalie Coughlin,0.106466,10.646601,8.666667,存活,11024,11.024000
9,3,Aaron Carter,0.087062,8.706211,7.000000,存活,11024,11.024000
9,3,Donny Osmond,0.086743,8.674321,7.000000,存活,11024,11.024000
9,3,Louie Vito,0.081997,8.199660,6.666667,存活,11024,11.024000
9,3,Chuck Liddell,0.081956,8.195605,5.666667,存活,11024,11.024000
9,3,Melissa Joan Hart,0.079449,7.944940,6.333333,存活,11024,11.024000
9,3,Mark Dacascos,0.075280,7.527986,6.000000,存活,11024,11.024000
9,3,Joanna Krupa,0.075016,7.501561,7.666667,存活,11024,11.024000
9,3,Tom DeLay,0.074585,7.458451,5.000000,存活,11024,11.024000
9,3,Michael Irvin,0.073174,7.317408,4.666667,存活,11024,11.024000
9,3,Kelly Osbourne,0.065025,6.502497,6.666667,存活,11024,11.024000
9,3,Debi Mazar,0.002766,0.276572,5.666667,淘汰,11024,11.024000
9,4,Melissa Joan Hart,0.125581,12.558086,9.333333,存活,12664,12.664000
9,4,Mya,0.125342,12.534162,9.333333,存活,12664,12.664000
9,4,Donny Osmond,0.106657,10.665713,8.000000,存活,12664,12.664000
9,4,Natalie Coughlin,0.105862,10.586221,8.000000,存活,12664,12.664000
9,4,Mark Dacascos,0.099167,9.916652,7.333333,存活,12664,12.664000
9,4,Joanna Krupa,0.091473,9.147347,8.666667,存活,12664,12.664000
9,4,Louie Vito,0.090681,9.068060,5.333333,存活,12664,12.664000
9,4,Michael Irvin,0.090660,9.065985,5.333333,存活,12664,12.664000
9,4,Kelly Osbourne,0.081192,8.119215,7.666667,存活,12664,12.664000
9,4,Aaron Carter,0.080438,8.043755,6.000000,存活,12664,12.664000
9,4,Chuck Liddell,0.002948,0.294804,5.666667,淘汰,12664,12.664000
9,5,Donny Osmond,0.131713,13.171332,9.666667,存活,14330,14.330000
9,5,Michael Irvin,0.122344,12.234443,7.000000,存活,14330,14.330000
9,5,Mya,0.121977,12.197703,9.000000,存活,14330,14.330000
9,5,Mark Dacascos,0.119584,11.958375,8.666667,存活,14330,14.330000
9,5,Louie Vito,0.112899,11.289851,7.333333,存活,14330,14.330000
9,5,Aaron Carter,0.109763,10.976271,8.000000,存活,14330,14.330000
9,5,Melissa Joan Hart,0.107091,10.709060,7.666667,存活,14330,14.330000
9,5,Joanna Krupa,0.086368,8.636806,8.000000,存活,14330,14.330000
9,5,Kelly Osbourne,0.085879,8.587851,8.000000,存活,14330,14.330000
9,5,Natalie Coughlin,0.002383,0.238308,7.333333,淘汰,14330,14.330000
9,6,Mya,0.141339,14.133893,11.000000,存活,28860,28.860000
9,6,Aaron Carter,0.140994,14.099379,10.999933,存活,28860,28.860000
9,6,Mark Dacascos,0.137888,13.788772,10.666667,存活,28860,28.860000
9,6,Donny Osmond,0.133256,13.325559,10.333300,存活,28860,28.860000
9,6,Michael Irvin,0.121258,12.125777,7.333267,存活,28860,28.860000
9,6,Joanna Krupa,0.121216,12.121629,11.999967,存活,28860,28.860000
9,6,Kelly Osbourne,0.085169,8.516927,8.333267,存活,28860,28.860000
9,6,Melissa Joan Hart,0.059858,5.985754,7.999967,淘汰,28860,28.860000
9,6,Louie Vito,0.059023,5.902311,8.000000,淘汰,28860,28.860000
9,7,Aaron Carter,0.174276,17.427575,8.833333,存活,56933,56.933000
9,7,Donny Osmond,0.171177,17.117663,8.666667,存活,56933,56.933000
9,7,Mya,0.161937,16.193747,8.166667,存活,56933,56.933000
9,7,Joanna Krupa,0.143171,14.317125,9.166667,存活,56933,56.933000
9,7,Kelly Osbourne,0.134445,13.444472,8.666667,存活,56933,56.933000
9,7,Michael Irvin,0.110791,11.079072,7.833333,淘汰,56933,56.933000
9,7,Mark Dacascos,0.104203,10.420346,7.166667,淘汰,56933,56.933000
9,8,Mya,0.290818,29.081845,9.833333,存活,18021,18.021000
9,8,Donny Osmond,0.289073,28.907342,8.333333,存活,18021,18.021000
9,8,Joanna Krupa,0.210604,21.060364,8.666667,存活,18021,18.021000
9,8,Kelly Osbourne,0.204653,20.465339,8.500000,存活,18021,18.021000
9,8,Aaron Carter,0.004851,0.485110,8.333333,淘汰,18021,18.021000
9,9,Donny Osmond,0.371605,37.160508,8.222200,存活,12976,12.976000
9,9,Mya,0.316173,31.617315,9.666633,存活,12976,12.976000
9,9,Kelly Osbourne,0.304294,30.429377,8.666600,存活,12976,12.976000
9,9,Joanna Krupa,0.007928,0.792799,9.000000,淘汰,12976,12.976000
9,10,Donny Osmond,0.368252,36.825159,9.666600,存活,100000,100.000000
9,10,Mya,0.362466,36.246586,9.444400,存活,100000,100.000000
9,10,Kelly Osbourne,0.269283,26.928255,8.407400,存活,100000,100.000000
10,1,Nicole Scherzinger,0.123434,12.343389,8.333333,存活,100000,100.000000
10,1,Evan Lysacek,0.112787,11.278654,7.666667,存活,100000,100.000000
10,1,Erin Andrews,0.100340,10.033965,7.000000,存活,100000,100.000000
10,1,Jake Pavelka,0.096564,9.656359,6.666667,存活,100000,100.000000
10,1,Niecy Nash,0.090740,9.074042,6.000000,存活,100000,100.000000
10,1,Shannen Doherty,0.090382,9.038234,6.000000,存活,100000,100.000000
10,1,Chad Ochocinco,0.089119,8.911941,6.000000,存活,100000,100.000000
10,1,Pamela Anderson,0.082387,8.238704,7.000000,存活,100000,100.000000
10,1,Kate Gosselin,0.078134,7.813398,5.333333,存活,100000,100.000000
10,1,Buzz Aldrin,0.074783,7.478347,4.666667,存活,100000,100.000000
10,1,Aiden Turner,0.061330,6.132967,5.000000,存活,100000,100.000000
10,2,Nicole Scherzinger,0.130248,13.024769,9.333333,存活,6981,6.981000
10,2,Jake Pavelka,0.112327,11.232653,6.666667,存活,6981,6.981000
10,2,Evan Lysacek,0.111895,11.189496,8.000000,存活,6981,6.981000
10,2,Erin Andrews,0.105228,10.522823,7.666667,存活,6981,6.981000
10,2,Niecy Nash,0.099948,9.994772,7.000000,存活,6981,6.981000
10,2,Chad Ochocinco,0.096220,9.621992,5.333333,存活,6981,6.981000
10,2,Aiden Turner,0.093274,9.327356,6.333333,存活,6981,6.981000
10,2,Kate Gosselin,0.088443,8.844260,5.000000,存活,6981,6.981000
10,2,Pamela Anderson,0.082620,8.262039,7.333333,存活,6981,6.981000
10,2,Buzz Aldrin,0.077084,7.708359,4.000000,存活,6981,6.981000
10,2,Shannen Doherty,0.002715,0.271482,6.666667,淘汰,6981,6.981000
10,3,Evan Lysacek,0.138256,13.825596,8.666667,存活,30925,30.925000
10,3,Nicole Scherzinger,0.123960,12.396002,7.666667,存活,30925,30.925000
10,3,Erin Andrews,0.118992,11.899191,7.666667,存活,30925,30.925000
10,3,Niecy Nash,0.115031,11.503083,7.000000,存活,30925,30.925000
10,3,Jake Pavelka,0.110599,11.059865,7.000000,存活,30925,30.925000
10,3,Chad Ochocinco,0.107613,10.761310,6.666667,存活,30925,30.925000
10,3,Pamela Anderson,0.089558,8.955777,7.000000,存活,30925,30.925000
10,3,Aiden Turner,0.088034,8.803410,6.666667,存活,30925,30.925000
10,3,Kate Gosselin,0.079762,7.976194,5.000000,存活,30925,30.925000
10,3,Buzz Aldrin,0.028196,2.819573,4.333333,淘汰,30925,30.925000
10,4,Evan Lysacek,0.150292,15.029202,8.666667,存活,29284,29.284000
10,4,Nicole Scherzinger,0.145967,14.596662,8.333333,存活,29284,29.284000
10,4,Chad Ochocinco,0.127008,12.700814,7.333333,存活,29284,29.284000
10,4,Erin Andrews,0.110534,11.053380,6.500000,存活,29284,29.284000
10,4,Jake Pavelka,0.108564,10.856385,6.333333,存活,29284,29.284000
10,4,Pamela Anderson,0.108486,10.848564,7.833333,存活,29284,29.284000
10,4,Niecy Nash,0.106915,10.691462,6.000000,存活,29284,29.284000
10,4,Kate Gosselin,0.105837,10.583698,5.333333,存活,29284,29.284000
10,4,Aiden Turner,0.036398,3.639833,5.500000,淘汰,29284,29.284000
10,5,Nicole Scherzinger,0.181883,18.188328,9.666667,存活,36755,36.755000
10,5,Evan Lysacek,0.167658,16.765760,9.000000,存活,36755,36.755000
10,5,Jake Pavelka,0.140681,14.068062,7.666667,存活,36755,36.755000
10,5,Erin Andrews,0.133578,13.357810,7.333333,存活,36755,36.755000
10,5,Niecy Nash,0.115306,11.530622,6.000000,存活,36755,36.755000
10,5,Chad Ochocinco,0.113414,11.341429,6.000000,存活,36755,36.755000
10,5,Pamela Anderson,0.104780,10.478010,7.000000,存活,36755,36.755000
10,5,Kate Gosselin,0.042700,4.269978,5.000000,淘汰,36755,36.755000
10,6,Nicole Scherzinger,0.190998,19.099823,11.999967,存活,41319,41.319000
10,6,Erin Andrews,0.173150,17.315005,11.333333,存活,41319,41.319000
10,6,Chad Ochocinco,0.163170,16.317029,10.333300,存活,41319,41.319000
10,6,Evan Lysacek,0.143040,14.304041,9.000000,存活,41319,41.319000
10,6,Niecy Nash,0.140701,14.070052,8.666600,存活,41319,41.319000
10,6,Pamela Anderson,0.125887,12.588681,9.999933,存活,41319,41.319000
10,6,Jake Pavelka,0.063054,6.305368,8.333300,淘汰,41319,41.319000
10,7,Niecy Nash,0.193945,19.394523,8.166667,存活,42348,42.348000
10,7,Nicole Scherzinger,0.187540,18.753983,9.000000,存活,42348,42.348000
10,7,Evan Lysacek,0.185535,18.553527,9.000000,存活,42348,42.348000
10,7,Chad Ochocinco,0.178421,17.842097,8.666667,存活,42348,42.348000
10,7,Erin Andrews,0.170359,17.035879,8.500000,存活,42348,42.348000
10,7,Pamela Anderson,0.084200,8.419991,8.500000,淘汰,42348,42.348000
10,8,Nicole Scherzinger,0.252425,25.242543,9.833333,存活,51317,51.317000
10,8,Evan Lysacek,0.226375,22.637537,8.833333,存活,51317,51.317000
10,8,Erin Andrews,0.220066,22.006607,8.833333,存活,51317,51.317000
10,8,Chad Ochocinco,0.193002,19.300168,7.500000,存活,51317,51.317000
10,8,Niecy Nash,0.108131,10.813144,7.166667,淘汰,51317,51.317000
10,9,Nicole Scherzinger,0.289640,28.964006,9.833333,存活,60583,60.583000
10,9,Evan Lysacek,0.287492,28.749153,9.833333,存活,60583,60.583000
10,9,Erin Andrews,0.265157,26.515700,9.333333,存活,60583,60.583000
10,9,Chad Ochocinco,0.157711,15.771141,8.666667,淘汰,60583,60.583000
10,10,Nicole Scherzinger,0.349085,34.908507,9.592567,存活,100000,100.000000
10,10,Evan Lysacek,0.328465,32.846516,8.962900,存活,100000,100.000000
10,10,Erin Andrews,0.322450,32.244977,8.999933,存活,100000,100.000000
11,1,Jennifer Grey,0.112511,11.251148,8.000000,存活,14590,14.590000
11,1,Kyle Massey,0.108471,10.847102,7.666667,存活,14590,14.590000
11,1,Brandy,0.107594,10.759393,7.666667,存活,14590,14.590000
11,1,Kurt Warner,0.087819,8.781914,6.333333,存活,14590,14.590000
11,1,Audrina Patridge,0.086818,8.681807,6.333333,存活,14590,14.590000
11,1,Florence Henderson,0.085051,8.505071,6.000000,存活,14590,14.590000
11,1,Bristol Palin,0.082660,8.265996,6.000000,存活,14590,14.590000
11,1,Margaret Cho,0.082493,8.249303,5.000000,存活,14590,14.590000
11,1,The Situation,0.082471,8.247076,5.000000,存活,14590,14.590000
11,1,Rick Fox,0.082255,8.225540,7.333333,存活,14590,14.590000
11,1,Michael Bolton,0.076055,7.605452,5.333333,存活,14590,14.590000
11,1,David Hasselhoff,0.005802,0.580199,5.000000,淘汰,14590,14.590000
11,2,Jennifer Grey,0.116428,11.642755,8.000000,存活,28511,28.511000
11,2,Audrina Patridge,0.107582,10.758205,7.666667,存活,28511,28.511000
11,2,Kyle Massey,0.107490,10.748984,7.333333,存活,28511,28.511000
11,2,Bristol Palin,0.102986,10.298577,7.333333,存活,28511,28.511000
11,2,Brandy,0.101564,10.156376,7.000000,存活,28511,28.511000
11,2,Kurt Warner,0.100340,10.034026,7.000000,存活,28511,28.511000
11,2,Florence Henderson,0.093270,9.326964,6.333333,存活,28511,28.511000
11,2,Margaret Cho,0.084829,8.482913,6.000000,存活,28511,28.511000
11,2,The Situation,0.084782,8.478162,6.000000,存活,28511,28.511000
11,2,Rick Fox,0.080919,8.091876,7.000000,存活,28511,28.511000
11,2,Michael Bolton,0.019812,1.981162,4.000000,淘汰,28511,28.511000
11,3,Audrina Patridge,0.123913,12.391309,8.666667,存活,30926,30.926000
11,3,Jennifer Grey,0.119322,11.932234,8.000000,存活,30926,30.926000
11,3,Brandy,0.118029,11.802927,8.000000,存活,30926,30.926000
11,3,Kyle Massey,0.114315,11.431467,7.666667,存活,30926,30.926000
11,3,Kurt Warner,0.111916,11.191606,7.666667,存活,30926,30.926000
11,3,Florence Henderson,0.099870,9.986975,6.666667,存活,30926,30.926000
11,3,The Situation,0.096359,9.635899,6.666667,存活,30926,30.926000
11,3,Rick Fox,0.094257,9.425715,8.000000,存活,30926,30.926000
11,3,Bristol Palin,0.091480,9.148017,6.333333,存活,30926,30.926000
11,3,Margaret Cho,0.030539,3.053852,6.000000,淘汰,30926,30.926000
11,4,Jennifer Grey,0.168260,16.826002,9.333333,存活,33379,33.379000
11,4,Brandy,0.144252,14.425211,8.000000,存活,33379,33.379000
11,4,Audrina Patridge,0.134028,13.402762,7.666667,存活,33379,33.379000
11,4,Kyle Massey,0.121780,12.178003,6.666667,存活,33379,33.379000
11,4,Florence Henderson,0.107234,10.723352,5.833333,存活,33379,33.379000
11,4,Kurt Warner,0.102343,10.234284,5.666667,存活,33379,33.379000
11,4,Bristol Palin,0.094675,9.467534,5.333333,存活,33379,33.379000
11,4,Rick Fox,0.093493,9.349307,6.500000,存活,33379,33.379000
11,4,The Situation,0.033935,3.393543,4.666667,淘汰,33379,33.379000
11,5,Brandy,0.159207,15.920697,9.000000,存活,12873,12.873000
11,5,Kyle Massey,0.157238,15.723800,6.666667,存活,12873,12.873000
11,5,Jennifer Grey,0.151036,15.103564,8.333333,存活,12873,12.873000
11,5,Kurt Warner,0.143336,14.333575,8.000000,存活,12873,12.873000
11,5,Bristol Palin,0.136158,13.615781,6.000000,存活,12873,12.873000
11,5,Audrina Patridge,0.134663,13.466320,7.666667,存活,12873,12.873000
11,5,Rick Fox,0.115041,11.504074,8.000000,存活,12873,12.873000
11,5,Florence Henderson,0.003322,0.332189,7.000000,淘汰,12873,12.873000
11,6,Kyle Massey,0.189323,18.932281,9.999967,存活,6430,6.430000
11,6,Jennifer Grey,0.183106,18.310570,9.666667,存活,6430,6.430000
11,6,Brandy,0.171048,17.104834,11.999967,存活,6430,6.430000
11,6,Bristol Palin,0.170086,17.008607,9.333267,存活,6430,6.430000
11,6,Rick Fox,0.148526,14.852618,10.000000,存活,6430,6.430000
11,6,Kurt Warner,0.136218,13.621817,7.333300,存活,6430,6.430000
11,6,Audrina Patridge,0.001693,0.169273,10.666600,淘汰,6430,6.430000
11,7,Kyle Massey,0.188444,18.844432,8.375000,存活,38323,38.323000
11,7,Jennifer Grey,0.185511,18.551101,9.125000,存活,38323,38.323000
11,7,Brandy,0.183556,18.355624,9.125000,存活,38323,38.323000
11,7,Bristol Palin,0.175991,17.599110,8.125000,存活,38323,38.323000
11,7,Kurt Warner,0.175122,17.512196,8.750000,存活,38323,38.323000
11,7,Rick Fox,0.091375,9.137537,8.625000,淘汰,38323,38.323000
11,8,Bristol Palin,0.254995,25.499494,7.833333,存活,18593,18.593000
11,8,Jennifer Grey,0.240292,24.029198,9.500000,存活,18593,18.593000
11,8,Brandy,0.239450,23.944981,9.500000,存活,18593,18.593000
11,8,Kyle Massey,0.238280,23.828026,9.333333,存活,18593,18.593000
11,8,Kurt Warner,0.026983,2.698301,8.000000,淘汰,18593,18.593000
11,9,Bristol Palin,0.376084,37.608446,8.833333,存活,15998,15.998000
11,9,Jennifer Grey,0.311836,31.183586,10.000000,存活,15998,15.998000
11,9,Kyle Massey,0.307049,30.704918,9.666667,存活,15998,15.998000
11,9,Brandy,0.005030,0.503050,9.500000,淘汰,15998,15.998000
11,10,Jennifer Grey,0.359301,35.930063,10.000000,存活,100000,100.000000
11,10,Kyle Massey,0.333191,33.319069,9.111067,存活,100000,100.000000
11,10,Bristol Palin,0.307509,30.750868,8.555533,存活,100000,100.000000
12,1,Ralph Macchio,0.121005,12.100547,8.000000,存活,100000,100.000000
12,1,Kirstie Alley,0.116187,11.618724,7.666667,存活,100000,100.000000
12,1,Chelsea Kane,0.106744,10.674390,7.000000,存活,100000,100.000000
12,1,Romeo,0.096318,9.631848,6.333333,存活,100000,100.000000
12,1,Chris Jericho,0.095024,9.502420,6.333333,存活,100000,100.000000
12,1,Kendra Wilkinson,0.088638,8.863819,6.000000,存活,100000,100.000000
12,1,Sugar Ray Leonard,0.085729,8.572946,5.666667,存活,100000,100.000000
12,1,Hines Ward,0.084406,8.440649,7.000000,存活,100000,100.000000
12,1,Petra Nemcova,0.072086,7.208584,6.000000,存活,100000,100.000000
12,1,Wendy Williams,0.069630,6.962976,4.666667,存活,100000,100.000000
12,1,Mike Catherwood,0.064231,6.423097,4.333333,存活,100000,100.000000
12,2,Romeo,0.118509,11.850919,7.666667,存活,17567,17.567000
12,2,Chris Jericho,0.117584,11.758442,7.666667,存活,17567,17.567000
12,2,Ralph Macchio,0.110051,11.005073,7.000000,存活,17567,17.567000
12,2,Kirstie Alley,0.105576,10.557591,6.666667,存活,17567,17.567000
12,2,Kendra Wilkinson,0.095996,9.599623,6.333333,存活,17567,17.567000
12,2,Chelsea Kane,0.094344,9.434354,6.000000,存活,17567,17.567000
12,2,Wendy Williams,0.093866,9.386629,5.666667,存活,17567,17.567000
12,2,Hines Ward,0.093745,9.374504,7.666667,存活,17567,17.567000
12,2,Sugar Ray Leonard,0.092482,9.248222,5.666667,存活,17567,17.567000
12,2,Petra Nemcova,0.074066,7.406556,6.000000,存活,17567,17.567000
12,2,Mike Catherwood,0.003781,0.378087,5.666667,淘汰,17567,17.567000
12,3,Chelsea Kane,0.119796,11.979619,7.666667,存活,30966,30.966000
12,3,Kendra Wilkinson,0.114931,11.493074,7.666667,存活,30966,30.966000
12,3,Ralph Macchio,0.110006,11.000638,7.000000,存活,30966,30.966000
12,3,Kirstie Alley,0.109577,10.957749,7.000000,存活,30966,30.966000
12,3,Chris Jericho,0.108036,10.803554,7.000000,存活,30966,30.966000
12,3,Romeo,0.103706,10.370562,6.666667,存活,30966,30.966000
12,3,Sugar Ray Leonard,0.102457,10.245666,6.666667,存活,30966,30.966000
12,3,Hines Ward,0.102425,10.242536,8.333333,存活,30966,30.966000
12,3,Petra Nemcova,0.101494,10.149430,8.333333,存活,30966,30.966000
12,3,Wendy Williams,0.027572,2.757172,5.000000,淘汰,30966,30.966000
12,4,Chelsea Kane,0.144904,14.490416,8.666667,存活,15896,15.896000
12,4,Ralph Macchio,0.139354,13.935446,8.333333,存活,15896,15.896000
12,4,Romeo,0.127905,12.790535,7.666667,存活,15896,15.896000
12,4,Chris Jericho,0.125302,12.530193,7.666667,存活,15896,15.896000
12,4,Kendra Wilkinson,0.125228,12.522819,6.000000,存活,15896,15.896000
12,4,Kirstie Alley,0.123379,12.337902,7.333333,存活,15896,15.896000
12,4,Hines Ward,0.109927,10.992708,8.333333,存活,15896,15.896000
12,4,Petra Nemcova,0.100999,10.099937,7.666667,存活,15896,15.896000
12,4,Sugar Ray Leonard,0.003000,0.300044,7.000000,淘汰,15896,15.896000
12,5,Chelsea Kane,0.150279,15.027909,8.666667,存活,36524,36.524000
12,5,Romeo,0.148695,14.869523,8.666667,存活,36524,36.524000
12,5,Chris Jericho,0.148308,14.830822,8.666667,存活,36524,36.524000
12,5,Kirstie Alley,0.133792,13.379230,7.666667,存活,36524,36.524000
12,5,Ralph Macchio,0.127832,12.783198,7.333333,存活,36524,36.524000
12,5,Hines Ward,0.123536,12.353592,9.000000,存活,36524,36.524000
12,5,Kendra Wilkinson,0.123152,12.315150,7.333333,存活,36524,36.524000
12,5,Petra Nemcova,0.044406,4.440576,7.333333,淘汰,36524,36.524000
12,6,Chelsea Kane,0.173145,17.314526,9.333333,存活,41144,41.144000
12,6,Romeo,0.171208,17.120799,9.333333,存活,41144,41.144000
12,6,Kirstie Alley,0.160261,16.026065,8.666667,存活,41144,41.144000
12,6,Kendra Wilkinson,0.149218,14.921788,8.333333,存活,41144,41.144000
12,6,Ralph Macchio,0.148798,14.879777,8.000000,存活,41144,41.144000
12,6,Hines Ward,0.132104,13.210429,9.000000,存活,41144,41.144000
12,6,Chris Jericho,0.065266,6.526616,7.333333,淘汰,41144,41.144000
12,7,Kirstie Alley,0.217713,21.771272,7.500000,存活,16282,16.282000
12,7,Romeo,0.215692,21.569188,7.500000,存活,16282,16.282000
12,7,Ralph Macchio,0.190326,19.032581,8.250000,存活,16282,16.282000
12,7,Chelsea Kane,0.185781,18.578141,8.000000,存活,16282,16.282000
12,7,Hines Ward,0.153385,15.338511,8.250000,存活,16282,16.282000
12,7,Kendra Wilkinson,0.037103,3.710306,7.625000,淘汰,16282,16.282000
12,8,Ralph Macchio,0.291288,29.128843,7.666667,存活,16032,16.032000
12,8,Chelsea Kane,0.257357,25.735662,9.166667,存活,16032,16.032000
12,8,Kirstie Alley,0.245422,24.542223,8.833333,存活,16032,16.032000
12,8,Hines Ward,0.201639,20.163907,9.000000,存活,16032,16.032000
12,8,Romeo,0.004294,0.429366,8.666667,淘汰,16032,16.032000
12,9,Chelsea Kane,0.352115,35.211499,12.166667,存活,60704,60.704000
12,9,Kirstie Alley,0.265887,26.588707,9.000000,存活,60704,60.704000
12,9,Hines Ward,0.234665,23.466457,10.000000,存活,60704,60.704000
12,9,Ralph Macchio,0.147333,14.733337,8.000000,淘汰,60704,60.704000
12,10,Chelsea Kane,0.361398,36.139766,9.888867,存活,100000,100.000000
12,10,Kirstie Alley,0.343761,34.376051,9.333300,存活,100000,100.000000
12,10,Hines Ward,0.294842,29.484183,9.888867,存活,100000,100.000000
13,1,J.R. Martinez,0.110392,11.039192,7.333333,存活,20413,20.413000
13,1,Chynna Phillips,0.109958,10.995769,7.333333,存活,20413,20.413000
13,1,Hope Solo,0.103953,10.395260,7.000000,存活,20413,20.413000
13,1,Ricki Lake,0.101215,10.121540,6.666667,存活,20413,20.413000
13,1,Kristin Cavallari,0.091795,9.179521,6.333333,存活,20413,20.413000
13,1,David Arquette,0.091616,9.161568,6.000000,存活,20413,20.413000
13,1,Carson Kressley,0.083246,8.324624,5.666667,存活,20413,20.413000
13,1,Chaz Bono,0.083146,8.314605,5.666667,存活,20413,20.413000
13,1,Rob Kardashian,0.078625,7.862465,5.333333,存活,20413,20.413000
13,1,Nancy Grace,0.078509,7.850910,5.333333,存活,20413,20.413000
13,1,Elisabetta Canalis,0.061875,6.187544,5.000000,存活,20413,20.413000
13,1,Metta World Peace (Ron),0.005670,0.567004,4.666667,淘汰,20413,20.413000
13,2,Hope Solo,0.109407,10.940684,6.333333,存活,8435,8.435000
13,2,David Arquette,0.105611,10.561111,6.000000,存活,8435,8.435000
13,2,Ricki Lake,0.105336,10.533618,7.666667,存活,8435,8.435000
13,2,Carson Kressley,0.101601,10.160118,6.000000,存活,8435,8.435000
13,2,J.R. Martinez,0.100948,10.094786,7.333333,存活,8435,8.435000
13,2,Kristin Cavallari,0.097238,9.723803,7.333333,存活,8435,8.435000
13,2,Chaz Bono,0.095984,9.598410,5.666667,存活,8435,8.435000
13,2,Chynna Phillips,0.095120,9.512036,7.000000,存活,8435,8.435000
13,2,Nancy Grace,0.093881,9.388097,7.000000,存活,8435,8.435000
13,2,Rob Kardashian,0.092888,9.288826,7.000000,存活,8435,8.435000
13,2,Elisabetta Canalis,0.001985,0.198510,7.000000,淘汰,8435,8.435000
13,3,Carson Kressley,0.122488,12.248764,7.666667,存活,8470,8.470000
13,3,Ricki Lake,0.116215,11.621539,9.000000,存活,8470,8.470000
13,3,J.R. Martinez,0.111901,11.190086,8.666667,存活,8470,8.470000
13,3,Nancy Grace,0.111838,11.183847,7.000000,存活,8470,8.470000
13,3,Rob Kardashian,0.111667,11.166726,8.000000,存活,8470,8.470000
13,3,Chynna Phillips,0.110780,11.078009,8.666667,存活,8470,8.470000
13,3,Hope Solo,0.109802,10.980235,8.000000,存活,8470,8.470000
13,3,David Arquette,0.107451,10.745117,8.000000,存活,8470,8.470000
13,3,Chaz Bono,0.095895,9.589451,6.000000,存活,8470,8.470000
13,3,Kristin Cavallari,0.001962,0.196227,8.000000,淘汰,8470,8.470000
13,4,Ricki Lake,0.143584,14.358421,9.666667,存活,11575,11.575000
13,4,J.R. Martinez,0.129971,12.997099,8.666667,存活,11575,11.575000
13,4,Carson Kressley,0.124969,12.496878,6.666667,存活,11575,11.575000
13,4,Nancy Grace,0.122578,12.257770,7.000000,存活,11575,11.575000
13,4,Chaz Bono,0.122546,12.254581,7.000000,存活,11575,11.575000
13,4,Hope Solo,0.120033,12.003339,8.000000,存活,11575,11.575000
13,4,Rob Kardashian,0.117577,11.757715,8.000000,存活,11575,11.575000
13,4,David Arquette,0.116031,11.603120,7.666667,存活,11575,11.575000
13,4,Chynna Phillips,0.002711,0.271076,7.000000,淘汰,11575,11.575000
13,5,J.R. Martinez,0.160222,16.022215,9.333333,存活,36769,36.769000
13,5,David Arquette,0.143020,14.301998,8.333333,存活,36769,36.769000
13,5,Rob Kardashian,0.138057,13.805686,8.333333,存活,36769,36.769000
13,5,Ricki Lake,0.137849,13.784937,8.000000,存活,36769,36.769000
13,5,Hope Solo,0.135235,13.523460,8.000000,存活,36769,36.769000
13,5,Nancy Grace,0.122021,12.202133,7.333333,存活,36769,36.769000
13,5,Chaz Bono,0.116586,11.658574,7.000000,存活,36769,36.769000
13,5,Carson Kressley,0.047010,4.700997,6.333333,淘汰,36769,36.769000
13,6,J.R. Martinez,0.186971,18.697084,9.666667,存活,40803,40.803000
13,6,Ricki Lake,0.186567,18.656651,9.666667,存活,40803,40.803000
13,6,Nancy Grace,0.150489,15.048940,8.000000,存活,40803,40.803000
13,6,David Arquette,0.149617,14.961724,7.666667,存活,40803,40.803000
13,6,Rob Kardashian,0.138319,13.831891,7.333333,存活,40803,40.803000
13,6,Hope Solo,0.128817,12.881741,6.666667,存活,40803,40.803000
13,6,Chaz Bono,0.059220,5.921968,6.333333,淘汰,40803,40.803000
13,7,Nancy Grace,0.220036,22.003555,7.333333,存活,15906,15.906000
13,7,Ricki Lake,0.205524,20.552438,8.833333,存活,15906,15.906000
13,7,Rob Kardashian,0.191728,19.172796,8.500000,存活,15906,15.906000
13,7,Hope Solo,0.190246,19.024582,8.333333,存活,15906,15.906000
13,7,J.R. Martinez,0.188536,18.853607,8.000000,存活,15906,15.906000
13,7,David Arquette,0.003930,0.393024,7.833333,淘汰,15906,15.906000
13,8,J.R. Martinez,0.251049,25.104865,10.000000,存活,52722,52.722000
13,8,Ricki Lake,0.219665,21.966528,8.666667,存活,52722,52.722000
13,8,Hope Solo,0.215890,21.589015,8.666667,存活,52722,52.722000
13,8,Rob Kardashian,0.207661,20.766075,8.500000,存活,52722,52.722000
13,8,Nancy Grace,0.105735,10.573516,7.333333,淘汰,52722,52.722000
13,9,Ricki Lake,0.308819,30.881896,11.166633,存活,60767,60.767000
13,9,Rob Kardashian,0.290021,29.002076,10.833267,存活,60767,60.767000
13,9,J.R. Martinez,0.260866,26.086557,9.333333,存活,60767,60.767000
13,9,Hope Solo,0.140295,14.029471,8.166600,淘汰,60767,60.767000
13,10,J.R. Martinez,0.336566,33.656618,9.388833,存活,100000,100.000000
13,10,Ricki Lake,0.334871,33.487072,9.333300,存活,100000,100.000000
13,10,Rob Kardashian,0.328563,32.856310,9.444400,存活,100000,100.000000
14,1,Jaleel White,0.101895,10.189535,8.666667,存活,100000,100.000000
14,1,Sherri Sheperd,0.090540,9.054050,7.666667,存活,100000,100.000000
14,1,Roshon Fegan,0.090431,9.043083,7.666667,存活,100000,100.000000
14,1,Jack Wagner,0.090266,9.026619,7.666667,存活,100000,100.000000
14,1,Gladys Knight,0.089614,8.961442,7.666667,存活,100000,100.000000
14,1,Donald Driver,0.081284,8.128355,7.000000,存活,100000,100.000000
14,1,Katherine Jenkins,0.081028,8.102814,8.666667,存活,100000,100.000000
14,1,Maria Menounos,0.079831,7.983070,7.000000,存活,100000,100.000000
14,1,Melissa Gilbert,0.078777,7.877705,6.666667,存活,100000,100.000000
14,1,Gavin DeGraw,0.078336,7.833635,6.666667,存活,100000,100.000000
14,1,William Levy,0.075625,7.562541,8.000000,存活,100000,100.000000
14,1,Martina Navratilova,0.062372,6.237153,6.666667,存活,100000,100.000000
14,2,Roshon Fegan,0.106356,10.635577,8.666667,存活,27016,27.016000
14,2,Maria Menounos,0.098285,9.828500,8.333333,存活,27016,27.016000
14,2,Donald Driver,0.096395,9.639525,8.000000,存活,27016,27.016000
14,2,Sherri Sheperd,0.094719,9.471932,7.666667,存活,27016,27.016000
14,2,Jaleel White,0.089872,8.987225,7.333333,存活,27016,27.016000
14,2,Jack Wagner,0.086378,8.637757,7.000000,存活,27016,27.016000
14,2,Gavin DeGraw,0.085437,8.543689,7.000000,存活,27016,27.016000
14,2,Katherine Jenkins,0.084851,8.485124,8.666667,存活,27016,27.016000
14,2,William Levy,0.082352,8.235210,8.333333,存活,27016,27.016000
14,2,Melissa Gilbert,0.082330,8.233036,6.666667,存活,27016,27.016000
14,2,Gladys Knight,0.077783,7.778306,6.333333,存活,27016,27.016000
14,2,Martina Navratilova,0.015241,1.524118,5.666667,淘汰,27016,27.016000
14,3,Gavin DeGraw,0.104521,10.452056,8.000000,存活,14074,14.074000
14,3,Gladys Knight,0.104114,10.411446,8.000000,存活,14074,14.074000
14,3,Melissa Gilbert,0.102879,10.287916,8.000000,存活,14074,14.074000
14,3,Sherri Sheperd,0.102304,10.230376,8.000000,存活,14074,14.074000
14,3,Maria Menounos,0.101387,10.138745,9.000000,存活,14074,14.074000
14,3,Donald Driver,0.099811,9.981116,8.666667,存活,14074,14.074000
14,3,Jaleel White,0.098438,9.843847,8.333333,存活,14074,14.074000
14,3,Roshon Fegan,0.098244,9.824405,8.333333,存活,14074,14.074000
14,3,Katherine Jenkins,0.089887,8.988666,9.666667,存活,14074,14.074000
14,3,William Levy,0.088452,8.845213,9.333333,存活,14074,14.074000
14,3,Jack Wagner,0.009962,0.996214,8.000000,淘汰,14074,14.074000
14,4,Donald Driver,0.127620,12.761975,9.000000,存活,16087,16.087000
14,4,Roshon Fegan,0.124712,12.471150,8.666667,存活,16087,16.087000
14,4,Gladys Knight,0.122836,12.283607,6.666667,存活,16087,16.087000
14,4,Maria Menounos,0.120064,12.006364,8.666667,存活,16087,16.087000
14,4,Gavin DeGraw,0.110369,11.036914,7.666667,存活,16087,16.087000
14,4,Jaleel White,0.106683,10.668315,7.333333,存活,16087,16.087000
14,4,Melissa Gilbert,0.106503,10.650327,7.333333,存活,16087,16.087000
14,4,Katherine Jenkins,0.092032,9.203223,8.000000,存活,16087,16.087000
14,4,William Levy,0.086561,8.656110,7.333333,存活,16087,16.087000
14,4,Sherri Sheperd,0.002620,0.262013,7.000000,淘汰,16087,16.087000
14,5,Donald Driver,0.132678,13.267804,9.000000,存活,33298,33.298000
14,5,Maria Menounos,0.130086,13.008618,9.000000,存活,33298,33.298000
14,5,Roshon Fegan,0.129499,12.949852,8.666667,存活,33298,33.298000
14,5,Jaleel White,0.120856,12.085599,8.000000,存活,33298,33.298000
14,5,William Levy,0.116740,11.673991,9.666667,存活,33298,33.298000
14,5,Katherine Jenkins,0.115730,11.572999,9.666667,存活,33298,33.298000
14,5,Gladys Knight,0.110002,11.000207,7.333333,存活,33298,33.298000
14,5,Melissa Gilbert,0.106255,10.625547,7.000000,存活,33298,33.298000
14,5,Gavin DeGraw,0.038154,3.815384,6.333333,淘汰,33298,33.298000
14,6,Jaleel White,0.161481,16.148114,12.333267,存活,36706,36.706000
14,6,Donald Driver,0.146437,14.643709,11.333300,存活,36706,36.706000
14,6,Katherine Jenkins,0.135991,13.599128,12.999967,存活,36706,36.706000
14,6,Melissa Gilbert,0.132156,13.215580,10.000000,存活,36706,36.706000
14,6,Maria Menounos,0.127388,12.738845,9.999967,存活,36706,36.706000
14,6,William Levy,0.126657,12.665740,12.000000,存活,36706,36.706000
14,6,Roshon Fegan,0.123697,12.369664,9.333267,存活,36706,36.706000
14,6,Gladys Knight,0.046192,4.619221,8.000000,淘汰,36706,36.706000
14,7,Melissa Gilbert,0.201077,20.107747,7.833333,存活,15991,15.991000
14,7,Maria Menounos,0.176750,17.675018,9.500000,存活,15991,15.991000
14,7,Donald Driver,0.169586,16.958607,8.833333,存活,15991,15.991000
14,7,Roshon Fegan,0.169103,16.910275,8.666667,存活,15991,15.991000
14,7,Katherine Jenkins,0.141139,14.113935,9.000000,存活,15991,15.991000
14,7,William Levy,0.139361,13.936065,8.833333,存活,15991,15.991000
14,7,Jaleel White,0.002984,0.298352,8.500000,淘汰,15991,15.991000
14,8,Donald Driver,0.216861,21.686117,9.166667,存活,28745,28.745000
14,8,Maria Menounos,0.207613,20.761339,8.833333,存活,28745,28.745000
14,8,Katherine Jenkins,0.177309,17.730948,9.166667,存活,28745,28.745000
14,8,William Levy,0.172517,17.251676,9.500000,存活,28745,28.745000
14,8,Roshon Fegan,0.159295,15.929468,9.333333,淘汰,28745,28.745000
14,8,Melissa Gilbert,0.066405,6.640453,8.500000,淘汰,28745,28.745000
14,9,Donald Driver,0.379566,37.956553,9.500000,存活,10318,10.318000
14,9,William Levy,0.314984,31.498370,9.666667,存活,10318,10.318000
14,9,Katherine Jenkins,0.301504,30.150422,9.333333,存活,10318,10.318000
14,9,Maria Menounos,0.003947,0.394655,9.833333,淘汰,10318,10.318000
14,10,Donald Driver,0.371076,37.107604,9.888867,存活,100000,100.000000
14,10,Katherine Jenkins,0.315313,31.531306,10.000000,存活,100000,100.000000
14,10,William Levy,0.313611,31.361091,9.888867,存活,100000,100.000000
15,1,Emmitt Smith,0.096287,9.628747,8.166667,存活,25413,25.413000
15,1,Sabrina Bryan,0.090023,9.002293,7.500000,存活,25413,25.413000
15,1,Apolo Anton Ohno,0.086877,8.687661,7.333333,存活,25413,25.413000
15,1,Shawn Johnson,0.086453,8.645276,7.333333,存活,25413,25.413000
15,1,Kelly Monaco,0.085803,8.580329,7.166667,存活,25413,25.413000
15,1,Drew Lachey,0.085112,8.511245,7.166667,存活,25413,25.413000
15,1,Joey Fatone,0.081420,8.141963,6.833333,存活,25413,25.413000
15,1,Melissa Rycroft,0.080723,8.072274,7.000000,存活,25413,25.413000
15,1,Gilles Marini,0.076776,7.677610,8.000000,存活,25413,25.413000
15,1,Kirstie Alley,0.076413,7.641293,6.333333,存活,25413,25.413000
15,1,Bristol Palin,0.075362,7.536196,6.500000,存活,25413,25.413000
15,1,Helio Castroneves,0.066350,6.634998,7.166667,存活,25413,25.413000
15,1,Pamela Anderson,0.012401,1.240114,5.666667,淘汰,25413,25.413000
15,2,Kelly Monaco,0.106960,10.695970,7.333333,存活,8177,8.177000
15,2,Kirstie Alley,0.102047,10.204655,7.000000,存活,8177,8.177000
15,2,Sabrina Bryan,0.098063,9.806263,8.666667,存活,8177,8.177000
15,2,Emmitt Smith,0.095786,9.578643,7.500000,存活,8177,8.177000
15,2,Drew Lachey,0.095604,9.560425,7.500000,存活,8177,8.177000
15,2,Shawn Johnson,0.092533,9.253292,8.333333,存活,8177,8.177000
15,2,Apolo Anton Ohno,0.091085,9.108501,8.166667,存活,8177,8.177000
15,2,Melissa Rycroft,0.086183,8.618292,7.833333,存活,8177,8.177000
15,2,Bristol Palin,0.084099,8.409864,6.000000,存活,8177,8.177000
15,2,Gilles Marini,0.078046,7.804621,8.500000,存活,8177,8.177000
15,2,Helio Castroneves,0.067703,6.770264,7.666667,存活,8177,8.177000
15,2,Joey Fatone,0.001892,0.189210,7.500000,淘汰,8177,8.177000
15,3,Kirstie Alley,0.107461,10.746124,8.000000,存活,24224,24.224000
15,3,Bristol Palin,0.106766,10.676599,7.500000,存活,24224,24.224000
15,3,Kelly Monaco,0.104547,10.454723,9.000000,存活,24224,24.224000
15,3,Emmitt Smith,0.103887,10.388715,8.333333,存活,24224,24.224000
15,3,Shawn Johnson,0.101304,10.130433,8.833333,存活,24224,24.224000
15,3,Melissa Rycroft,0.100935,10.093544,9.000000,存活,24224,24.224000
15,3,Sabrina Bryan,0.099470,9.947006,8.500000,存活,24224,24.224000
15,3,Apolo Anton Ohno,0.097749,9.774872,8.500000,存活,24224,24.224000
15,3,Gilles Marini,0.080878,8.087770,8.500000,存活,24224,24.224000
15,3,Helio Castroneves,0.052879,5.287940,8.500000,淘汰,24224,24.224000
15,3,Drew Lachey,0.044123,4.412274,8.000000,淘汰,24224,24.224000
15,4,Shawn Johnson,0.135358,13.535843,9.875000,存活,16206,16.206000
15,4,Kirstie Alley,0.134792,13.479239,7.500000,存活,16206,16.206000
15,4,Kelly Monaco,0.129644,12.964372,9.375000,存活,16206,16.206000
15,4,Melissa Rycroft,0.123397,12.339697,9.250000,存活,16206,16.206000
15,4,Sabrina Bryan,0.123119,12.311871,8.875000,存活,16206,16.206000
15,4,Emmitt Smith,0.122803,12.280348,9.000000,存活,16206,16.206000
15,4,Apolo Anton Ohno,0.118431,11.843089,8.625000,存活,16206,16.206000
15,4,Gilles Marini,0.109865,10.986508,9.875000,存活,16206,16.206000
15,4,Bristol Palin,0.002590,0.259034,8.000000,淘汰,16206,16.206000
15,5,Sabrina Bryan,0.136240,13.624021,9.750000,存活,100000,100.000000
15,5,Shawn Johnson,0.129474,12.947407,9.416667,存活,100000,100.000000
15,5,Apolo Anton Ohno,0.129195,12.919504,9.416667,存活,100000,100.000000
15,5,Emmitt Smith,0.128280,12.827963,9.333333,存活,100000,100.000000
15,5,Melissa Rycroft,0.126981,12.698068,9.416667,存活,100000,100.000000
15,5,Kirstie Alley,0.122598,12.259837,8.750000,存活,100000,100.000000
15,5,Kelly Monaco,0.120840,12.083951,8.583333,存活,100000,100.000000
15,5,Gilles Marini,0.106392,10.639249,9.416667,存活,100000,100.000000
15,6,Melissa Rycroft,0.153072,15.307234,9.833333,存活,4438,4.438000
15,6,Kirstie Alley,0.148365,14.836542,9.166667,存活,4438,4.438000
15,6,Shawn Johnson,0.148100,14.810037,9.333333,存活,4438,4.438000
15,6,Kelly Monaco,0.145563,14.556348,9.000000,存活,4438,4.438000
15,6,Apolo Anton Ohno,0.144502,14.450211,10.000000,存活,4438,4.438000
15,6,Emmitt Smith,0.140151,14.015092,8.833333,存活,4438,4.438000
15,6,Gilles Marini,0.118646,11.864597,9.166667,存活,4438,4.438000
15,6,Sabrina Bryan,0.001599,0.159940,10.000000,淘汰,4438,4.438000
15,7,Melissa Rycroft,0.160579,16.057872,12.999967,存活,100000,100.000000
15,7,Shawn Johnson,0.160265,16.026460,12.666600,存活,100000,100.000000
15,7,Kelly Monaco,0.154464,15.446398,12.000000,存活,100000,100.000000
15,7,Emmitt Smith,0.145803,14.580253,11.499967,存活,100000,100.000000
15,7,Apolo Anton Ohno,0.140173,14.017343,11.000000,存活,100000,100.000000
15,7,Kirstie Alley,0.122063,12.206346,9.333300,存活,100000,100.000000
15,7,Gilles Marini,0.116653,11.665329,11.166600,存活,100000,100.000000
15,8,Emmitt Smith,0.164456,16.445566,9.685133,存活,49223,49.223000
15,8,Kelly Monaco,0.163087,16.308724,9.444433,存活,49223,49.223000
15,8,Melissa Rycroft,0.159045,15.904479,10.000000,存活,49223,49.223000
15,8,Apolo Anton Ohno,0.158744,15.874387,9.759233,存活,49223,49.223000
15,8,Shawn Johnson,0.158037,15.803670,9.277767,存活,49223,49.223000
15,8,Gilles Marini,0.110529,11.052902,9.759233,淘汰,49223,49.223000
15,8,Kirstie Alley,0.086103,8.610272,8.500000,淘汰,49223,49.223000
15,9,Kelly Monaco,0.232610,23.260971,9.037000,存活,56932,56.932000
15,9,Shawn Johnson,0.228989,22.898933,9.833333,存活,56932,56.932000
15,9,Melissa Rycroft,0.220133,22.013275,9.592567,存活,56932,56.932000
15,9,Apolo Anton Ohno,0.174658,17.465792,9.537000,淘汰,56932,56.932000
15,9,Emmitt Smith,0.143610,14.361030,9.000000,淘汰,56932,56.932000
15,10,Kelly Monaco,0.338282,33.828189,9.703633,存活,100000,100.000000
15,10,Melissa Rycroft,0.331328,33.132773,9.777700,存活,100000,100.000000
15,10,Shawn Johnson,0.330390,33.039038,9.648100,存活,100000,100.000000
16,1,Jacoby Jones,0.105341,10.534091,6.666667,存活,2821,2.821000
16,1,Zendaya,0.100257,10.025736,8.000000,存活,2821,2.821000
16,1,Sean Lowe,0.098184,9.818446,6.333333,存活,2821,2.821000
16,1,Kellie Pickler,0.097057,9.705733,7.000000,存活,2821,2.821000
16,1,Dorothy Hamill,0.096370,9.637017,7.000000,存活,2821,2.821000
16,1,Wynonna Judd,0.095696,9.569643,6.000000,存活,2821,2.821000
16,1,Victor Ortiz,0.094751,9.475070,6.000000,存活,2821,2.821000
16,1,Andy Dick,0.087860,8.785980,5.666667,存活,2821,2.821000
16,1,Ingo Rademacher,0.085878,8.587754,6.666667,存活,2821,2.821000
16,1,Lisa Vanderpump,0.074453,7.445300,6.000000,存活,2821,2.821000
16,1,D. L. Hughley,0.061935,6.193487,4.000000,存活,2821,2.821000
16,1,Alexandra Raisman,0.002217,0.221743,7.000000,淘汰,2821,2.821000
16,2,Zendaya,0.111112,11.111207,8.666667,存活,100000,100.000000
16,2,Kellie Pickler,0.109669,10.966947,8.666667,存活,100000,100.000000
16,2,Alexandra Raisman,0.101041,10.104109,8.000000,存活,100000,100.000000
16,2,Jacoby Jones,0.096900,9.689958,7.666667,存活,100000,100.000000
16,2,Andy Dick,0.083232,8.323232,6.666667,存活,100000,100.000000
16,2,Sean Lowe,0.083192,8.319245,6.666667,存活,100000,100.000000
16,2,Wynonna Judd,0.077268,7.726772,6.000000,存活,100000,100.000000
16,2,Victor Ortiz,0.076502,7.650208,6.000000,存活,100000,100.000000
16,2,Ingo Rademacher,0.069371,6.937114,6.666667,存活,100000,100.000000
16,2,D. L. Hughley,0.067122,6.712247,5.333333,存活,100000,100.000000
16,2,Dorothy Hamill,0.064227,6.422722,5.000000,存活,100000,100.000000
16,2,Lisa Vanderpump,0.060362,6.036239,6.000000,存活,100000,100.000000
16,3,Zendaya,0.122056,12.205582,8.666600,存活,28733,28.733000
16,3,Jacoby Jones,0.119655,11.965478,8.666600,存活,28733,28.733000
16,3,Kellie Pickler,0.115969,11.596892,8.333333,存活,28733,28.733000
16,3,Victor Ortiz,0.106503,10.650341,7.666667,存活,28733,28.733000
16,3,Alexandra Raisman,0.106419,10.641903,7.666667,存活,28733,28.733000
16,3,Sean Lowe,0.095479,9.547937,7.000000,存活,28733,28.733000
16,3,Andy Dick,0.082275,8.227468,6.000000,存活,28733,28.733000
16,3,Ingo Rademacher,0.079781,7.978136,7.000000,存活,28733,28.733000
16,3,Lisa Vanderpump,0.076544,7.654442,7.000000,存活,28733,28.733000
16,3,D. L. Hughley,0.072909,7.290898,5.333333,存活,28733,28.733000
16,3,Wynonna Judd,0.022409,2.240922,5.000000,淘汰,28733,28.733000
16,4,Alexandra Raisman,0.129695,12.969528,9.000000,存活,30706,30.706000
16,4,Zendaya,0.127916,12.791577,8.666667,存活,30706,30.706000
16,4,Kellie Pickler,0.126741,12.674063,8.666667,存活,30706,30.706000
16,4,Jacoby Jones,0.116186,11.618579,8.000000,存活,30706,30.706000
16,4,Andy Dick,0.100364,10.036440,7.000000,存活,30706,30.706000
16,4,D. L. Hughley,0.100048,10.004755,7.000000,存活,30706,30.706000
16,4,Sean Lowe,0.095937,9.593733,6.666667,存活,30706,30.706000
16,4,Ingo Rademacher,0.091377,9.137715,7.666667,存活,30706,30.706000
16,4,Victor Ortiz,0.087435,8.743506,6.000000,存活,30706,30.706000
16,4,Lisa Vanderpump,0.024301,2.430106,6.000000,淘汰,30706,30.706000
16,5,Zendaya,0.151113,15.111292,9.666667,存活,24799,24.799000
16,5,Kellie Pickler,0.140439,14.043859,9.000000,存活,24799,24.799000
16,5,Jacoby Jones,0.134690,13.468986,8.666667,存活,24799,24.799000
16,5,Alexandra Raisman,0.128375,12.837549,8.333333,存活,24799,24.799000
16,5,Sean Lowe,0.121816,12.181594,8.000000,存活,24799,24.799000
16,5,Victor Ortiz,0.108161,10.816073,7.000000,存活,24799,24.799000
16,5,Andy Dick,0.100700,10.070012,6.000000,存活,24799,24.799000
16,5,Ingo Rademacher,0.089122,8.912155,7.000000,存活,24799,24.799000
16,5,D. L. Hughley,0.025585,2.558480,6.000000,淘汰,24799,24.799000
16,6,Kellie Pickler,0.156065,15.606545,9.000000,存活,36516,36.516000
16,6,Zendaya,0.150686,15.068591,8.500000,存活,36516,36.516000
16,6,Alexandra Raisman,0.149202,14.920194,8.666667,存活,36516,36.516000
16,6,Sean Lowe,0.130813,13.081289,7.666667,存活,36516,36.516000
16,6,Jacoby Jones,0.130632,13.063238,7.500000,存活,36516,36.516000
16,6,Andy Dick,0.122188,12.218755,7.166667,存活,36516,36.516000
16,6,Ingo Rademacher,0.109065,10.906487,7.666667,存活,36516,36.516000
16,6,Victor Ortiz,0.051349,5.134901,6.666667,淘汰,36516,36.516000
16,7,Alexandra Raisman,0.185803,18.580270,10.666667,存活,41081,41.081000
16,7,Zendaya,0.178207,17.820683,10.000000,存活,41081,41.081000
16,7,Kellie Pickler,0.170135,17.013525,9.666667,存活,41081,41.081000
16,7,Jacoby Jones,0.157524,15.752420,9.000000,存活,41081,41.081000
16,7,Sean Lowe,0.138547,13.854727,8.000000,存活,41081,41.081000
16,7,Ingo Rademacher,0.120123,12.012297,8.333333,存活,41081,41.081000
16,7,Andy Dick,0.049661,4.966077,5.666667,淘汰,41081,41.081000
16,8,Zendaya,0.207248,20.724816,9.666667,存活,46405,46.405000
16,8,Alexandra Raisman,0.196747,19.674743,9.333333,存活,46405,46.405000
16,8,Kellie Pickler,0.195000,19.499955,9.166667,存活,46405,46.405000
16,8,Jacoby Jones,0.182893,18.289288,8.666667,存活,46405,46.405000
16,8,Ingo Rademacher,0.139144,13.914373,8.000000,存活,46405,46.405000
16,8,Sean Lowe,0.078968,7.896825,7.000000,淘汰,46405,46.405000
16,9,Alexandra Raisman,0.229126,22.912584,9.833333,存活,52692,52.692000
16,9,Kellie Pickler,0.228645,22.864491,9.666667,存活,52692,52.692000
16,9,Jacoby Jones,0.228626,22.862556,9.833333,存活,52692,52.692000
16,9,Zendaya,0.217872,21.787174,9.166667,存活,52692,52.692000
16,9,Ingo Rademacher,0.095732,9.573196,8.500000,淘汰,52692,52.692000
16,10,Jacoby Jones,0.375650,37.564991,9.333300,存活,17990,17.990000
16,10,Zendaya,0.300472,30.047211,10.000000,存活,17990,17.990000
16,10,Kellie Pickler,0.295919,29.591904,10.000000,存活,17990,17.990000
16,10,Alexandra Raisman,0.027959,2.795894,9.666667,淘汰,17990,17.990000
17,1,Amber Riley,0.112799,11.279941,9.000000,存活,21996,21.996000
17,1,Corbin Bleu,0.101378,10.137807,8.000000,存活,21996,21.996000
17,1,Elizabeth Berkley Lauren,0.100695,10.069546,8.000000,存活,21996,21.996000
17,1,Valerie Harper,0.093360,9.335972,7.000000,存活,21996,21.996000
17,1,Christina Milian,0.093008,9.300775,7.333333,存活,21996,21.996000
17,1,Brant Daugherty,0.092957,9.295676,7.333333,存活,21996,21.996000
17,1,Keyshawn Johnson,0.089845,8.984517,5.666667,存活,21996,21.996000
17,1,Jack Osbourne,0.075441,7.544134,7.666667,存活,21996,21.996000
17,1,"Nicole ""Snooki"" Polizzi",0.075064,7.506448,7.666667,存活,21996,21.996000
17,1,Bill Nye,0.072581,7.258076,4.666667,存活,21996,21.996000
17,1,Leah Remini,0.053211,5.321087,7.000000,淘汰,21996,21.996000
17,1,Bill Engvall,0.039660,3.966021,6.000000,淘汰,21996,21.996000
17,2,Corbin Bleu,0.107855,10.785535,8.666667,存活,16154,16.154000
17,2,Elizabeth Berkley Lauren,0.103211,10.321077,8.333333,存活,16154,16.154000
17,2,Christina Milian,0.101469,10.146913,8.333333,存活,16154,16.154000
17,2,Leah Remini,0.099031,9.903095,8.000000,存活,16154,16.154000
17,2,Amber Riley,0.099028,9.902760,8.000000,存活,16154,16.154000
17,2,Brant Daugherty,0.095563,9.556315,7.666667,存活,16154,16.154000
17,2,Bill Nye,0.086670,8.667018,5.666667,存活,16154,16.154000
17,2,Bill Engvall,0.084041,8.404067,7.000000,存活,16154,16.154000
17,2,Valerie Harper,0.078806,7.880590,6.333333,存活,16154,16.154000
17,2,Jack Osbourne,0.077306,7.730602,8.000000,存活,16154,16.154000
17,2,"Nicole ""Snooki"" Polizzi",0.064463,6.446269,6.666667,存活,16154,16.154000
17,2,Keyshawn Johnson,0.002558,0.255760,6.000000,淘汰,16154,16.154000
17,3,Brant Daugherty,0.115992,11.599237,9.000000,存活,26180,26.180000
17,3,Corbin Bleu,0.111852,11.185213,8.666667,存活,26180,26.180000
17,3,Christina Milian,0.110718,11.071768,8.666667,存活,26180,26.180000
17,3,Elizabeth Berkley Lauren,0.107918,10.791782,8.333333,存活,26180,26.180000
17,3,Leah Remini,0.103427,10.342683,8.000000,存活,26180,26.180000
17,3,Amber Riley,0.103164,10.316367,8.000000,存活,26180,26.180000
17,3,Bill Engvall,0.099121,9.912094,8.000000,存活,26180,26.180000
17,3,"Nicole ""Snooki"" Polizzi",0.083315,8.331466,8.333333,存活,26180,26.180000
17,3,Jack Osbourne,0.073781,7.378063,7.333333,存活,26180,26.180000
17,3,Valerie Harper,0.071695,7.169543,5.333333,存活,26180,26.180000
17,3,Bill Nye,0.019018,1.901784,5.333333,淘汰,26180,26.180000
17,4,Corbin Bleu,0.126549,12.654910,9.000000,存活,30465,30.465000
17,4,Elizabeth Berkley Lauren,0.126059,12.605918,9.000000,存活,30465,30.465000
17,4,Amber Riley,0.125924,12.592436,9.000000,存活,30465,30.465000
17,4,Leah Remini,0.111819,11.181896,8.000000,存活,30465,30.465000
17,4,Christina Milian,0.111584,11.158442,8.000000,存活,30465,30.465000
17,4,Brant Daugherty,0.098925,9.892529,7.000000,存活,30465,30.465000
17,4,Bill Engvall,0.095148,9.514816,7.000000,存活,30465,30.465000
17,4,"Nicole ""Snooki"" Polizzi",0.087295,8.729460,8.000000,存活,30465,30.465000
17,4,Jack Osbourne,0.086766,8.676620,8.000000,存活,30465,30.465000
17,4,Valerie Harper,0.029930,2.992973,6.000000,淘汰,30465,30.465000
17,5,Brant Daugherty,0.142252,14.225166,9.000000,存活,3729,3.729000
17,5,Elizabeth Berkley Lauren,0.137066,13.706631,8.666667,存活,3729,3.729000
17,5,Amber Riley,0.137025,13.702511,8.666667,存活,3729,3.729000
17,5,Corbin Bleu,0.125641,12.564087,9.333333,存活,3729,3.729000
17,5,Bill Engvall,0.121627,12.162715,8.000000,存活,3729,3.729000
17,5,Leah Remini,0.115813,11.581290,7.333333,存活,3729,3.729000
17,5,Jack Osbourne,0.109471,10.947121,9.000000,存活,3729,3.729000
17,5,"Nicole ""Snooki"" Polizzi",0.109449,10.944859,9.000000,存活,3729,3.729000
17,5,Christina Milian,0.001656,0.165622,9.333333,淘汰,3729,3.729000
17,6,Amber Riley,0.146787,14.678682,10.666633,存活,100000,100.000000
17,6,Elizabeth Berkley Lauren,0.146403,14.640287,10.666600,存活,100000,100.000000
17,6,Brant Daugherty,0.142352,14.235230,10.333333,存活,100000,100.000000
17,6,Leah Remini,0.128972,12.897203,9.333300,存活,100000,100.000000
17,6,Corbin Bleu,0.124588,12.458801,8.999967,存活,100000,100.000000
17,6,"Nicole ""Snooki"" Polizzi",0.107171,10.717054,10.000000,存活,100000,100.000000
17,6,Bill Engvall,0.107090,10.708963,7.999967,存活,100000,100.000000
17,6,Jack Osbourne,0.096638,9.663781,8.999933,存活,100000,100.000000
17,7,Leah Remini,0.146356,14.635596,8.833333,存活,28345,28.345000
17,7,Corbin Bleu,0.143999,14.399944,9.833333,存活,28345,28.345000
17,7,Amber Riley,0.142677,14.267677,9.833333,存活,28345,28.345000
17,7,Brant Daugherty,0.138419,13.841917,9.500000,存活,28345,28.345000
17,7,Bill Engvall,0.132975,13.297476,8.333333,存活,28345,28.345000
17,7,Elizabeth Berkley Lauren,0.132021,13.202120,9.000000,存活,28345,28.345000
17,7,Jack Osbourne,0.107502,10.750213,9.500000,存活,28345,28.345000
17,7,"Nicole ""Snooki"" Polizzi",0.056051,5.605059,9.000000,淘汰,28345,28.345000
17,8,Elizabeth Berkley Lauren,0.190436,19.043636,8.333333,存活,12805,12.805000
17,8,Bill Engvall,0.175832,17.583225,8.000000,存活,12805,12.805000
17,8,Corbin Bleu,0.173927,17.392740,10.000000,存活,12805,12.805000
17,8,Leah Remini,0.162118,16.211836,9.333333,存活,12805,12.805000
17,8,Amber Riley,0.160821,16.082069,9.333333,存活,12805,12.805000
17,8,Jack Osbourne,0.134354,13.435361,10.000000,存活,12805,12.805000
17,8,Brant Daugherty,0.002511,0.251133,9.000000,淘汰,12805,12.805000
17,9,Leah Remini,0.233562,23.356221,9.000000,存活,8162,8.162000
17,9,Amber Riley,0.220447,22.044676,8.500000,存活,8162,8.162000
17,9,Corbin Bleu,0.189146,18.914587,9.666667,存活,8162,8.162000
17,9,Jack Osbourne,0.179518,17.951837,9.000000,存活,8162,8.162000
17,9,Bill Engvall,0.174576,17.457575,7.000000,存活,8162,8.162000
17,9,Elizabeth Berkley Lauren,0.002751,0.275105,9.333333,淘汰,8162,8.162000
17,10,Bill Engvall,0.273186,27.318581,7.500000,存活,16018,16.018000
17,10,Amber Riley,0.270166,27.016623,9.875000,存活,16018,16.018000
17,10,Corbin Bleu,0.259673,25.967341,9.375000,存活,16018,16.018000
17,10,Jack Osbourne,0.192371,19.237054,8.875000,存活,16018,16.018000
17,10,Leah Remini,0.004604,0.460401,8.125000,淘汰,16018,16.018000
17,11,Amber Riley,0.343253,34.325292,10.444400,存活,30539,30.539000
17,11,Corbin Bleu,0.326803,32.680282,9.888800,存活,30539,30.539000
17,11,Jack Osbourne,0.248715,24.871481,9.333300,存活,30539,30.539000
17,11,Bill Engvall,0.081229,8.122944,8.499967,淘汰,30539,30.539000
18,1,Charlie White,0.105735,10.573525,9.000000,存活,7384,7.384000
18,1,Candace Cameron Bure,0.098798,9.879766,8.333333,存活,7384,7.384000
18,1,NeNe Leakes,0.097826,9.782577,7.000000,存活,7384,7.384000
18,1,Drew Carey,0.096630,9.663023,7.000000,存活,7384,7.384000
18,1,Danica McKellar,0.096559,9.655856,8.000000,存活,7384,7.384000
18,1,Amy Purdy,0.093853,9.385261,8.000000,存活,7384,7.384000
18,1,Meryl Davis,0.093504,9.350400,8.000000,存活,7384,7.384000
18,1,Diana Nyad,0.089482,8.948168,6.000000,存活,7384,7.384000
18,1,Sean Avery,0.079477,7.947708,6.666667,存活,7384,7.384000
18,1,Billy Dee Williams,0.075968,7.596826,5.000000,存活,7384,7.384000
18,1,Cody Simpson,0.070034,7.003365,7.333333,存活,7384,7.384000
18,1,James Maslow,0.002135,0.213525,7.000000,淘汰,7384,7.384000
18,2,James Maslow,0.112759,11.275858,8.333333,存活,16015,16.015000
18,2,Charlie White,0.111513,11.151341,8.333333,存活,16015,16.015000
18,2,Meryl Davis,0.110564,11.056361,8.333333,存活,16015,16.015000
18,2,Danica McKellar,0.109122,10.912179,8.000000,存活,16015,16.015000
18,2,Amy Purdy,0.106388,10.638753,8.000000,存活,16015,16.015000
18,2,Candace Cameron Bure,0.096239,9.623928,7.000000,存活,16015,16.015000
18,2,Drew Carey,0.092546,9.254550,7.000000,存活,16015,16.015000
18,2,NeNe Leakes,0.091927,9.192747,7.000000,存活,16015,16.015000
18,2,Billy Dee Williams,0.087381,8.738113,5.000000,存活,16015,16.015000
18,2,Cody Simpson,0.079631,7.963053,7.333333,存活,16015,16.015000
18,2,Sean Avery,0.001931,0.193118,7.000000,淘汰,16015,16.015000
18,3,Meryl Davis,0.126931,12.693085,9.750000,存活,100000,100.000000
18,3,Danica McKellar,0.119958,11.995797,9.000000,存活,100000,100.000000
18,3,James Maslow,0.119797,11.979651,9.000000,存活,100000,100.000000
18,3,Charlie White,0.117931,11.793149,9.000000,存活,100000,100.000000
18,3,Amy Purdy,0.117688,11.768844,9.000000,存活,100000,100.000000
18,3,Candace Cameron Bure,0.107616,10.761568,8.000000,存活,100000,100.000000
18,3,NeNe Leakes,0.100143,10.014287,7.750000,存活,100000,100.000000
18,3,Drew Carey,0.096924,9.692408,7.500000,存活,100000,100.000000
18,3,Cody Simpson,0.093012,9.301212,8.750000,存活,100000,100.000000
18,4,Meryl Davis,0.133000,13.300008,9.750000,存活,100000,100.000000
18,4,James Maslow,0.122215,12.221543,8.750000,存活,100000,100.000000
18,4,Amy Purdy,0.116415,11.641481,8.500000,存活,100000,100.000000
18,4,Charlie White,0.112922,11.292153,8.250000,存活,100000,100.000000
18,4,Danica McKellar,0.112038,11.203834,8.000000,存活,100000,100.000000
18,4,Drew Carey,0.110759,11.075883,8.250000,存活,100000,100.000000
18,4,NeNe Leakes,0.107746,10.774642,8.000000,存活,100000,100.000000
18,4,Candace Cameron Bure,0.098491,9.849086,7.000000,存活,100000,100.000000
18,4,Cody Simpson,0.086414,8.641372,7.750000,存活,100000,100.000000
18,5,James Maslow,0.135988,13.598797,10.000000,存活,15937,15.937000
18,5,Danica McKellar,0.133490,13.348958,9.750000,存活,15937,15.937000
18,5,Amy Purdy,0.124170,12.417036,9.250000,存活,15937,15.937000
18,5,Charlie White,0.123751,12.375074,9.250000,存活,15937,15.937000
18,5,Meryl Davis,0.121610,12.161029,9.000000,存活,15937,15.937000
18,5,Candace Cameron Bure,0.120064,12.006410,8.750000,存活,15937,15.937000
18,5,NeNe Leakes,0.119714,11.971408,9.000000,存活,15937,15.937000
18,5,Drew Carey,0.119577,11.957677,7.000000,存活,15937,15.937000
18,5,Cody Simpson,0.001636,0.163611,8.500000,淘汰,15937,15.937000
18,6,Meryl Davis,0.150458,15.045807,10.000000,存活,32261,32.261000
18,6,Amy Purdy,0.143236,14.323621,9.500000,存活,32261,32.261000
18,6,Danica McKellar,0.138480,13.847961,9.000000,存活,32261,32.261000
18,6,Charlie White,0.135749,13.574930,9.000000,存活,32261,32.261000
18,6,James Maslow,0.135547,13.554719,8.750000,存活,32261,32.261000
18,6,Candace Cameron Bure,0.127383,12.738337,8.000000,存活,32261,32.261000
18,6,NeNe Leakes,0.123107,12.310685,8.250000,存活,32261,32.261000
18,6,Drew Carey,0.046039,4.603940,8.000000,淘汰,32261,32.261000
18,7,Meryl Davis,0.163401,16.340051,9.750000,存活,40908,40.908000
18,7,Candace Cameron Bure,0.158426,15.842588,9.250000,存活,40908,40.908000
18,7,Amy Purdy,0.157653,15.765288,9.375000,存活,40908,40.908000
18,7,Danica McKellar,0.154405,15.440452,9.000000,存活,40908,40.908000
18,7,James Maslow,0.150374,15.037405,8.750000,存活,40908,40.908000
18,7,Charlie White,0.149706,14.970607,8.875000,存活,40908,40.908000
18,7,NeNe Leakes,0.066036,6.603608,8.250000,淘汰,40908,40.908000
18,8,Candace Cameron Bure,0.215455,21.545534,9.000000,存活,10029,10.029000
18,8,James Maslow,0.215260,21.526028,9.000000,存活,10029,10.029000
18,8,Meryl Davis,0.211355,21.135509,9.000000,存活,10029,10.029000
18,8,Amy Purdy,0.178223,17.822274,10.000000,存活,10029,10.029000
18,8,Charlie White,0.177213,17.721286,10.000000,存活,10029,10.029000
18,8,Danica McKellar,0.002494,0.249369,9.500000,淘汰,10029,10.029000
18,9,Candace Cameron Bure,0.288777,28.877681,9.000000,存活,15411,15.411000
18,9,James Maslow,0.246757,24.675687,9.500000,存活,15411,15.411000
18,9,Meryl Davis,0.230386,23.038570,10.000000,存活,15411,15.411000
18,9,Amy Purdy,0.228157,22.815712,9.750000,存活,15411,15.411000
18,9,Charlie White,0.005923,0.592349,9.500000,淘汰,15411,15.411000
18,10,Candace Cameron Bure,0.384272,38.427247,8.666600,存活,16031,16.031000
18,10,Meryl Davis,0.307219,30.721902,10.000000,存活,16031,16.031000
18,10,Amy Purdy,0.303508,30.350829,9.888867,存活,16031,16.031000
18,10,James Maslow,0.005000,0.500021,9.666667,淘汰,16031,16.031000
19,1,Alfonso Ribeiro,0.102313,10.231279,9.000000,存活,26779,26.779000
19,1,Sadie Robertson,0.093577,9.357746,8.500000,存活,26779,26.779000
19,1,Lea Thompson,0.092744,9.274382,8.000000,存活,26779,26.779000
19,1,Randy Couture,0.088622,8.862151,7.750000,存活,26779,26.779000
19,1,Jonathan Bennett,0.088057,8.805689,7.500000,存活,26779,26.779000
19,1,Bethany Mota,0.084845,8.484481,8.000000,淘汰,26779,26.779000
19,1,Janel Parrish,0.084732,8.473174,7.250000,存活,26779,26.779000
19,1,Tavis Smiley,0.080922,8.092215,7.250000,存活,26779,26.779000
19,1,Michael Waltrip,0.076504,7.650393,6.250000,存活,26779,26.779000
19,1,Betsey Johnson,0.068957,6.895732,5.000000,存活,26779,26.779000
19,1,Antonio Sabato Jr.,0.063546,6.354582,6.250000,存活,26779,26.779000
19,1,Tommy Chong,0.043596,4.359650,6.750000,淘汰,26779,26.779000
19,1,Lolo Jones,0.031585,3.158527,5.500000,淘汰,26779,26.779000
19,2,Lea Thompson,0.103194,10.319426,8.750000,存活,10876,10.876000
19,2,Janel Parrish,0.100432,10.043218,8.500000,存活,10876,10.876000
19,2,Bethany Mota,0.099985,9.998490,8.250000,存活,10876,10.876000
19,2,Alfonso Ribeiro,0.095975,9.597506,8.000000,存活,10876,10.876000
19,2,Betsey Johnson,0.089516,8.951606,7.000000,存活,10876,10.876000
19,2,Jonathan Bennett,0.089514,8.951440,7.500000,存活,10876,10.876000
19,2,Sadie Robertson,0.089011,8.901066,7.750000,存活,10876,10.876000
19,2,Michael Waltrip,0.087759,8.775887,6.000000,存活,10876,10.876000
19,2,Randy Couture,0.086376,8.637593,7.000000,存活,10876,10.876000
19,2,Tommy Chong,0.081896,8.189580,7.000000,存活,10876,10.876000
19,2,Antonio Sabato Jr.,0.074310,7.430953,7.750000,存活,10876,10.876000
19,2,Tavis Smiley,0.002032,0.203234,7.000000,淘汰,10876,10.876000
19,3,Bethany Mota,0.126770,12.676983,10.000000,存活,25999,25.999000
19,3,Janel Parrish,0.125809,12.580931,10.000000,存活,25999,25.999000
19,3,Alfonso Ribeiro,0.101420,10.141957,8.000000,存活,25999,25.999000
19,3,Jonathan Bennett,0.100728,10.072819,8.000000,存活,25999,25.999000
19,3,Lea Thompson,0.098470,9.846972,7.750000,存活,25999,25.999000
19,3,Sadie Robertson,0.097009,9.700935,8.000000,存活,25999,25.999000
19,3,Betsey Johnson,0.086769,8.676903,7.250000,存活,25999,25.999000
19,3,Michael Waltrip,0.086055,8.605475,7.000000,存活,25999,25.999000
19,3,Tommy Chong,0.083183,8.318261,8.500000,存活,25999,25.999000
19,3,Antonio Sabato Jr.,0.074266,7.426619,7.250000,存活,25999,25.999000
19,3,Randy Couture,0.019521,1.952145,6.500000,淘汰,25999,25.999000
19,4,Alfonso Ribeiro,0.131850,13.184989,10.000000,存活,8124,8.124000
19,4,Lea Thompson,0.127068,12.706785,9.750000,存活,8124,8.124000
19,4,Janel Parrish,0.118588,11.858815,9.000000,存活,8124,8.124000
19,4,Sadie Robertson,0.117062,11.706202,9.250000,存活,8124,8.124000
19,4,Bethany Mota,0.109987,10.998731,8.250000,存活,8124,8.124000
19,4,Michael Waltrip,0.101934,10.193421,6.250000,存活,8124,8.124000
19,4,Jonathan Bennett,0.101696,10.169596,6.000000,存活,8124,8.124000
19,4,Antonio Sabato Jr.,0.098325,9.832514,7.250000,存活,8124,8.124000
19,4,Tommy Chong,0.091315,9.131456,7.000000,存活,8124,8.124000
19,4,Betsey Johnson,0.002175,0.217489,7.250000,淘汰,8124,8.124000
19,5,Sadie Robertson,0.136824,13.682440,9.000000,存活,100000,100.000000
19,5,Lea Thompson,0.134428,13.442797,8.500000,存活,100000,100.000000
19,5,Alfonso Ribeiro,0.134171,13.417070,8.500000,存活,100000,100.000000
19,5,Janel Parrish,0.130346,13.034565,8.250000,存活,100000,100.000000
19,5,Bethany Mota,0.127958,12.795827,8.000000,存活,100000,100.000000
19,5,Jonathan Bennett,0.096285,9.628526,6.000000,存活,100000,100.000000
19,5,Antonio Sabato Jr.,0.090092,9.009194,7.000000,存活,100000,100.000000
19,5,Michael Waltrip,0.078041,7.804094,5.000000,存活,100000,100.000000
19,5,Tommy Chong,0.071855,7.185486,5.750000,存活,100000,100.000000
19,6,Alfonso Ribeiro,0.142380,14.238047,9.750000,存活,9342,9.342000
19,6,Michael Waltrip,0.137141,13.714102,7.500000,存活,9342,9.342000
19,6,Bethany Mota,0.132934,13.293378,9.000000,存活,9342,9.342000
19,6,Lea Thompson,0.131750,13.175046,8.000000,存活,9342,9.342000
19,6,Sadie Robertson,0.123120,12.311981,8.750000,存活,9342,9.342000
19,6,Janel Parrish,0.121464,12.146437,8.250000,存活,9342,9.342000
19,6,Antonio Sabato Jr.,0.106465,10.646528,7.000000,存活,9342,9.342000
19,6,Tommy Chong,0.102402,10.240238,7.000000,存活,9342,9.342000
19,6,Jonathan Bennett,0.002342,0.234243,8.000000,淘汰,9342,9.342000
19,7,Bethany Mota,0.161123,16.112258,9.375000,存活,24088,24.088000
19,7,Lea Thompson,0.148611,14.861060,8.750000,存活,24088,24.088000
19,7,Alfonso Ribeiro,0.145155,14.515493,8.500000,存活,24088,24.088000
19,7,Janel Parrish,0.143778,14.377792,8.375000,存活,24088,24.088000
19,7,Michael Waltrip,0.138628,13.862803,7.000000,存活,24088,24.088000
19,7,Sadie Robertson,0.128472,12.847210,7.750000,存活,24088,24.088000
19,7,Tommy Chong,0.100618,10.061760,7.500000,存活,24088,24.088000
19,7,Antonio Sabato Jr.,0.033616,3.361624,7.375000,淘汰,24088,24.088000
19,8,Janel Parrish,0.188184,18.818382,10.750000,存活,40981,40.981000
19,8,Alfonso Ribeiro,0.179770,17.977038,10.250000,存活,40981,40.981000
19,8,Bethany Mota,0.177073,17.707275,10.000000,存活,40981,40.981000
19,8,Sadie Robertson,0.160663,16.066339,9.500000,存活,40981,40.981000
19,8,Lea Thompson,0.141350,14.135046,8.000000,存活,40981,40.981000
19,8,Tommy Chong,0.099579,9.957934,7.250000,存活,40981,40.981000
19,8,Michael Waltrip,0.053380,5.337986,6.250000,淘汰,40981,40.981000
19,9,Alfonso Ribeiro,0.215262,21.526175,9.625000,存活,16156,16.156000
19,9,Janel Parrish,0.214958,21.495841,9.625000,存活,16156,16.156000
19,9,Bethany Mota,0.207770,20.777006,9.250000,存活,16156,16.156000
19,9,Sadie Robertson,0.195571,19.557065,9.125000,存活,16156,16.156000
19,9,Tommy Chong,0.163079,16.307871,7.125000,存活,16156,16.156000
19,9,Lea Thompson,0.003360,0.336043,8.750000,淘汰,16156,16.156000
19,10,Janel Parrish,0.236103,23.610268,9.750000,存活,52734,52.734000
19,10,Bethany Mota,0.232906,23.290623,9.500000,存活,52734,52.734000
19,10,Alfonso Ribeiro,0.227704,22.770444,9.375000,存活,52734,52.734000
19,10,Sadie Robertson,0.216917,21.691692,9.250000,存活,52734,52.734000
19,10,Tommy Chong,0.086370,8.636973,7.750000,淘汰,52734,52.734000
19,11,Alfonso Ribeiro,0.295241,29.524150,10.000000,存活,45046,45.046000
19,11,Janel Parrish,0.287224,28.722378,9.749950,存活,45046,45.046000
19,11,Sadie Robertson,0.279788,27.978789,9.833300,存活,45046,45.046000
19,11,Bethany Mota,0.137747,13.774683,9.500000,淘汰,45046,45.046000
20,1,Rumer Willis,0.105261,10.526111,8.000000,存活,100000,100.000000
20,1,Riker Lynch,0.102101,10.210097,7.750000,存活,100000,100.000000
20,1,Michael Sam,0.084751,8.475132,6.500000,存活,100000,100.000000
20,1,Willow Shields,0.083042,8.304187,6.250000,存活,100000,100.000000
20,1,Noah Galloway,0.083041,8.304130,6.500000,存活,100000,100.000000
20,1,Suzanne Somers,0.083012,8.301155,6.250000,存活,100000,100.000000
20,1,Chris Soules,0.082865,8.286477,6.500000,存活,100000,100.000000
20,1,Patti LaBelle,0.082394,8.239369,6.250000,存活,100000,100.000000
20,1,Nastia Liukin,0.078185,7.818525,7.500000,存活,100000,100.000000
20,1,Redfoo,0.072763,7.276265,5.500000,存活,100000,100.000000
20,1,Charlotte McKinney,0.071412,7.141201,5.500000,存活,100000,100.000000
20,1,Robert Herjavec,0.071173,7.117350,7.000000,存活,100000,100.000000
20,2,Suzanne Somers,0.102821,10.282110,7.000000,存活,4164,4.164000
20,2,Patti LaBelle,0.101741,10.174079,7.000000,存活,4164,4.164000
20,2,Michael Sam,0.100885,10.088460,7.000000,存活,4164,4.164000
20,2,Noah Galloway,0.095423,9.542336,6.750000,存活,4164,4.164000
20,2,Charlotte McKinney,0.092710,9.270972,6.500000,存活,4164,4.164000
20,2,Willow Shields,0.092080,9.208005,8.000000,存活,4164,4.164000
20,2,Rumer Willis,0.091890,9.188982,8.000000,存活,4164,4.164000
20,2,Riker Lynch,0.091027,9.102721,8.000000,存活,4164,4.164000
20,2,Robert Herjavec,0.078325,7.832495,7.000000,存活,4164,4.164000
20,2,Nastia Liukin,0.077057,7.705699,8.500000,存活,4164,4.164000
20,2,Chris Soules,0.074189,7.418943,5.250000,存活,4164,4.164000
20,2,Redfoo,0.001852,0.185196,7.750000,淘汰,4164,4.164000
20,3,Riker Lynch,0.120005,12.000513,8.500000,存活,24511,24.511000
20,3,Rumer Willis,0.117203,11.720313,8.250000,存活,24511,24.511000
20,3,Willow Shields,0.113728,11.372804,8.000000,存活,24511,24.511000
20,3,Noah Galloway,0.102419,10.241878,7.500000,存活,24511,24.511000
20,3,Chris Soules,0.096388,9.638765,7.000000,存活,24511,24.511000
20,3,Nastia Liukin,0.095095,9.509544,8.500000,存活,24511,24.511000
20,3,Suzanne Somers,0.089144,8.914357,6.250000,存活,24511,24.511000
20,3,Michael Sam,0.084883,8.488302,6.000000,存活,24511,24.511000
20,3,Patti LaBelle,0.082925,8.292515,5.500000,存活,24511,24.511000
20,3,Robert Herjavec,0.078817,7.881748,7.250000,存活,24511,24.511000
20,3,Charlotte McKinney,0.019393,1.939261,5.500000,淘汰,24511,24.511000
20,4,Willow Shields,0.131322,13.132167,9.750000,存活,11592,11.592000
20,4,Suzanne Somers,0.121663,12.166304,7.000000,存活,11592,11.592000
20,4,Rumer Willis,0.118376,11.837593,8.750000,存活,11592,11.592000
20,4,Riker Lynch,0.114053,11.405298,8.500000,存活,11592,11.592000
20,4,Chris Soules,0.112839,11.283871,6.750000,存活,11592,11.592000
20,4,Patti LaBelle,0.110536,11.053610,7.500000,存活,11592,11.592000
20,4,Noah Galloway,0.104960,10.496046,8.000000,存活,11592,11.592000
20,4,Nastia Liukin,0.096162,9.616187,9.000000,存活,11592,11.592000
20,4,Robert Herjavec,0.087850,8.784969,8.500000,存活,11592,11.592000
20,4,Michael Sam,0.002240,0.223956,7.500000,淘汰,11592,11.592000
20,5,Rumer Willis,0.146619,14.661897,9.750000,存活,8571,8.571000
20,5,Riker Lynch,0.142194,14.219366,9.500000,存活,8571,8.571000
20,5,Patti LaBelle,0.129815,12.981494,6.750000,存活,8571,8.571000
20,5,Willow Shields,0.127338,12.733758,8.500000,存活,8571,8.571000
20,5,Chris Soules,0.125951,12.595050,6.750000,存活,8571,8.571000
20,5,Noah Galloway,0.124504,12.450385,7.000000,存活,8571,8.571000
20,5,Nastia Liukin,0.112084,11.208439,9.500000,存活,8571,8.571000
20,5,Robert Herjavec,0.088767,8.876689,6.000000,存活,8571,8.571000
20,5,Suzanne Somers,0.002729,0.272921,7.000000,淘汰,8571,8.571000
20,6,Noah Galloway,0.160681,16.068118,8.500000,存活,13620,13.620000
20,6,Riker Lynch,0.155502,15.550163,9.500000,存活,13620,13.620000
20,6,Willow Shields,0.148555,14.855549,9.125000,存活,13620,13.620000
20,6,Rumer Willis,0.143459,14.345886,8.875000,存活,13620,13.620000
20,6,Chris Soules,0.137869,13.786858,8.750000,存活,13620,13.620000
20,6,Robert Herjavec,0.135084,13.508385,8.375000,存活,13620,13.620000
20,6,Nastia Liukin,0.116417,11.641728,9.125000,存活,13620,13.620000
20,6,Patti LaBelle,0.002433,0.243314,8.500000,淘汰,13620,13.620000
20,7,Rumer Willis,0.195746,19.574602,9.250000,存活,6604,6.604000
20,7,Riker Lynch,0.195713,19.571265,9.250000,存活,6604,6.604000
20,7,Noah Galloway,0.193412,19.341190,9.500000,存活,6604,6.604000
20,7,Chris Soules,0.157721,15.772118,7.750000,存活,6604,6.604000
20,7,Nastia Liukin,0.130232,13.023212,10.250000,存活,6604,6.604000
20,7,Robert Herjavec,0.125029,12.502899,7.750000,存活,6604,6.604000
20,7,Willow Shields,0.002147,0.214713,9.750000,淘汰,6604,6.604000
20,8,Rumer Willis,0.218242,21.824214,10.000000,存活,59063,59.063000
20,8,Riker Lynch,0.212876,21.287602,9.750000,存活,59063,59.063000
20,8,Noah Galloway,0.178625,17.862510,7.875000,存活,59063,59.063000
20,8,Nastia Liukin,0.164295,16.429504,9.500000,存活,59063,59.063000
20,8,Chris Soules,0.133100,13.310026,8.000000,淘汰,59063,59.063000
20,8,Robert Herjavec,0.092861,9.286144,7.750000,淘汰,59063,59.063000
20,9,Rumer Willis,0.290554,29.055386,9.750000,存活,54005,54.005000
20,9,Riker Lynch,0.273515,27.351502,10.000000,存活,54005,54.005000
20,9,Noah Galloway,0.272478,27.247794,9.500000,存活,54005,54.005000
20,9,Nastia Liukin,0.163453,16.345318,10.000000,淘汰,54005,54.005000
20,10,Rumer Willis,0.346370,34.636993,10.000000,存活,100000,100.000000
20,10,Riker Lynch,0.345501,34.550119,10.000000,存活,100000,100.000000
20,10,Noah Galloway,0.308129,30.812888,9.000000,存活,100000,100.000000
21,1,Alexa PenaVega,0.107432,10.743195,7.333333,存活,2377,2.377000
21,1,Alek Skarlatos,0.104289,10.428857,7.333333,存活,2377,2.377000
21,1,Hayes Grier,0.103400,10.340014,7.000000,存活,2377,2.377000
21,1,Andy Grammer,0.101482,10.148240,7.000000,存活,2377,2.377000
21,1,Tamar Braxton,0.100220,10.021976,7.666667,存活,2377,2.377000
21,1,Nick Carter,0.088972,8.897161,8.000000,存活,2377,2.377000
21,1,Gary Busey,0.073210,7.321034,5.000000,存活,2377,2.377000
21,1,Bindi Irwin,0.072182,7.218151,8.000000,存活,2377,2.377000
21,1,Paula Deen,0.070341,7.034092,5.000000,存活,2377,2.377000
21,1,Chaka Khan,0.062777,6.277725,4.333333,存活,2377,2.377000
21,1,Victor Espinoza,0.057501,5.750097,5.000000,存活,2377,2.377000
21,1,Kim Zolciak-Biermann,0.056315,5.631460,4.000000,存活,2377,2.377000
21,1,Carlos PenaVega,0.001880,0.187998,7.666667,淘汰,2377,2.377000
21,2,Tamar Braxton,0.097083,9.708270,8.166667,存活,38329,38.329000
21,2,Alexa PenaVega,0.092189,9.218909,7.666667,存活,38329,38.329000
21,2,Hayes Grier,0.090884,9.088427,7.500000,存活,38329,38.329000
21,2,Carlos PenaVega,0.090223,9.022325,7.500000,存活,38329,38.329000
21,2,Nick Carter,0.089391,8.939148,7.500000,存活,38329,38.329000
21,2,Andy Grammer,0.087602,8.760172,7.333333,存活,38329,38.329000
21,2,Alek Skarlatos,0.087395,8.739514,7.500000,存活,38329,38.329000
21,2,Bindi Irwin,0.074302,7.430171,8.000000,存活,38329,38.329000
21,2,Gary Busey,0.072788,7.278835,5.500000,存活,38329,38.329000
21,2,Kim Zolciak-Biermann,0.071801,7.180146,6.166667,存活,38329,38.329000
21,2,Paula Deen,0.071616,7.161597,6.166667,存活,38329,38.329000
21,2,Victor Espinoza,0.039928,3.992778,6.166667,淘汰,38329,38.329000
21,2,Chaka Khan,0.034797,3.479708,5.000000,淘汰,38329,38.329000
21,3,Alexa PenaVega,0.120867,12.086724,9.000000,存活,100000,100.000000
21,3,Nick Carter,0.119993,11.999253,9.000000,存活,100000,100.000000
21,3,Tamar Braxton,0.110098,11.009850,8.250000,存活,100000,100.000000
21,3,Alek Skarlatos,0.108311,10.831063,8.250000,存活,100000,100.000000
21,3,Carlos PenaVega,0.104964,10.496442,7.750000,存活,100000,100.000000
21,3,Hayes Grier,0.102855,10.285514,7.500000,存活,100000,100.000000
21,3,Andy Grammer,0.097253,9.725289,7.250000,存活,100000,100.000000
21,3,Gary Busey,0.085316,8.531564,6.250000,存活,100000,100.000000
21,3,Bindi Irwin,0.083923,8.392333,8.000000,存活,100000,100.000000
21,3,Paula Deen,0.066420,6.641968,5.000000,存活,100000,100.000000
21,4,Hayes Grier,0.125238,12.523817,9.000000,存活,30389,30.389000
21,4,Nick Carter,0.122792,12.279156,9.000000,存活,30389,30.389000
21,4,Tamar Braxton,0.122243,12.224272,9.000000,存活,30389,30.389000
21,4,Carlos PenaVega,0.115069,11.506937,8.333333,存活,30389,30.389000
21,4,Alek Skarlatos,0.107519,10.751901,8.000000,存活,30389,30.389000
21,4,Andy Grammer,0.104868,10.486781,7.666667,存活,30389,30.389000
21,4,Bindi Irwin,0.098495,9.849483,9.333333,存活,30389,30.389000
21,4,Alexa PenaVega,0.096917,9.691730,7.000000,存活,30389,30.389000
21,4,Paula Deen,0.080047,8.004722,6.000000,存活,30389,30.389000
21,4,Gary Busey,0.026812,2.681201,5.333333,淘汰,30389,30.389000
21,5,Alexa PenaVega,0.136813,13.681278,10.000000,存活,100000,100.000000
21,5,Carlos PenaVega,0.133191,13.319093,9.750000,存活,100000,100.000000
21,5,Andy Grammer,0.122405,12.240455,9.000000,存活,100000,100.000000
21,5,Nick Carter,0.119695,11.969484,8.750000,存活,100000,100.000000
21,5,Hayes Grier,0.104800,10.480030,7.500000,存活,100000,100.000000
21,5,Tamar Braxton,0.099593,9.959292,7.250000,存活,100000,100.000000
21,5,Bindi Irwin,0.098581,9.858091,9.250000,存活,100000,100.000000
21,5,Alek Skarlatos,0.097695,9.769484,7.250000,存活,100000,100.000000
21,5,Paula Deen,0.087228,8.722792,6.500000,存活,100000,100.000000
21,6,Andy Grammer,0.137434,13.743351,10.000000,存活,33488,33.488000
21,6,Tamar Braxton,0.136964,13.696376,10.000000,存活,33488,33.488000
21,6,Nick Carter,0.133754,13.375382,9.750000,存活,33488,33.488000
21,6,Carlos PenaVega,0.132249,13.224864,9.500000,存活,33488,33.488000
21,6,Hayes Grier,0.112436,11.243612,8.000000,存活,33488,33.488000
21,6,Bindi Irwin,0.107784,10.778379,10.000000,存活,33488,33.488000
21,6,Alexa PenaVega,0.105149,10.514897,7.500000,存活,33488,33.488000
21,6,Alek Skarlatos,0.101646,10.164565,7.500000,存活,33488,33.488000
21,6,Paula Deen,0.032586,3.258575,6.000000,淘汰,33488,33.488000
21,7,Alexa PenaVega,0.157331,15.733080,9.166667,存活,6406,6.406000
21,7,Tamar Braxton,0.152972,15.297225,9.000000,存活,6406,6.406000
21,7,Nick Carter,0.152881,15.288088,9.000000,存活,6406,6.406000
21,7,Alek Skarlatos,0.147251,14.725120,8.833333,存活,6406,6.406000
21,7,Andy Grammer,0.144349,14.434941,9.333333,存活,6406,6.406000
21,7,Carlos PenaVega,0.143406,14.340625,9.333333,存活,6406,6.406000
21,7,Bindi Irwin,0.099980,9.997985,9.666667,存活,6406,6.406000
21,7,Hayes Grier,0.001829,0.182936,9.333333,淘汰,6406,6.406000
21,8,Nick Carter,0.187805,18.780464,11.000000,存活,38836,38.836000
21,8,Carlos PenaVega,0.166759,16.675852,9.666600,存活,38836,38.836000
21,8,Tamar Braxton,0.160326,16.032586,9.333333,存活,38836,38.836000
21,8,Alexa PenaVega,0.156063,15.606309,8.999933,存活,38836,38.836000
21,8,Alek Skarlatos,0.140574,14.057425,8.333333,存活,38836,38.836000
21,8,Bindi Irwin,0.125368,12.536810,9.333333,存活,38836,38.836000
21,8,Andy Grammer,0.063106,6.310553,7.999933,淘汰,38836,38.836000
21,9,Nick Carter,0.215067,21.506692,9.166667,存活,6532,6.532000
21,9,Carlos PenaVega,0.213117,21.311668,9.000000,存活,6532,6.532000
21,9,Alek Skarlatos,0.195624,19.562352,8.500000,存活,6532,6.532000
21,9,Tamar Braxton,0.191488,19.148824,8.166667,存活,6532,6.532000
21,9,Bindi Irwin,0.182360,18.235953,10.000000,存活,6532,6.532000
21,9,Alexa PenaVega,0.002345,0.234511,10.000000,淘汰,6532,6.532000
21,10,Carlos PenaVega,0.281805,28.180473,10.500000,存活,100000,100.000000
21,10,Alek Skarlatos,0.251382,25.138249,9.500000,存活,100000,100.000000
21,10,Nick Carter,0.243957,24.395736,9.000000,存活,100000,100.000000
21,10,Bindi Irwin,0.222855,22.285541,10.500000,存活,100000,100.000000
21,11,Alek Skarlatos,0.356945,35.694472,9.333300,存活,11176,11.176000
21,11,Nick Carter,0.336155,33.615462,10.000000,存活,11176,11.176000
21,11,Bindi Irwin,0.303009,30.300910,10.000000,存活,11176,11.176000
21,11,Carlos PenaVega,0.003892,0.389156,10.000000,淘汰,11176,11.176000
22,1,Wanya Morris,0.098990,9.898990,7.666667,存活,100000,100.000000
22,1,Nyle DiMarco,0.096810,9.681028,7.666667,存活,100000,100.000000
22,1,Ginger Zee,0.095170,9.517020,7.666667,存活,100000,100.000000
22,1,Paige VanZant,0.090034,9.003399,7.000000,存活,100000,100.000000
22,1,Antonio Brown,0.089915,8.991476,7.000000,存活,100000,100.000000
22,1,Von Miller,0.089889,8.988928,7.000000,存活,100000,100.000000
22,1,Marla Maples,0.088305,8.830536,7.000000,存活,100000,100.000000
22,1,Jodie Sweetin,0.087338,8.733807,6.666667,存活,100000,100.000000
22,1,Kim Fields,0.087014,8.701399,6.666667,存活,100000,100.000000
22,1,Doug Flutie,0.064843,6.484323,5.000000,存活,100000,100.000000
22,1,Mischa Barton,0.056544,5.654357,5.333333,存活,100000,100.000000
22,1,Geraldo Rivera,0.055147,5.514736,4.333333,存活,100000,100.000000
22,2,Wanya Morris,0.107644,10.764409,8.000000,存活,27052,27.052000
22,2,Paige VanZant,0.106594,10.659431,8.000000,存活,27052,27.052000
22,2,Jodie Sweetin,0.095722,9.572174,7.000000,存活,27052,27.052000
22,2,Ginger Zee,0.091205,9.120517,7.000000,存活,27052,27.052000
22,2,Doug Flutie,0.089692,8.969218,6.666667,存活,27052,27.052000
22,2,Von Miller,0.089179,8.917879,6.666667,存活,27052,27.052000
22,2,Nyle DiMarco,0.088360,8.836023,6.666667,存活,27052,27.052000
22,2,Marla Maples,0.087694,8.769436,6.666667,存活,27052,27.052000
22,2,Kim Fields,0.086990,8.698988,6.333333,存活,27052,27.052000
22,2,Antonio Brown,0.085105,8.510460,6.333333,存活,27052,27.052000
22,2,Mischa Barton,0.055349,5.534907,5.000000,存活,27052,27.052000
22,2,Geraldo Rivera,0.016466,1.646557,4.333333,淘汰,27052,27.052000
22,3,Nyle DiMarco,0.110522,11.052167,8.333333,存活,28579,28.579000
22,3,Wanya Morris,0.107826,10.782640,8.000000,存活,28579,28.579000
22,3,Jodie Sweetin,0.104769,10.476943,7.666667,存活,28579,28.579000
22,3,Paige VanZant,0.102963,10.296269,7.666667,存活,28579,28.579000
22,3,Kim Fields,0.100624,10.062393,7.333333,存活,28579,28.579000
22,3,Marla Maples,0.092331,9.233053,7.000000,存活,28579,28.579000
22,3,Ginger Zee,0.091023,9.102309,7.000000,存活,28579,28.579000
22,3,Doug Flutie,0.089893,8.989335,6.666667,存活,28579,28.579000
22,3,Von Miller,0.089884,8.988388,6.666667,存活,28579,28.579000
22,3,Antonio Brown,0.089736,8.973567,6.666667,存活,28579,28.579000
22,3,Mischa Barton,0.020429,2.042935,6.000000,淘汰,28579,28.579000
22,4,Paige VanZant,0.116764,11.676352,9.000000,存活,12654,12.654000
22,4,Jodie Sweetin,0.115457,11.545736,6.750000,存活,12654,12.654000
22,4,Wanya Morris,0.115284,11.528351,8.750000,存活,12654,12.654000
22,4,Antonio Brown,0.114729,11.472875,8.750000,存活,12654,12.654000
22,4,Ginger Zee,0.114520,11.452023,9.000000,存活,12654,12.654000
22,4,Nyle DiMarco,0.110411,11.041056,8.500000,存活,12654,12.654000
22,4,Kim Fields,0.105335,10.533531,8.000000,存活,12654,12.654000
22,4,Von Miller,0.104490,10.449029,8.000000,存活,12654,12.654000
22,4,Doug Flutie,0.100692,10.069225,6.000000,存活,12654,12.654000
22,4,Marla Maples,0.002318,0.231822,7.000000,淘汰,12654,12.654000
22,5,Nyle DiMarco,0.131549,13.154950,9.250000,存活,100000,100.000000
22,5,Jodie Sweetin,0.128094,12.809419,8.750000,存活,100000,100.000000
22,5,Ginger Zee,0.112483,11.248307,8.000000,存活,100000,100.000000
22,5,Paige VanZant,0.112078,11.207826,7.750000,存活,100000,100.000000
22,5,Wanya Morris,0.110029,11.002871,7.500000,存活,100000,100.000000
22,5,Von Miller,0.105256,10.525561,7.250000,存活,100000,100.000000
22,5,Kim Fields,0.103523,10.352297,7.000000,存活,100000,100.000000
22,5,Doug Flutie,0.101921,10.192089,7.000000,存活,100000,100.000000
22,5,Antonio Brown,0.095067,9.506680,6.500000,存活,100000,100.000000
22,6,Wanya Morris,0.136284,13.628369,9.666667,存活,33334,33.334000
22,6,Paige VanZant,0.130016,13.001580,9.333333,存活,33334,33.334000
22,6,Antonio Brown,0.125658,12.565785,9.000000,存活,33334,33.334000
22,6,Jodie Sweetin,0.119383,11.938331,8.333333,存活,33334,33.334000
22,6,Nyle DiMarco,0.115604,11.560409,8.333333,存活,33334,33.334000
22,6,Kim Fields,0.114335,11.433542,8.000000,存活,33334,33.334000
22,6,Von Miller,0.111727,11.172720,8.000000,存活,33334,33.334000
22,6,Ginger Zee,0.108432,10.843163,8.000000,存活,33334,33.334000
22,6,Doug Flutie,0.038561,3.856101,7.000000,淘汰,33334,33.334000
22,7,Jodie Sweetin,0.159037,15.903662,8.500000,存活,30395,30.395000
22,7,Antonio Brown,0.142850,14.285016,8.666667,存活,30395,30.395000
22,7,Wanya Morris,0.134985,13.498548,9.166667,存活,30395,30.395000
22,7,Nyle DiMarco,0.134827,13.482710,9.333333,存活,30395,30.395000
22,7,Paige VanZant,0.134310,13.431014,9.166667,存活,30395,30.395000
22,7,Ginger Zee,0.130870,13.087043,9.166667,存活,30395,30.395000
22,7,Kim Fields,0.083829,8.382900,8.666667,淘汰,30395,30.395000
22,7,Von Miller,0.079291,7.929106,8.666667,淘汰,30395,30.395000
22,8,Nyle DiMarco,0.209239,20.923890,9.666667,存活,6771,6.771000
22,8,Ginger Zee,0.203990,20.398972,10.000000,存活,6771,6.771000
22,8,Paige VanZant,0.203917,20.391652,9.333333,存活,6771,6.771000
22,8,Antonio Brown,0.196748,19.674759,9.000000,存活,6771,6.771000
22,8,Wanya Morris,0.183904,18.390416,8.333333,存活,6771,6.771000
22,8,Jodie Sweetin,0.002203,0.220311,10.000000,淘汰,6771,6.771000
22,9,Paige VanZant,0.236587,23.658746,9.833333,存活,46116,46.116000
22,9,Nyle DiMarco,0.227703,22.770254,9.500000,存活,46116,46.116000
22,9,Ginger Zee,0.220777,22.077733,9.333333,存活,46116,46.116000
22,9,Wanya Morris,0.195905,19.590500,10.000000,淘汰,46116,46.116000
22,9,Antonio Brown,0.119028,11.902767,9.166667,淘汰,46116,46.116000
22,10,Paige VanZant,0.343841,34.384140,9.888867,存活,100000,100.000000
22,10,Nyle DiMarco,0.333668,33.366847,9.666600,存活,100000,100.000000
22,10,Ginger Zee,0.322490,32.249012,9.444400,存活,100000,100.000000
23,1,Laurie Hernandez,0.090889,9.088883,7.750000,存活,8663,8.663000
23,1,Ryan Lochte,0.089855,8.985532,6.000000,存活,8663,8.663000
23,1,Amber Rose,0.089019,8.901929,6.000000,存活,8663,8.663000
23,1,Jake T. Austin,0.083983,8.398337,5.500000,存活,8663,8.663000
23,1,Maureen McCormick,0.083936,8.393562,5.500000,存活,8663,8.663000
23,1,Marilu Henner,0.083705,8.370474,6.750000,存活,8663,8.663000
23,1,Babyface,0.083611,8.361125,6.500000,存活,8663,8.663000
23,1,Vanilla Ice,0.082932,8.293168,6.250000,存活,8663,8.663000
23,1,Calvin Johnson Jr.,0.082756,8.275628,6.500000,存活,8663,8.663000
23,1,James Hinchcliffe,0.071939,7.193936,7.750000,存活,8663,8.663000
23,1,Rick Perry,0.071249,7.124924,5.000000,存活,8663,8.663000
23,1,Jana Kramer,0.059352,5.935199,6.750000,淘汰,8663,8.663000
23,1,Terra Jole,0.026773,2.677301,6.250000,淘汰,8663,8.663000
23,2,Laurie Hernandez,0.094221,9.422054,8.000000,存活,11770,11.770000
23,2,Terra Jole,0.090201,9.020072,7.750000,存活,11770,11.770000
23,2,Babyface,0.090026,9.002593,7.500000,存活,11770,11.770000
23,2,Jana Kramer,0.087017,8.701700,7.250000,存活,11770,11.770000
23,2,Amber Rose,0.083903,8.390257,6.000000,存活,11770,11.770000
23,2,Ryan Lochte,0.083374,8.337362,6.000000,存活,11770,11.770000
23,2,Calvin Johnson Jr.,0.082891,8.289078,7.000000,存活,11770,11.770000
23,2,Marilu Henner,0.081849,8.184892,6.750000,存活,11770,11.770000
23,2,Rick Perry,0.079178,7.917850,5.500000,存活,11770,11.770000
23,2,Maureen McCormick,0.078622,7.862203,6.500000,存活,11770,11.770000
23,2,Vanilla Ice,0.078361,7.836055,6.500000,存活,11770,11.770000
23,2,James Hinchcliffe,0.067840,6.783972,7.250000,存活,11770,11.770000
23,2,Jake T. Austin,0.002519,0.251914,6.000000,淘汰,11770,11.770000
23,3,Calvin Johnson Jr.,0.105060,10.506045,8.000000,存活,26043,26.043000
23,3,Laurie Hernandez,0.101856,10.185620,7.750000,存活,26043,26.043000
23,3,Terra Jole,0.096690,9.669044,7.500000,存活,26043,26.043000
23,3,Marilu Henner,0.094165,9.416467,7.000000,存活,26043,26.043000
23,3,Maureen McCormick,0.094055,9.405462,7.000000,存活,26043,26.043000
23,3,Jana Kramer,0.086867,8.686722,6.500000,存活,26043,26.043000
23,3,Babyface,0.083627,8.362741,6.250000,存活,26043,26.043000
23,3,Ryan Lochte,0.082776,8.277563,6.250000,存活,26043,26.043000
23,3,Amber Rose,0.081892,8.189165,6.250000,存活,26043,26.043000
23,3,Vanilla Ice,0.078281,7.828082,5.750000,存活,26043,26.043000
23,3,James Hinchcliffe,0.075719,7.571868,7.250000,存活,26043,26.043000
23,3,Rick Perry,0.019012,1.901220,5.750000,淘汰,26043,26.043000
23,4,Laurie Hernandez,0.121023,12.102259,10.000000,存活,36793,36.793000
23,4,Maureen McCormick,0.099538,9.953763,8.000000,存活,36793,36.793000
23,4,Terra Jole,0.099456,9.945609,8.333333,存活,36793,36.793000
23,4,Jana Kramer,0.097107,9.710650,7.666667,存活,36793,36.793000
23,4,Amber Rose,0.096551,9.655089,8.000000,存活,36793,36.793000
23,4,Calvin Johnson Jr.,0.096336,9.633568,7.666667,存活,36793,36.793000
23,4,Ryan Lochte,0.094866,9.486550,7.333333,存活,36793,36.793000
23,4,Marilu Henner,0.092109,9.210893,7.000000,存活,36793,36.793000
23,4,James Hinchcliffe,0.089807,8.980744,9.333333,存活,36793,36.793000
23,4,Vanilla Ice,0.075062,7.506197,7.666667,淘汰,36793,36.793000
23,4,Babyface,0.038147,3.814676,6.000000,淘汰,36793,36.793000
23,5,Marilu Henner,0.122328,12.232829,9.000000,存活,100000,100.000000
23,5,Terra Jole,0.117706,11.770554,9.000000,存活,100000,100.000000
23,5,Jana Kramer,0.116993,11.699293,8.666667,存活,100000,100.000000
23,5,Laurie Hernandez,0.111512,11.151176,8.333333,存活,100000,100.000000
23,5,Maureen McCormick,0.109106,10.910604,8.000000,存活,100000,100.000000
23,5,Calvin Johnson Jr.,0.107154,10.715415,8.000000,存活,100000,100.000000
23,5,Ryan Lochte,0.106927,10.692733,8.000000,存活,100000,100.000000
23,5,Amber Rose,0.106566,10.656611,8.000000,存活,100000,100.000000
23,5,James Hinchcliffe,0.101708,10.170785,9.666667,存活,100000,100.000000
23,6,Jana Kramer,0.143128,14.312819,10.000000,存活,33572,33.572000
23,6,Calvin Johnson Jr.,0.131433,13.143303,9.250000,存活,33572,33.572000
23,6,Laurie Hernandez,0.131430,13.142973,9.250000,存活,33572,33.572000
23,6,Marilu Henner,0.123758,12.375760,8.500000,存活,33572,33.572000
23,6,Maureen McCormick,0.112863,11.286335,7.750000,存活,33572,33.572000
23,6,Ryan Lochte,0.107120,10.712031,7.500000,存活,33572,33.572000
23,6,James Hinchcliffe,0.106641,10.664117,9.500000,存活,33572,33.572000
23,6,Terra Jole,0.104830,10.482955,7.500000,存活,33572,33.572000
23,6,Amber Rose,0.038797,3.879707,7.000000,淘汰,33572,33.572000
23,7,Marilu Henner,0.166335,16.633519,8.000000,存活,14671,14.671000
23,7,Ryan Lochte,0.154070,15.406986,8.250000,存活,14671,14.671000
23,7,Calvin Johnson Jr.,0.146820,14.681995,9.250000,存活,14671,14.671000
23,7,Jana Kramer,0.137680,13.768038,8.625000,存活,14671,14.671000
23,7,Laurie Hernandez,0.136060,13.606026,8.625000,存活,14671,14.671000
23,7,Terra Jole,0.135129,13.512948,8.625000,存活,14671,14.671000
23,7,James Hinchcliffe,0.116006,11.600600,9.250000,存活,14671,14.671000
23,7,Maureen McCormick,0.007899,0.789887,8.250000,淘汰,14671,14.671000
23,8,Laurie Hernandez,0.179788,17.978828,11.000000,存活,12711,12.711000
23,8,Terra Jole,0.169177,16.917686,8.000000,存活,12711,12.711000
23,8,Marilu Henner,0.168490,16.848973,7.666667,存活,12711,12.711000
23,8,Jana Kramer,0.165700,16.570000,10.000000,存活,12711,12.711000
23,8,Calvin Johnson Jr.,0.163333,16.333310,10.000000,存活,12711,12.711000
23,8,James Hinchcliffe,0.151052,15.105220,11.666600,存活,12711,12.711000
23,8,Ryan Lochte,0.002460,0.245983,8.666667,淘汰,12711,12.711000
23,9,Jana Kramer,0.207707,20.770718,10.000000,存活,15935,15.935000
23,9,Laurie Hernandez,0.206239,20.623874,10.000000,存活,15935,15.935000
23,9,James Hinchcliffe,0.195506,19.550596,9.000000,存活,15935,15.935000
23,9,Terra Jole,0.194945,19.494508,9.500000,存活,15935,15.935000
23,9,Calvin Johnson Jr.,0.192500,19.249982,9.250000,存活,15935,15.935000
23,9,Marilu Henner,0.003103,0.310322,9.000000,淘汰,15935,15.935000
23,10,Jana Kramer,0.278605,27.860495,9.666667,存活,9639,9.639000
23,10,Calvin Johnson Jr.,0.266389,26.638929,9.333333,存活,9639,9.639000
23,10,Laurie Hernandez,0.232118,23.211752,10.000000,存活,9639,9.639000
23,10,James Hinchcliffe,0.220124,22.012412,9.833333,存活,9639,9.639000
23,10,Terra Jole,0.002764,0.276412,10.000000,淘汰,9639,9.639000
23,11,Laurie Hernandez,0.344897,34.489708,9.833300,存活,23145,23.145000
23,11,Calvin Johnson Jr.,0.336084,33.608448,9.583275,存活,23145,23.145000
23,11,James Hinchcliffe,0.276963,27.696311,9.749950,存活,23145,23.145000
23,11,Jana Kramer,0.042055,4.205533,8.875000,淘汰,23145,23.145000
24,1,Simone Biles,0.106134,10.613409,8.000000,存活,100000,100.000000
24,1,Rashad Jennings,0.103187,10.318658,7.750000,存活,100000,100.000000
24,1,Heather Morris,0.094992,9.499247,7.000000,存活,100000,100.000000
24,1,David Ross,0.093486,9.348588,7.000000,存活,100000,100.000000
24,1,Nancy Kerrigan,0.093379,9.337927,7.000000,存活,100000,100.000000
24,1,Normani,0.091158,9.115814,6.750000,存活,100000,100.000000
24,1,Erika Jayne,0.081129,8.112899,6.000000,存活,100000,100.000000
24,1,Nick Viall,0.079129,7.912943,6.000000,存活,100000,100.000000
24,1,Bonner Bolton,0.073967,7.396735,5.500000,存活,100000,100.000000
24,1,Mr. T,0.068819,6.881862,5.000000,存活,100000,100.000000
24,1,Charo,0.057962,5.796162,5.250000,存活,100000,100.000000
24,1,Chris Kattan,0.056658,5.665756,4.250000,存活,100000,100.000000
24,2,Normani,0.104245,10.424506,8.000000,存活,24979,24.979000
24,2,Rashad Jennings,0.103234,10.323421,8.000000,存活,24979,24.979000
24,2,Heather Morris,0.098611,9.861082,7.500000,存活,24979,24.979000
24,2,Simone Biles,0.093629,9.362936,7.250000,存活,24979,24.979000
24,2,Erika Jayne,0.091321,9.132116,7.000000,存活,24979,24.979000
24,2,Bonner Bolton,0.091081,9.108057,7.000000,存活,24979,24.979000
24,2,Nancy Kerrigan,0.090971,9.097148,7.000000,存活,24979,24.979000
24,2,David Ross,0.087364,8.736388,6.750000,存活,24979,24.979000
24,2,Nick Viall,0.079985,7.998520,6.250000,存活,24979,24.979000
24,2,Mr. T,0.075690,7.568987,5.500000,存活,24979,24.979000
24,2,Charo,0.066763,6.676326,6.250000,存活,24979,24.979000
24,2,Chris Kattan,0.017105,1.710513,5.500000,淘汰,24979,24.979000
24,3,Normani,0.114387,11.438700,8.500000,存活,28365,28.365000
24,3,Heather Morris,0.112289,11.228931,8.250000,存活,28365,28.365000
24,3,Nancy Kerrigan,0.110088,11.008750,8.250000,存活,28365,28.365000
24,3,Simone Biles,0.106868,10.686765,8.000000,存活,28365,28.365000
24,3,David Ross,0.103794,10.379363,7.750000,存活,28365,28.365000
24,3,Rashad Jennings,0.094476,9.447646,7.000000,存活,28365,28.365000
24,3,Erika Jayne,0.088615,8.861468,6.500000,存活,28365,28.365000
24,3,Nick Viall,0.085648,8.564804,6.500000,存活,28365,28.365000
24,3,Mr. T,0.082390,8.239039,6.000000,存活,28365,28.365000
24,3,Bonner Bolton,0.080972,8.097165,6.000000,存活,28365,28.365000
24,3,Charo,0.020474,2.047370,6.000000,淘汰,28365,28.365000
24,4,Rashad Jennings,0.125549,12.554914,9.750000,存活,30751,30.751000
24,4,Simone Biles,0.116553,11.655323,9.000000,存活,30751,30.751000
24,4,Heather Morris,0.114984,11.498440,8.750000,存活,30751,30.751000
24,4,Nancy Kerrigan,0.106463,10.646264,8.250000,存活,30751,30.751000
24,4,Normani,0.104549,10.454886,8.000000,存活,30751,30.751000
24,4,Bonner Bolton,0.104477,10.447688,8.000000,存活,30751,30.751000
24,4,David Ross,0.100534,10.053385,7.750000,存活,30751,30.751000
24,4,Erika Jayne,0.098820,9.882032,7.500000,存活,30751,30.751000
24,4,Nick Viall,0.095935,9.593481,7.500000,存活,30751,30.751000
24,4,Mr. T,0.032136,3.213589,7.000000,淘汰,30751,30.751000
24,5,Normani,0.132219,13.221856,9.750000,存活,11240,11.240000
24,5,Bonner Bolton,0.130749,13.074914,7.500000,存活,11240,11.240000
24,5,Simone Biles,0.128832,12.883248,9.500000,存活,11240,11.240000
24,5,David Ross,0.126361,12.636108,7.250000,存活,11240,11.240000
24,5,Rashad Jennings,0.125610,12.561017,8.000000,存活,11240,11.240000
24,5,Nancy Kerrigan,0.121630,12.162994,9.000000,存活,11240,11.240000
24,5,Heather Morris,0.119048,11.904825,8.500000,存活,11240,11.240000
24,5,Nick Viall,0.113380,11.338034,8.500000,存活,11240,11.240000
24,5,Erika Jayne,0.002170,0.217005,8.000000,淘汰,11240,11.240000
24,6,Normani,0.156428,15.642758,9.000000,存活,4192,4.192000
24,6,Rashad Jennings,0.150839,15.083871,8.750000,存活,4192,4.192000
24,6,Simone Biles,0.148572,14.857234,8.625000,存活,4192,4.192000
24,6,Nancy Kerrigan,0.144235,14.423457,8.375000,存活,4192,4.192000
24,6,Bonner Bolton,0.135671,13.567140,7.875000,存活,4192,4.192000
24,6,David Ross,0.133496,13.349566,7.750000,存活,4192,4.192000
24,6,Nick Viall,0.128881,12.888057,7.625000,存活,4192,4.192000
24,6,Heather Morris,0.001879,0.187918,9.250000,淘汰,4192,4.192000
24,7,Normani,0.173852,17.385217,10.500000,存活,23037,23.037000
24,7,David Ross,0.172788,17.278799,8.000000,存活,23037,23.037000
24,7,Bonner Bolton,0.167429,16.742852,7.750000,存活,23037,23.037000
24,7,Rashad Jennings,0.160319,16.031868,9.750000,存活,23037,23.037000
24,7,Simone Biles,0.160288,16.028771,9.750000,存活,23037,23.037000
24,7,Nancy Kerrigan,0.084452,8.445210,9.000000,淘汰,23037,23.037000
24,7,Nick Viall,0.080873,8.087283,8.500000,淘汰,23037,23.037000
24,8,Normani,0.243638,24.363760,9.875000,存活,52487,52.487000
24,8,Rashad Jennings,0.230235,23.023519,9.375000,存活,52487,52.487000
24,8,Simone Biles,0.220329,22.032907,9.000000,存活,52487,52.487000
24,8,David Ross,0.200621,20.062117,8.125000,存活,52487,52.487000
24,8,Bonner Bolton,0.105177,10.517697,7.250000,淘汰,52487,52.487000
24,9,Rashad Jennings,0.342612,34.261222,9.625000,存活,10412,10.412000
24,9,Normani,0.341605,34.160519,9.500000,存活,10412,10.412000
24,9,David Ross,0.311517,31.151670,8.750000,存活,10412,10.412000
24,9,Simone Biles,0.004266,0.426588,10.000000,淘汰,10412,10.412000
24,10,Normani,0.341650,34.165047,9.833300,存活,100000,100.000000
24,10,Rashad Jennings,0.340916,34.091630,9.916650,存活,100000,100.000000
24,10,David Ross,0.317433,31.743323,9.083325,存活,100000,100.000000
25,1,Jordan Fisher,0.100484,10.048386,7.333333,存活,13209,13.209000
25,1,Lindsey Stirling,0.094837,9.483707,7.333333,存活,13209,13.209000
25,1,Nikki Bella,0.089032,8.903219,6.666667,存活,13209,13.209000
25,1,Frankie Muniz,0.086587,8.658716,6.333333,存活,13209,13.209000
25,1,Victoria Arlen,0.085258,8.525789,6.333333,存活,13209,13.209000
25,1,Terrell Owens,0.084663,8.466268,5.000000,存活,13209,13.209000
25,1,Nick Lachey,0.081896,8.189613,6.000000,存活,13209,13.209000
25,1,Derek Fisher,0.080571,8.057136,6.000000,存活,13209,13.209000
25,1,Barbara Corcoran,0.076714,7.671396,4.666667,存活,13209,13.209000
25,1,Debbie Gibson,0.076396,7.639605,5.666667,存活,13209,13.209000
25,1,Vanessa Lachey,0.073686,7.368602,7.000000,存活,13209,13.209000
25,1,Sasha Pieterse,0.066221,6.622091,6.000000,存活,13209,13.209000
25,1,Drew Scott,0.003655,0.365471,5.333333,淘汰,13209,13.209000
25,2,Frankie Muniz,0.097120,9.712037,8.000000,存活,30609,30.609000
25,2,Jordan Fisher,0.096694,9.669426,8.000000,存活,30609,30.609000
25,2,Victoria Arlen,0.087349,8.734948,7.333333,存活,30609,30.609000
25,2,Lindsey Stirling,0.086949,8.694865,7.500000,存活,30609,30.609000
25,2,Nikki Bella,0.081097,8.109717,6.500000,存活,30609,30.609000
25,2,Terrell Owens,0.081082,8.108217,6.500000,存活,30609,30.609000
25,2,Nick Lachey,0.080105,8.010492,6.333333,存活,30609,30.609000
25,2,Derek Fisher,0.079289,7.928913,6.333333,存活,30609,30.609000
25,2,Vanessa Lachey,0.073838,7.383787,7.833333,存活,30609,30.609000
25,2,Sasha Pieterse,0.073361,7.336059,7.500000,存活,30609,30.609000
25,2,Debbie Gibson,0.069964,6.996442,6.833333,淘汰,30609,30.609000
25,2,Drew Scott,0.067141,6.714072,6.833333,存活,30609,30.609000
25,2,Barbara Corcoran,0.026010,2.601025,5.666667,淘汰,30609,30.609000
25,3,Lindsey Stirling,0.112756,11.275593,9.000000,存活,100000,100.000000
25,3,Jordan Fisher,0.109665,10.966457,8.333333,存活,100000,100.000000
25,3,Victoria Arlen,0.094984,9.498382,7.333333,存活,100000,100.000000
25,3,Frankie Muniz,0.092785,9.278460,7.000000,存活,100000,100.000000
25,3,Nick Lachey,0.091925,9.192458,7.000000,存活,100000,100.000000
25,3,Terrell Owens,0.091197,9.119717,7.000000,存活,100000,100.000000
25,3,Derek Fisher,0.091095,9.109460,7.000000,存活,100000,100.000000
25,3,Nikki Bella,0.090847,9.084679,7.000000,存活,100000,100.000000
25,3,Drew Scott,0.078581,7.858071,7.666667,存活,100000,100.000000
25,3,Vanessa Lachey,0.078553,7.855255,7.666667,存活,100000,100.000000
25,3,Sasha Pieterse,0.067615,6.761468,6.333333,存活,100000,100.000000
25,4,Jordan Fisher,0.122478,12.247813,9.666667,存活,15853,15.853000
25,4,Nick Lachey,0.118536,11.853564,7.333333,存活,15853,15.853000
25,4,Victoria Arlen,0.111255,11.125496,9.000000,存活,15853,15.853000
25,4,Lindsey Stirling,0.104183,10.418322,8.666667,存活,15853,15.853000
25,4,Frankie Muniz,0.101742,10.174153,8.000000,存活,15853,15.853000
25,4,Nikki Bella,0.099895,9.989486,8.000000,存活,15853,15.853000
25,4,Terrell Owens,0.099803,9.980320,8.000000,存活,15853,15.853000
25,4,Sasha Pieterse,0.082155,8.215498,8.000000,存活,15853,15.853000
25,4,Vanessa Lachey,0.079252,7.925153,8.000000,存活,15853,15.853000
25,4,Drew Scott,0.078642,7.864196,8.000000,存活,15853,15.853000
25,4,Derek Fisher,0.002060,0.206000,7.666667,淘汰,15853,15.853000
25,5,Jordan Fisher,0.127699,12.769919,10.000000,存活,15375,15.375000
25,5,Frankie Muniz,0.123484,12.348393,9.666667,存活,15375,15.375000
25,5,Nick Lachey,0.116350,11.635027,7.333333,存活,15375,15.375000
25,5,Nikki Bella,0.113339,11.333869,9.000000,存活,15375,15.375000
25,5,Victoria Arlen,0.112971,11.297112,9.000000,存活,15375,15.375000
25,5,Lindsey Stirling,0.112069,11.206949,9.333333,存活,15375,15.375000
25,5,Terrell Owens,0.105477,10.547658,8.333333,存活,15375,15.375000
25,5,Vanessa Lachey,0.094685,9.468528,8.000000,存活,15375,15.375000
25,5,Drew Scott,0.082523,8.252283,8.333333,存活,15375,15.375000
25,5,Sasha Pieterse,0.011403,1.140261,8.000000,淘汰,15375,15.375000
25,6,Jordan Fisher,0.143132,14.313194,9.750000,存活,31318,31.318000
25,6,Lindsey Stirling,0.140738,14.073815,10.000000,存活,31318,31.318000
25,6,Terrell Owens,0.134205,13.420511,9.250000,存活,31318,31.318000
25,6,Nikki Bella,0.130022,13.002193,9.000000,存活,31318,31.318000
25,6,Frankie Muniz,0.115245,11.524519,7.750000,存活,31318,31.318000
25,6,Victoria Arlen,0.113261,11.326096,7.750000,存活,31318,31.318000
25,6,Vanessa Lachey,0.103046,10.304619,9.000000,存活,31318,31.318000
25,6,Drew Scott,0.086268,8.626823,7.500000,存活,31318,31.318000
25,6,Nick Lachey,0.034082,3.408230,6.500000,淘汰,31318,31.318000
25,7,Frankie Muniz,0.157692,15.769163,10.000000,存活,45933,45.933000
25,7,Victoria Arlen,0.147575,14.757478,9.500000,存活,45933,45.933000
25,7,Jordan Fisher,0.142946,14.294579,9.000000,存活,45933,45.933000
25,7,Lindsey Stirling,0.136971,13.697138,8.500000,存活,45933,45.933000
25,7,Terrell Owens,0.135572,13.557161,8.166667,存活,45933,45.933000
25,7,Drew Scott,0.116535,11.653476,9.500000,存活,45933,45.933000
25,7,Vanessa Lachey,0.087610,8.761036,9.000000,淘汰,45933,45.933000
25,7,Nikki Bella,0.075100,7.509969,8.000000,淘汰,45933,45.933000
25,8,Victoria Arlen,0.227265,22.726500,8.000000,存活,12685,12.685000
25,8,Jordan Fisher,0.214725,21.472547,10.000000,存活,12685,12.685000
25,8,Frankie Muniz,0.192866,19.286634,8.833333,存活,12685,12.685000
25,8,Lindsey Stirling,0.187198,18.719821,9.000000,存活,12685,12.685000
25,8,Drew Scott,0.174640,17.463957,7.833333,存活,12685,12.685000
25,8,Terrell Owens,0.003305,0.330541,8.500000,淘汰,12685,12.685000
25,9,Frankie Muniz,0.297192,29.719221,8.500000,存活,12846,12.846000
25,9,Jordan Fisher,0.249125,24.912545,9.666667,存活,12846,12.846000
25,9,Lindsey Stirling,0.234770,23.477006,9.500000,存活,12846,12.846000
25,9,Drew Scott,0.215274,21.527371,8.000000,存活,12846,12.846000
25,9,Victoria Arlen,0.003639,0.363858,9.333333,淘汰,12846,12.846000
25,10,Jordan Fisher,0.295843,29.584309,10.000000,存活,60986,60.986000
25,10,Frankie Muniz,0.287903,28.790273,9.722175,存活,60986,60.986000
25,10,Lindsey Stirling,0.281743,28.174343,10.000000,存活,60986,60.986000
25,10,Drew Scott,0.134511,13.451076,9.375000,淘汰,60986,60.986000
26,1,Josh Norman,0.120309,12.030936,8.000000,存活,28661,28.661000
26,1,Adam Rippon,0.119862,11.986217,8.000000,存活,28661,28.661000
26,1,Tonya Harding,0.115261,11.526087,7.666667,存活,28661,28.661000
26,1,Mirai Nagasu,0.115075,11.507514,7.666667,存活,28661,28.661000
26,1,Kareem Abdul-Jabbar,0.109370,10.937028,5.666667,存活,28661,28.661000
26,1,Jennie Finch Daigle,0.105837,10.583660,7.000000,存活,28661,28.661000
26,1,Chris Mazdzer,0.105502,10.550176,7.000000,存活,28661,28.661000
26,1,Arike Ogunbowale,0.100835,10.083497,6.666667,存活,28661,28.661000
26,1,Jamie Anderson,0.054915,5.491462,6.333333,淘汰,28661,28.661000
26,1,Johnny Damon,0.053034,5.303423,6.000000,淘汰,28661,28.661000
26,2,Mirai Nagasu,0.145402,14.540187,9.250000,存活,43348,43.348000
26,2,Adam Rippon,0.144970,14.496961,9.250000,存活,43348,43.348000
26,2,Tonya Harding,0.134487,13.448682,8.250000,存活,43348,43.348000
26,2,Chris Mazdzer,0.134329,13.432905,8.250000,存活,43348,43.348000
26,2,Jennie Finch Daigle,0.129187,12.918730,7.875000,存活,43348,43.348000
26,2,Josh Norman,0.128771,12.877126,7.875000,存活,43348,43.348000
26,2,Arike Ogunbowale,0.118070,11.806967,8.750000,淘汰,43348,43.348000
26,2,Kareem Abdul-Jabbar,0.064784,6.478441,7.375000,淘汰,43348,43.348000
26,3,Adam Rippon,0.207688,20.768817,10.250000,存活,73956,73.956000
26,3,Josh Norman,0.193719,19.371932,9.500000,存活,73956,73.956000
26,3,Tonya Harding,0.183006,18.300581,8.750000,存活,73956,73.956000
26,3,Mirai Nagasu,0.151603,15.160319,8.750000,淘汰,73956,73.956000
26,3,Chris Mazdzer,0.140010,14.001049,8.250000,淘汰,73956,73.956000
26,3,Jennie Finch Daigle,0.123973,12.397302,7.250000,淘汰,73956,73.956000
26,4,Adam Rippon,0.337835,33.783537,9.666667,存活,100000,100.000000
26,4,Josh Norman,0.333992,33.399207,9.500000,存活,100000,100.000000
26,4,Tonya Harding,0.328173,32.817256,9.333333,存活,100000,100.000000
27,1,Tinashe,0.097692,9.769244,7.666667,存活,16106,16.106000
27,1,DeMarcus Ware,0.097144,9.714439,7.666667,存活,16106,16.106000
27,1,Alexis Ren,0.095691,9.569147,7.333333,存活,16106,16.106000
27,1,Milo Manheim,0.086813,8.681295,6.666667,存活,16106,16.106000
27,1,Mary Lou Retton,0.084506,8.450588,6.666667,存活,16106,16.106000
27,1,Nancy McKeon,0.084156,8.415579,6.500000,存活,16106,16.106000
27,1,Bobby Bones,0.082563,8.256277,6.666667,存活,16106,16.106000
27,1,John Schneider,0.078335,7.833541,6.000000,存活,16106,16.106000
27,1,Danelle Umstead,0.077015,7.701543,6.000000,存活,16106,16.106000
27,1,Juan Pablo Di Pace,0.076330,7.633002,7.333333,存活,16106,16.106000
27,1,Joe Amabile,0.074120,7.412010,4.666667,存活,16106,16.106000
27,1,Evanna Lynch,0.062955,6.295546,6.000000,存活,16106,16.106000
27,1,Nikki Glaser,0.002678,0.267789,5.833333,淘汰,16106,16.106000
27,2,Milo Manheim,0.106495,10.649489,8.666667,存活,16119,16.119000
27,2,Tinashe,0.103932,10.393202,8.666667,存活,16119,16.119000
27,2,Alexis Ren,0.100455,10.045469,8.166667,存活,16119,16.119000
27,2,DeMarcus Ware,0.094077,9.407671,7.833333,存活,16119,16.119000
27,2,Mary Lou Retton,0.091992,9.199240,7.666667,存活,16119,16.119000
27,2,John Schneider,0.088302,8.830150,7.166667,存活,16119,16.119000
27,2,Joe Amabile,0.088007,8.800661,5.833333,存活,16119,16.119000
27,2,Juan Pablo Di Pace,0.085259,8.525866,8.666667,存活,16119,16.119000
27,2,Nancy McKeon,0.084252,8.425235,6.833333,存活,16119,16.119000
27,2,Evanna Lynch,0.078546,7.854591,8.000000,存活,16119,16.119000
27,2,Bobby Bones,0.076229,7.622911,6.500000,存活,16119,16.119000
27,2,Danelle Umstead,0.002455,0.245515,6.166667,淘汰,16119,16.119000
27,3,Milo Manheim,0.109626,10.962585,9.000000,存活,12753,12.753000
27,3,John Schneider,0.109284,10.928419,7.000000,存活,12753,12.753000
27,3,Tinashe,0.108561,10.856093,9.000000,存活,12753,12.753000
27,3,Alexis Ren,0.106315,10.631515,8.666667,存活,12753,12.753000
27,3,DeMarcus Ware,0.103977,10.397728,8.666667,存活,12753,12.753000
27,3,Juan Pablo Di Pace,0.096767,9.676706,10.000000,存活,12753,12.753000
27,3,Mary Lou Retton,0.095648,9.564827,8.000000,存活,12753,12.753000
27,3,Joe Amabile,0.090124,9.012357,6.000000,存活,12753,12.753000
27,3,Bobby Bones,0.089482,8.948212,7.666667,存活,12753,12.753000
27,3,Evanna Lynch,0.088115,8.811507,9.000000,存活,12753,12.753000
27,3,Nancy McKeon,0.002101,0.210050,7.333333,淘汰,12753,12.753000
27,4,Alexis Ren,0.135887,13.588714,8.333333,存活,3717,3.717000
27,4,Mary Lou Retton,0.123247,12.324721,8.666667,存活,3717,3.717000
27,4,Milo Manheim,0.122333,12.233347,9.666667,存活,3717,3.717000
27,4,DeMarcus Ware,0.116336,11.633629,7.333333,存活,3717,3.717000
27,4,John Schneider,0.113152,11.315236,7.000000,存活,3717,3.717000
27,4,Juan Pablo Di Pace,0.103465,10.346535,8.000000,存活,3717,3.717000
27,4,Evanna Lynch,0.103405,10.340537,8.000000,存活,3717,3.717000
27,4,Bobby Bones,0.102645,10.264455,6.666667,存活,3717,3.717000
27,4,Joe Amabile,0.077704,7.770440,5.000000,存活,3717,3.717000
27,4,Tinashe,0.001824,0.182385,8.666667,淘汰,3717,3.717000
27,5,Alexis Ren,0.138981,13.898116,9.666667,存活,100000,100.000000
27,5,Milo Manheim,0.128561,12.856110,9.000000,存活,100000,100.000000
27,5,DeMarcus Ware,0.122130,12.212963,8.666667,存活,100000,100.000000
27,5,Mary Lou Retton,0.116953,11.695315,8.333333,存活,100000,100.000000
27,5,John Schneider,0.114768,11.476846,8.000000,存活,100000,100.000000
27,5,Juan Pablo Di Pace,0.110944,11.094443,9.666667,存活,100000,100.000000
27,5,Bobby Bones,0.096160,9.615974,7.000000,存活,100000,100.000000
27,5,Evanna Lynch,0.092035,9.203543,8.000000,存活,100000,100.000000
27,5,Joe Amabile,0.079467,7.946691,5.666667,存活,100000,100.000000
27,6,Milo Manheim,0.142553,14.255262,10.000000,存活,10295,10.295000
27,6,Joe Amabile,0.130554,13.055352,7.333333,存活,10295,10.295000
27,6,Alexis Ren,0.130128,13.012847,9.000000,存活,10295,10.295000
27,6,Bobby Bones,0.129250,12.924985,7.333333,存活,10295,10.295000
27,6,DeMarcus Ware,0.122287,12.228707,8.666667,存活,10295,10.295000
27,6,John Schneider,0.117204,11.720429,6.333333,存活,10295,10.295000
27,6,Juan Pablo Di Pace,0.115075,11.507538,10.000000,存活,10295,10.295000
27,6,Evanna Lynch,0.110708,11.070829,9.666667,存活,10295,10.295000
27,6,Mary Lou Retton,0.002241,0.224050,8.000000,淘汰,10295,10.295000
27,7,Bobby Bones,0.162281,16.228097,8.833333,存活,23708,23.708000
27,7,Joe Amabile,0.151649,15.164883,7.833333,存活,23708,23.708000
27,7,Milo Manheim,0.149603,14.960342,9.666667,存活,23708,23.708000
27,7,Alexis Ren,0.142598,14.259789,9.166667,存活,23708,23.708000
27,7,Evanna Lynch,0.121775,12.177509,9.833333,存活,23708,23.708000
27,7,Juan Pablo Di Pace,0.116369,11.636859,9.333333,存活,23708,23.708000
27,7,John Schneider,0.082825,8.282473,9.000000,淘汰,23708,23.708000
27,7,DeMarcus Ware,0.072900,7.290049,8.833333,淘汰,23708,23.708000
27,8,Alexis Ren,0.221083,22.108291,9.666667,存活,25474,25.474000
27,8,Milo Manheim,0.207689,20.768919,9.166667,存活,25474,25.474000
27,8,Bobby Bones,0.197003,19.700252,7.500000,存活,25474,25.474000
27,8,Evanna Lynch,0.176213,17.621285,9.666667,存活,25474,25.474000
27,8,Juan Pablo Di Pace,0.133348,13.334839,10.000000,淘汰,25474,25.474000
27,8,Joe Amabile,0.064664,6.466414,7.666667,淘汰,25474,25.474000
27,9,Milo Manheim,0.273150,27.314976,10.000000,存活,100000,100.000000
27,9,Alexis Ren,0.264176,26.417635,9.500000,存活,100000,100.000000
27,9,Bobby Bones,0.238752,23.875184,9.000000,存活,100000,100.000000
27,9,Evanna Lynch,0.223922,22.392205,10.000000,存活,100000,100.000000
28,1,Kate Flannery,0.083333,8.333333,5.000000,存活,0,0.000000
28,1,James Van Der Beek,0.083333,8.333333,7.000000,淘汰,0,0.000000
28,1,Kel Mitchell,0.083333,8.333333,5.333333,存活,0,0.000000
28,1,Ray Lewis,0.083333,8.333333,5.000000,存活,0,0.000000
28,1,Lamar Odom,0.083333,8.333333,3.666667,存活,0,0.000000
28,1,Sailor Brinkley-Cook,0.083333,8.333333,6.000000,存活,0,0.000000
28,1,Sean Spicer,0.083333,8.333333,4.000000,存活,0,0.000000
28,1,Mary Wilson,0.083333,8.333333,5.666667,存活,0,0.000000
28,1,Lauren Alaina,0.083333,8.333333,6.333333,存活,0,0.000000
28,1,Ally Brooke,0.083333,8.333333,5.333333,存活,0,0.000000
28,1,Karamo Brown,0.083333,8.333333,5.666667,存活,0,0.000000
28,1,Hannah Brown,0.083333,8.333333,6.666667,存活,0,0.000000
28,2,Kate Flannery,0.083333,8.333333,7.000000,存活,0,0.000000
28,2,James Van Der Beek,0.083333,8.333333,6.666667,存活,0,0.000000
28,2,Kel Mitchell,0.083333,8.333333,6.666667,存活,0,0.000000
28,2,Ray Lewis,0.083333,8.333333,5.000000,存活,0,0.000000
28,2,Lamar Odom,0.083333,8.333333,4.000000,存活,0,0.000000
28,2,Sailor Brinkley-Cook,0.083333,8.333333,6.000000,存活,0,0.000000
28,2,Sean Spicer,0.083333,8.333333,5.333333,存活,0,0.000000
28,2,Mary Wilson,0.083333,8.333333,5.000000,淘汰,0,0.000000
28,2,Lauren Alaina,0.083333,8.333333,6.333333,存活,0,0.000000
28,2,Ally Brooke,0.083333,8.333333,6.666667,存活,0,0.000000
28,2,Karamo Brown,0.083333,8.333333,6.333333,存活,0,0.000000
28,2,Hannah Brown,0.083333,8.333333,8.000000,存活,0,0.000000
28,3,Kate Flannery,0.122374,12.237450,8.000000,存活,100000,100.000000
28,3,Ally Brooke,0.121461,12.146102,8.000000,存活,100000,100.000000
28,3,James Van Der Beek,0.117681,11.768139,7.666667,存活,100000,100.000000
28,3,Sailor Brinkley-Cook,0.114736,11.473622,7.666667,存活,100000,100.000000
28,3,Hannah Brown,0.103669,10.366851,7.000000,存活,100000,100.000000
28,3,Kel Mitchell,0.102825,10.282497,6.666667,存活,100000,100.000000
28,3,Lauren Alaina,0.102132,10.213227,6.666667,存活,100000,100.000000
28,3,Karamo Brown,0.080103,8.010317,5.333333,存活,100000,100.000000
28,3,Sean Spicer,0.073026,7.302602,5.000000,存活,100000,100.000000
28,3,Lamar Odom,0.061992,6.199193,4.000000,存活,100000,100.000000
28,4,Kel Mitchell,0.113733,11.373273,8.000000,存活,88863,88.863000
28,4,Lauren Alaina,0.112552,11.255164,8.000000,存活,88863,88.863000
28,4,Ally Brooke,0.112455,11.245508,8.000000,存活,88863,88.863000
28,4,Hannah Brown,0.109376,10.937640,8.000000,存活,88863,88.863000
28,4,Sailor Brinkley-Cook,0.106977,10.697681,7.750000,存活,88863,88.863000
28,4,Kate Flannery,0.105164,10.516411,6.500000,存活,88863,88.863000
28,4,James Van Der Beek,0.100683,10.068252,7.000000,存活,88863,88.863000
28,4,Karamo Brown,0.096660,9.665970,7.000000,存活,88863,88.863000
28,4,Sean Spicer,0.073196,7.319568,5.250000,存活,88863,88.863000
28,4,Lamar Odom,0.069205,6.920533,5.000000,淘汰,88863,88.863000
28,5,Ally Brooke,0.126022,12.602151,9.000000,存活,100000,100.000000
28,5,James Van Der Beek,0.123003,12.300260,8.666667,存活,100000,100.000000
28,5,Kel Mitchell,0.122545,12.254468,8.666667,存活,100000,100.000000
28,5,Hannah Brown,0.113884,11.388360,8.333333,存活,100000,100.000000
28,5,Kate Flannery,0.113641,11.364051,8.000000,存活,100000,100.000000
28,5,Sailor Brinkley-Cook,0.110529,11.052863,8.000000,存活,100000,100.000000
28,5,Lauren Alaina,0.108204,10.820366,7.666667,存活,100000,100.000000
28,5,Karamo Brown,0.096829,9.682924,7.000000,存活,100000,100.000000
28,5,Sean Spicer,0.085346,8.534557,6.333333,存活,100000,100.000000
28,6,Kate Flannery,0.111111,11.111111,9.000000,存活,0,0.000000
28,6,James Van Der Beek,0.111111,11.111111,9.000000,存活,0,0.000000
28,6,Kel Mitchell,0.111111,11.111111,8.666667,存活,0,0.000000
28,6,Sailor Brinkley-Cook,0.111111,11.111111,9.000000,淘汰,0,0.000000
28,6,Sean Spicer,0.111111,11.111111,7.000000,存活,0,0.000000
28,6,Lauren Alaina,0.111111,11.111111,8.666667,存活,0,0.000000
28,6,Ally Brooke,0.111111,11.111111,8.333333,存活,0,0.000000
28,6,Karamo Brown,0.111111,11.111111,8.333333,存活,0,0.000000
28,6,Hannah Brown,0.111111,11.111111,8.000000,存活,0,0.000000
28,7,Ally Brooke,0.186177,18.617697,9.000000,存活,696,0.696000
28,7,Lauren Alaina,0.183720,18.371980,9.000000,存活,696,0.696000
28,7,James Van Der Beek,0.166174,16.617418,9.000000,存活,696,0.696000
28,7,Hannah Brown,0.161137,16.113743,8.666667,存活,696,0.696000
28,7,Sean Spicer,0.153028,15.302834,7.000000,存活,696,0.696000
28,7,Kel Mitchell,0.080761,8.076084,8.500000,存活,696,0.696000
28,7,Kate Flannery,0.065593,6.559299,8.000000,存活,696,0.696000
28,7,Karamo Brown,0.003409,0.340944,8.166667,淘汰,696,0.696000
28,8,James Van Der Beek,0.220920,22.091950,10.666600,存活,3768,3.768000
28,8,Kel Mitchell,0.219659,21.965858,9.999933,存活,3768,3.768000
28,8,Ally Brooke,0.212753,21.275253,10.000000,存活,3768,3.768000
28,8,Hannah Brown,0.206321,20.632128,10.333267,存活,3768,3.768000
28,8,Sean Spicer,0.133775,13.377473,6.666667,存活,3768,3.768000
28,8,Lauren Alaina,0.003407,0.340662,8.000000,存活,3768,3.768000
28,8,Kate Flannery,0.003167,0.316676,8.666600,淘汰,3768,3.768000
28,9,Ally Brooke,0.187725,18.772469,10.000000,存活,96456,96.456000
28,9,Kel Mitchell,0.179211,17.921097,9.250000,存活,96456,96.456000
28,9,James Van Der Beek,0.177737,17.773652,9.000000,存活,96456,96.456000
28,9,Lauren Alaina,0.173809,17.380933,8.750000,存活,96456,96.456000
28,9,Hannah Brown,0.167483,16.748253,8.875000,存活,96456,96.456000
28,9,Sean Spicer,0.114036,11.403596,6.250000,淘汰,96456,96.456000
28,10,Ally Brooke,0.210874,21.087415,9.833333,存活,92587,92.587000
28,10,Kel Mitchell,0.209049,20.904900,9.500000,存活,92587,92.587000
28,10,Lauren Alaina,0.209025,20.902466,9.000000,存活,92587,92.587000
28,10,Hannah Brown,0.189910,18.991022,9.000000,存活,92587,92.587000
28,10,James Van Der Beek,0.181142,18.114197,8.500000,淘汰,92587,92.587000
28,11,Ally Brooke,0.257100,25.709983,10.000000,存活,100000,100.000000
28,11,Kel Mitchell,0.254870,25.487026,9.833333,存活,100000,100.000000
28,11,Lauren Alaina,0.244650,24.464951,9.500000,存活,100000,100.000000
28,11,Hannah Brown,0.243380,24.338040,9.666667,存活,100000,100.000000
29,1,Anne Heche,0.066667,6.666667,6.000000,存活,0,0.000000
29,1,Jesse Metcalfe,0.066667,6.666667,6.000000,存活,0,0.000000
29,1,Chrishell Stause,0.066667,6.666667,4.333333,存活,0,0.000000
29,1,Skai Jackson,0.066667,6.666667,7.000000,淘汰,0,0.000000
29,1,Justina Machado,0.066667,6.666667,7.000000,存活,0,0.000000
29,1,Charles Oakley,0.066667,6.666667,4.000000,存活,0,0.000000
29,1,Veron Davis,0.066667,6.666667,5.666667,存活,0,0.000000
29,1,Johnny Weir,0.066667,6.666667,6.000000,淘汰,0,0.000000
29,1,Nev Schulman,0.066667,6.666667,6.666667,存活,0,0.000000
29,1,AJ McLean,0.066667,6.666667,6.000000,存活,0,0.000000
29,1,Nelly,0.066667,6.666667,5.333333,存活,0,0.000000
29,1,Kaitlyn Bristowe,0.066667,6.666667,6.666667,存活,0,0.000000
29,1,Carole Baskin,0.066667,6.666667,3.666667,存活,0,0.000000
29,1,Monica Aldama,0.066667,6.666667,6.333333,存活,0,0.000000
29,1,Jeannie Mai,0.066667,6.666667,6.000000,存活,0,0.000000
29,2,Justina Machado,0.077147,7.714667,7.000000,存活,20888,20.888000
29,2,Jesse Metcalfe,0.073571,7.357099,6.666667,存活,20888,20.888000
29,2,Nev Schulman,0.073570,7.357002,7.000000,存活,20888,20.888000
29,2,Skai Jackson,0.071599,7.159940,5.000000,存活,20888,20.888000
29,2,AJ McLean,0.069479,6.947934,6.333333,存活,20888,20.888000
29,2,Anne Heche,0.068274,6.827407,6.000000,存活,20888,20.888000
29,2,Chrishell Stause,0.067304,6.730423,6.000000,存活,20888,20.888000
29,2,Nelly,0.066348,6.634773,6.000000,存活,20888,20.888000
29,2,Johnny Weir,0.065817,6.581680,6.000000,存活,20888,20.888000
29,2,Veron Davis,0.065557,6.555722,6.000000,存活,20888,20.888000
29,2,Jeannie Mai,0.064858,6.485819,6.000000,存活,20888,20.888000
29,2,Monica Aldama,0.062603,6.260290,5.333333,存活,20888,20.888000
29,2,Carole Baskin,0.062236,6.223595,5.333333,存活,20888,20.888000
29,2,Kaitlyn Bristowe,0.061931,6.193095,7.333333,存活,20888,20.888000
29,2,Charles Oakley,0.049706,4.970554,5.000000,淘汰,20888,20.888000
29,3,Johnny Weir,0.084959,8.495928,8.000000,存活,78326,78.326000
29,3,Nev Schulman,0.082315,8.231486,8.000000,存活,78326,78.326000
29,3,Chrishell Stause,0.079403,7.940296,7.333333,存活,78326,78.326000
29,3,Veron Davis,0.078158,7.815820,7.333333,存活,78326,78.326000
29,3,Jeannie Mai,0.076332,7.633191,7.333333,存活,78326,78.326000
29,3,AJ McLean,0.075240,7.523962,7.000000,存活,78326,78.326000
29,3,Monica Aldama,0.072988,7.298782,7.000000,存活,78326,78.326000
29,3,Jesse Metcalfe,0.072650,7.264961,6.666667,存活,78326,78.326000
29,3,Justina Machado,0.069339,6.933907,6.333333,存活,78326,78.326000
29,3,Anne Heche,0.068812,6.881194,5.000000,存活,78326,78.326000
29,3,Skai Jackson,0.067116,6.711623,6.000000,存活,78326,78.326000
29,3,Nelly,0.065985,6.598540,6.000000,存活,78326,78.326000
29,3,Kaitlyn Bristowe,0.064083,6.408253,7.666667,存活,78326,78.326000
29,3,Carole Baskin,0.042621,4.262057,4.000000,淘汰,78326,78.326000
29,4,Skai Jackson,0.095513,9.551328,9.333333,存活,53069,53.069000
29,4,Jesse Metcalfe,0.083880,8.387995,7.000000,存活,53069,53.069000
29,4,Justina Machado,0.082492,8.249238,8.000000,存活,53069,53.069000
29,4,Johnny Weir,0.081374,8.137378,8.000000,存活,53069,53.069000
29,4,AJ McLean,0.081358,8.135799,8.000000,存活,53069,53.069000
29,4,Monica Aldama,0.079369,7.936900,8.000000,存活,53069,53.069000
29,4,Nev Schulman,0.078296,7.829597,8.000000,存活,53069,53.069000
29,4,Nelly,0.078109,7.810889,7.000000,存活,53069,53.069000
29,4,Chrishell Stause,0.077083,7.708324,7.333333,存活,53069,53.069000
29,4,Veron Davis,0.074273,7.427292,7.333333,存活,53069,53.069000
29,4,Jeannie Mai,0.070048,7.004817,7.000000,存活,53069,53.069000
29,4,Kaitlyn Bristowe,0.063454,6.345370,8.333333,存活,53069,53.069000
29,4,Anne Heche,0.054751,5.475073,7.000000,淘汰,53069,53.069000
29,5,Johnny Weir,0.101939,10.193949,9.666667,存活,97582,97.582000
29,5,Monica Aldama,0.090067,9.006739,8.666667,存活,97582,97.582000
29,5,Nev Schulman,0.089070,8.906965,8.666667,存活,97582,97.582000
29,5,Skai Jackson,0.087699,8.769937,8.000000,存活,97582,97.582000
29,5,Justina Machado,0.087148,8.714758,8.000000,存活,97582,97.582000
29,5,Nelly,0.086348,8.634826,8.000000,存活,97582,97.582000
29,5,AJ McLean,0.086007,8.600714,8.000000,存活,97582,97.582000
29,5,Jeannie Mai,0.083620,8.361993,8.000000,存活,97582,97.582000
29,5,Kaitlyn Bristowe,0.075094,7.509432,9.000000,存活,97582,97.582000
29,5,Veron Davis,0.075076,7.507635,7.000000,存活,97582,97.582000
29,5,Chrishell Stause,0.069293,6.929332,6.333333,存活,97582,97.582000
29,5,Jesse Metcalfe,0.068637,6.863720,6.333333,淘汰,97582,97.582000
29,6,Justina Machado,0.126977,12.697713,9.000000,存活,566,0.566000
29,6,AJ McLean,0.119383,11.938340,9.000000,存活,566,0.566000
29,6,Nev Schulman,0.117689,11.768949,8.666667,存活,566,0.566000
29,6,Monica Aldama,0.116458,11.645836,9.000000,存活,566,0.566000
29,6,Chrishell Stause,0.114415,11.441491,8.000000,存活,566,0.566000
29,6,Nelly,0.112986,11.298632,8.000000,存活,566,0.566000
29,6,Jeannie Mai,0.108141,10.814142,8.333333,存活,566,0.566000
29,6,Kaitlyn Bristowe,0.095889,9.588898,9.000000,存活,566,0.566000
29,6,Skai Jackson,0.083238,8.323773,6.000000,存活,566,0.566000
29,6,Johnny Weir,0.002434,0.243363,7.333333,存活,566,0.566000
29,6,Veron Davis,0.002389,0.238863,7.000000,淘汰,566,0.566000
29,7,Nev Schulman,0.120797,12.079697,10.000000,存活,15520,15.520000
29,7,Nelly,0.113806,11.380555,9.000000,存活,15520,15.520000
29,7,Skai Jackson,0.113318,11.331827,9.000000,存活,15520,15.520000
29,7,Johnny Weir,0.112264,11.226384,9.000000,存活,15520,15.520000
29,7,Chrishell Stause,0.111909,11.190897,8.666667,存活,15520,15.520000
29,7,Justina Machado,0.111680,11.167987,8.666667,存活,15520,15.520000
29,7,AJ McLean,0.110013,11.001260,8.666667,存活,15520,15.520000
29,7,Jeannie Mai,0.104161,10.416131,8.333333,存活,15520,15.520000
29,7,Kaitlyn Bristowe,0.099951,9.995135,8.000000,存活,15520,15.520000
29,7,Monica Aldama,0.002101,0.210129,7.333333,淘汰,15520,15.520000
29,8,Johnny Weir,0.150394,15.039438,10.000000,存活,12688,12.688000
29,8,Justina Machado,0.146588,14.658844,9.666600,存活,12688,12.688000
29,8,Nev Schulman,0.146105,14.610525,10.000000,存活,12688,12.688000
29,8,Skai Jackson,0.145737,14.573698,8.999933,存活,12688,12.688000
29,8,Nelly,0.145559,14.555877,8.000000,存活,12688,12.688000
29,8,Kaitlyn Bristowe,0.133774,13.377364,9.333333,存活,12688,12.688000
29,8,AJ McLean,0.129677,12.967729,9.000000,存活,12688,12.688000
29,8,Chrishell Stause,0.002165,0.216524,9.000000,淘汰,12688,12.688000
29,9,Justina Machado,0.179541,17.954052,8.666600,存活,23554,23.554000
29,9,Skai Jackson,0.172499,17.249890,9.666600,存活,23554,23.554000
29,9,Johnny Weir,0.165375,16.537511,10.000000,存活,23554,23.554000
29,9,Nev Schulman,0.156049,15.604878,9.666600,存活,23554,23.554000
29,9,Nelly,0.149367,14.936711,8.000000,存活,23554,23.554000
29,9,Kaitlyn Bristowe,0.128234,12.823437,10.000000,存活,23554,23.554000
29,9,AJ McLean,0.048935,4.893520,8.333267,淘汰,23554,23.554000
29,10,Nelly,0.209841,20.984072,9.333333,存活,43876,43.876000
29,10,Justina Machado,0.190831,19.083088,9.666667,存活,43876,43.876000
29,10,Nev Schulman,0.179793,17.979307,10.000000,存活,43876,43.876000
29,10,Kaitlyn Bristowe,0.149338,14.933761,10.000000,存活,43876,43.876000
29,10,Johnny Weir,0.147303,14.730320,9.500000,淘汰,43876,43.876000
29,10,Skai Jackson,0.122895,12.289452,9.500000,淘汰,43876,43.876000
29,11,Justina Machado,0.270052,27.005227,10.000000,存活,100000,100.000000
29,11,Nev Schulman,0.259727,25.972740,10.000000,存活,100000,100.000000
29,11,Nelly,0.255669,25.566926,9.500000,存活,100000,100.000000
29,11,Kaitlyn Bristowe,0.214551,21.455106,10.000000,存活,100000,100.000000
30,1,JoJo Siwa,0.083193,8.319322,7.250000,存活,100000,100.000000
30,1,Suni Lee,0.078116,7.811641,7.000000,存活,100000,100.000000
30,1,Amanda Kloots,0.076783,7.678256,7.000000,存活,100000,100.000000
30,1,Melora Hardin,0.073853,7.385263,6.500000,存活,100000,100.000000
30,1,Olivia Jade,0.072056,7.205597,6.250000,存活,100000,100.000000
30,1,Kenya Moore,0.071120,7.112049,6.500000,存活,100000,100.000000
30,1,Brian Austin Green,0.068691,6.869100,6.000000,存活,100000,100.000000
30,1,Matt James,0.067291,6.729096,6.000000,存活,100000,100.000000
30,1,"Mike ""The Miz"" Mizanin",0.067193,6.719319,6.000000,存活,100000,100.000000
30,1,Cody Rigsby,0.066008,6.600778,6.000000,存活,100000,100.000000
30,1,Jimmie Allen,0.062438,6.243828,5.500000,存活,100000,100.000000
30,1,Melanie C,0.061184,6.118429,6.750000,存活,100000,100.000000
30,1,Iman Shumpert,0.059024,5.902416,5.250000,存活,100000,100.000000
30,1,Christine Chiu,0.055057,5.505748,6.250000,存活,100000,100.000000
30,1,Martin Kove,0.037992,3.799156,3.250000,存活,100000,100.000000
30,2,JoJo Siwa,0.084105,8.410465,7.750000,存活,95683,95.683000
30,2,Amanda Kloots,0.082370,8.237041,8.000000,存活,95683,95.683000
30,2,Suni Lee,0.074141,7.414122,7.000000,存活,95683,95.683000
30,2,Olivia Jade,0.073659,7.365890,6.750000,存活,95683,95.683000
30,2,Melora Hardin,0.072909,7.290888,6.750000,存活,95683,95.683000
30,2,Jimmie Allen,0.072184,7.218422,6.750000,存活,95683,95.683000
30,2,"Mike ""The Miz"" Mizanin",0.069134,6.913357,6.500000,存活,95683,95.683000
30,2,Iman Shumpert,0.066624,6.662351,6.250000,存活,95683,95.683000
30,2,Melanie C,0.063800,6.380000,7.500000,存活,95683,95.683000
30,2,Brian Austin Green,0.063216,6.321639,5.750000,存活,95683,95.683000
30,2,Cody Rigsby,0.062843,6.284315,6.000000,存活,95683,95.683000
30,2,Kenya Moore,0.062757,6.275709,6.000000,存活,95683,95.683000
30,2,Matt James,0.059559,5.955874,5.500000,存活,95683,95.683000
30,2,Christine Chiu,0.051668,5.166824,6.000000,存活,95683,95.683000
30,2,Martin Kove,0.041031,4.103102,3.750000,淘汰,95683,95.683000
30,3,Cody Rigsby,0.105639,10.563912,6.000000,存活,346,0.346000
30,3,Melanie C,0.088752,8.875179,7.333333,存活,346,0.346000
30,3,Brian Austin Green,0.086613,8.661273,6.333333,存活,346,0.346000
30,3,Olivia Jade,0.078501,7.850130,8.000000,存活,346,0.346000
30,3,Amanda Kloots,0.078312,7.831207,8.000000,存活,346,0.346000
30,3,Matt James,0.075615,7.561479,6.666667,存活,346,0.346000
30,3,JoJo Siwa,0.074260,7.425974,8.000000,存活,346,0.346000
30,3,Melora Hardin,0.073292,7.329237,7.666667,存活,346,0.346000
30,3,"Mike ""The Miz"" Mizanin",0.070680,7.068030,7.333333,存活,346,0.346000
30,3,Iman Shumpert,0.069173,6.917271,6.333333,存活,346,0.346000
30,3,Suni Lee,0.067359,6.735883,7.000000,存活,346,0.346000
30,3,Kenya Moore,0.066371,6.637144,7.000000,存活,346,0.346000
30,3,Jimmie Allen,0.063155,6.315462,6.666667,存活,346,0.346000
30,3,Christine Chiu,0.002278,0.227817,7.000000,淘汰,346,0.346000
30,4,Melora Hardin,0.090075,9.007493,9.125000,存活,98707,98.707000
30,4,JoJo Siwa,0.086955,8.695480,8.750000,存活,98707,98.707000
30,4,Olivia Jade,0.086849,8.684862,8.750000,存活,98707,98.707000
30,4,Suni Lee,0.082125,8.212503,8.500000,存活,98707,98.707000
30,4,Amanda Kloots,0.080552,8.055215,8.500000,存活,98707,98.707000
30,4,Jimmie Allen,0.079506,7.950571,8.125000,存活,98707,98.707000
30,4,"Mike ""The Miz"" Mizanin",0.078704,7.870409,8.125000,存活,98707,98.707000
30,4,Iman Shumpert,0.076406,7.640643,7.875000,存活,98707,98.707000
30,4,Kenya Moore,0.070852,7.085159,7.375000,存活,98707,98.707000
30,4,Cody Rigsby,0.069766,6.976567,7.250000,存活,98707,98.707000
30,4,Matt James,0.069238,6.923770,7.125000,淘汰,98707,98.707000
30,4,Melanie C,0.064595,6.459473,8.250000,存活,98707,98.707000
30,4,Brian Austin Green,0.064379,6.437855,6.500000,淘汰,98707,98.707000
30,5,Iman Shumpert,0.166358,16.635844,7.000000,存活,53,0.053000
30,5,"Mike ""The Miz"" Mizanin",0.115339,11.533908,8.000000,存活,53,0.053000
30,5,Suni Lee,0.112242,11.224221,9.000000,存活,53,0.053000
30,5,Jimmie Allen,0.108152,10.815159,8.500000,存活,53,0.053000
30,5,Olivia Jade,0.101747,10.174678,9.000000,存活,53,0.053000
30,5,Melora Hardin,0.097474,9.747386,9.000000,存活,53,0.053000
30,5,Cody Rigsby,0.094409,9.440892,8.000000,存活,53,0.053000
30,5,Amanda Kloots,0.071640,7.163983,9.750000,存活,53,0.053000
30,5,Kenya Moore,0.067246,6.724574,9.000000,存活,53,0.053000
30,5,JoJo Siwa,0.062497,6.249733,10.000000,存活,53,0.053000
30,5,Melanie C,0.002896,0.289623,9.000000,淘汰,53,0.053000
30,6,Melora Hardin,0.115751,11.575133,8.500000,存活,79139,79.139000
30,6,JoJo Siwa,0.109219,10.921859,10.000000,存活,79139,79.139000
30,6,Iman Shumpert,0.105797,10.579674,10.000000,存活,79139,79.139000
30,6,Jimmie Allen,0.102650,10.264970,9.500000,存活,79139,79.139000
30,6,Olivia Jade,0.100140,10.014035,9.000000,存活,79139,79.139000
30,6,Amanda Kloots,0.099008,9.900788,9.500000,存活,79139,79.139000
30,6,Suni Lee,0.097809,9.780937,9.000000,存活,79139,79.139000
30,6,Cody Rigsby,0.094574,9.457389,9.000000,存活,79139,79.139000
30,6,"Mike ""The Miz"" Mizanin",0.092873,9.287342,8.500000,存活,79139,79.139000
30,6,Kenya Moore,0.082179,8.217872,8.000000,淘汰,79139,79.139000
30,7,Olivia Jade,0.128805,12.880513,10.500000,存活,92568,92.568000
30,7,JoJo Siwa,0.120572,12.057249,9.750000,存活,92568,92.568000
30,7,Melora Hardin,0.116268,11.626751,9.500000,存活,92568,92.568000
30,7,Jimmie Allen,0.115709,11.570874,9.500000,存活,92568,92.568000
30,7,Suni Lee,0.109684,10.968366,8.500000,存活,92568,92.568000
30,7,Cody Rigsby,0.106480,10.648027,9.000000,存活,92568,92.568000
30,7,Iman Shumpert,0.105400,10.540018,8.500000,存活,92568,92.568000
30,7,Amanda Kloots,0.101760,10.175964,8.500000,存活,92568,92.568000
30,7,"Mike ""The Miz"" Mizanin",0.095322,9.532239,8.000000,淘汰,92568,92.568000
30,8,Iman Shumpert,0.141194,14.119411,8.750000,存活,78492,78.492000
30,8,Melora Hardin,0.133387,13.338658,10.500000,存活,78492,78.492000
30,8,JoJo Siwa,0.131911,13.191118,10.250000,存活,78492,78.492000
30,8,Suni Lee,0.130624,13.062373,10.500000,存活,78492,78.492000
30,8,Amanda Kloots,0.128033,12.803303,10.500000,存活,78492,78.492000
30,8,Cody Rigsby,0.117325,11.732465,9.500000,存活,78492,78.492000
30,8,Olivia Jade,0.116653,11.665281,9.000000,淘汰,78492,78.492000
30,8,Jimmie Allen,0.100874,10.087391,8.000000,淘汰,78492,78.492000
30,9,Cody Rigsby,0.207201,20.720084,8.875000,存活,26358,26.358000
30,9,JoJo Siwa,0.196161,19.616094,10.000000,存活,26358,26.358000
30,9,Amanda Kloots,0.185644,18.564388,9.875000,存活,26358,26.358000
30,9,Iman Shumpert,0.171477,17.147657,9.375000,存活,26358,26.358000
30,9,Suni Lee,0.163235,16.323520,9.375000,淘汰,26358,26.358000
30,9,Melora Hardin,0.076283,7.628256,9.000000,淘汰,26358,26.358000
30,10,JoJo Siwa,0.260880,26.088001,10.000000,存活,100000,100.000000
30,10,Iman Shumpert,0.255527,25.552656,10.000000,存活,100000,100.000000
30,10,Amanda Kloots,0.243732,24.373232,9.750000,存活,100000,100.000000
30,10,Cody Rigsby,0.239861,23.986111,9.500000,存活,100000,100.000000
31,1,Charli D'Amelio,0.088329,8.832918,8.000000,存活,16511,16.511000
31,1,Selma Blair,0.076425,7.642541,7.000000,存活,16511,16.511000
31,1,Wayne Brady,0.076173,7.617349,7.250000,存活,16511,16.511000
31,1,Daniel Durant,0.074599,7.459882,6.750000,存活,16511,16.511000
31,1,Shangela,0.074197,7.419724,7.000000,存活,16511,16.511000
31,1,Gabby Windey,0.073911,7.391061,7.000000,存活,16511,16.511000
31,1,Jordin Sparks,0.071258,7.125809,6.500000,存活,16511,16.511000
31,1,Heidi D'Amelio,0.067920,6.792042,6.000000,存活,16511,16.511000
31,1,Joseph Baena,0.064986,6.498623,5.750000,存活,16511,16.511000
31,1,Cheryl Ladd,0.060301,6.030087,5.250000,存活,16511,16.511000
31,1,Trevor Donovan,0.060252,6.025215,5.250000,存活,16511,16.511000
31,1,Sam Champion,0.056770,5.677007,5.000000,存活,16511,16.511000
31,1,Teresa Giudice,0.055265,5.526457,5.000000,存活,16511,16.511000
31,1,Vinny Guadagnino,0.049050,4.905047,4.250000,存活,16511,16.511000
31,1,Jessie James Decker,0.047428,4.742791,5.000000,存活,16511,16.511000
31,1,Jason Lewis,0.003134,0.313447,4.500000,淘汰,16511,16.511000
31,2,Charli D'Amelio,0.081897,8.189666,8.000000,存活,10737,10.737000
31,2,Gabby Windey,0.078683,7.868316,8.000000,存活,10737,10.737000
31,2,Wayne Brady,0.078152,7.815219,8.000000,存活,10737,10.737000
31,2,Trevor Donovan,0.076185,7.618521,7.500000,存活,10737,10.737000
31,2,Daniel Durant,0.074189,7.418872,7.250000,存活,10737,10.737000
31,2,Heidi D'Amelio,0.072792,7.279235,7.000000,存活,10737,10.737000
31,2,Selma Blair,0.071908,7.190836,7.000000,存活,10737,10.737000
31,2,Shangela,0.069394,6.939360,7.000000,存活,10737,10.737000
31,2,Jordin Sparks,0.068453,6.845259,6.750000,存活,10737,10.737000
31,2,Vinny Guadagnino,0.066552,6.655230,6.750000,存活,10737,10.737000
31,2,Joseph Baena,0.065939,6.593935,6.000000,存活,10737,10.737000
31,2,Cheryl Ladd,0.065719,6.571934,5.250000,存活,10737,10.737000
31,2,Sam Champion,0.064658,6.465838,6.500000,存活,10737,10.737000
31,2,Jessie James Decker,0.063365,6.336499,6.250000,存活,10737,10.737000
31,2,Teresa Giudice,0.002113,0.211283,5.750000,淘汰,10737,10.737000
31,3,Charli D'Amelio,0.087439,8.743944,8.250000,存活,16676,16.676000
31,3,Heidi D'Amelio,0.085497,8.549677,8.000000,存活,16676,16.676000
31,3,Gabby Windey,0.083750,8.375004,8.250000,存活,16676,16.676000
31,3,Wayne Brady,0.083286,8.328622,8.250000,存活,16676,16.676000
31,3,Daniel Durant,0.082734,8.273373,7.750000,存活,16676,16.676000
31,3,Joseph Baena,0.077703,7.770254,7.250000,存活,16676,16.676000
31,3,Shangela,0.077142,7.714187,7.500000,存活,16676,16.676000
31,3,Jordin Sparks,0.077094,7.709359,7.250000,存活,16676,16.676000
31,3,Selma Blair,0.074866,7.486581,7.000000,存活,16676,16.676000
31,3,Trevor Donovan,0.073086,7.308628,6.750000,存活,16676,16.676000
31,3,Vinny Guadagnino,0.065560,6.556029,5.750000,存活,16676,16.676000
31,3,Sam Champion,0.065071,6.507096,6.250000,存活,16676,16.676000
31,3,Jessie James Decker,0.061501,6.150089,6.500000,存活,16676,16.676000
31,3,Cheryl Ladd,0.005272,0.527157,6.000000,淘汰,16676,16.676000
31,4,Charli D'Amelio,0.088958,8.895837,9.000000,存活,76458,76.458000
31,4,Joseph Baena,0.086905,8.690478,7.000000,存活,76458,76.458000
31,4,Gabby Windey,0.084998,8.499777,9.000000,存活,76458,76.458000
31,4,Wayne Brady,0.084866,8.486572,9.000000,存活,76458,76.458000
31,4,Heidi D'Amelio,0.084577,8.457664,8.500000,存活,76458,76.458000
31,4,Jordin Sparks,0.082422,8.242165,8.500000,存活,76458,76.458000
31,4,Selma Blair,0.078824,7.882387,8.000000,存活,76458,76.458000
31,4,Shangela,0.075787,7.578746,8.000000,存活,76458,76.458000
31,4,Daniel Durant,0.072624,7.262397,7.250000,存活,76458,76.458000
31,4,Trevor Donovan,0.072027,7.202743,7.000000,存活,76458,76.458000
31,4,Vinny Guadagnino,0.069247,6.924711,7.250000,存活,76458,76.458000
31,4,Jessie James Decker,0.060605,6.060548,7.750000,存活,76458,76.458000
31,4,Sam Champion,0.058160,5.815973,6.250000,淘汰,76458,76.458000
31,5,Charli D'Amelio,0.103815,10.381495,10.500000,存活,12423,12.423000
31,5,Selma Blair,0.097521,9.752136,10.000000,存活,12423,12.423000
31,5,Wayne Brady,0.096874,9.687430,10.250000,存活,12423,12.423000
31,5,Gabby Windey,0.096557,9.655675,10.250000,存活,12423,12.423000
31,5,Heidi D'Amelio,0.096221,9.622139,9.750000,存活,12423,12.423000
31,5,Shangela,0.091065,9.106474,9.625000,存活,12423,12.423000
31,5,Vinny Guadagnino,0.086437,8.643681,7.750000,存活,12423,12.423000
31,5,Trevor Donovan,0.086366,8.636643,9.000000,存活,12423,12.423000
31,5,Jordin Sparks,0.085417,8.541684,8.875000,存活,12423,12.423000
31,5,Jessie James Decker,0.082067,8.206688,9.000000,存活,12423,12.423000
31,5,Daniel Durant,0.076255,7.625523,8.375000,存活,12423,12.423000
31,5,Joseph Baena,0.001404,0.140431,8.750000,淘汰,12423,12.423000
31,6,Trevor Donovan,0.117305,11.730487,8.500000,存活,65307,65.307000
31,6,Charli D'Amelio,0.116277,11.627725,10.000000,存活,65307,65.307000
31,6,Heidi D'Amelio,0.106659,10.665926,9.000000,存活,65307,65.307000
31,6,Gabby Windey,0.103626,10.362573,9.250000,存活,65307,65.307000
31,6,Daniel Durant,0.102089,10.208855,8.500000,存活,65307,65.307000
31,6,Shangela,0.101056,10.105634,9.000000,存活,65307,65.307000
31,6,Jordin Sparks,0.100042,10.004196,8.500000,存活,65307,65.307000
31,6,Wayne Brady,0.096710,9.670986,8.500000,存活,65307,65.307000
31,6,Vinny Guadagnino,0.093529,9.352948,7.000000,存活,65307,65.307000
31,6,Jessie James Decker,0.062707,6.270669,8.000000,淘汰,65307,65.307000
31,7,Charli D'Amelio,0.136239,13.623930,9.750000,存活,19492,19.492000
31,7,Trevor Donovan,0.135097,13.509686,9.750000,存活,19492,19.492000
31,7,Daniel Durant,0.127446,12.744604,9.125000,存活,19492,19.492000
31,7,Wayne Brady,0.126906,12.690629,9.500000,存活,19492,19.492000
31,7,Heidi D'Amelio,0.123710,12.371047,8.750000,存活,19492,19.492000
31,7,Shangela,0.122442,12.244204,9.125000,存活,19492,19.492000
31,7,Gabby Windey,0.119317,11.931707,8.875000,存活,19492,19.492000
31,7,Vinny Guadagnino,0.106815,10.681529,7.875000,存活,19492,19.492000
31,7,Jordin Sparks,0.002027,0.202664,8.625000,淘汰,19492,19.492000
31,8,Charli D'Amelio,0.142886,14.288635,11.250000,存活,94213,94.213000
31,8,Wayne Brady,0.137063,13.706316,11.250000,存活,94213,94.213000
31,8,Trevor Donovan,0.134089,13.408919,9.750000,存活,94213,94.213000
31,8,Shangela,0.128634,12.863380,10.500000,存活,94213,94.213000
31,8,Daniel Durant,0.126464,12.646379,9.750000,存活,94213,94.213000
31,8,Gabby Windey,0.122662,12.266223,10.000000,存活,94213,94.213000
31,8,Heidi D'Amelio,0.118345,11.834472,8.750000,淘汰,94213,94.213000
31,8,Vinny Guadagnino,0.089857,8.985677,7.250000,淘汰,94213,94.213000
31,9,Charli D'Amelio,0.185595,18.559548,10.000000,存活,99242,99.242000
31,9,Gabby Windey,0.176122,17.612209,10.000000,存活,99242,99.242000
31,9,Wayne Brady,0.164038,16.403836,9.125000,存活,99242,99.242000
31,9,Shangela,0.162663,16.266320,9.125000,存活,99242,99.242000
31,9,Daniel Durant,0.161149,16.114916,8.625000,淘汰,99242,99.242000
31,9,Trevor Donovan,0.150432,15.043171,8.125000,淘汰,99242,99.242000
31,10,Charli D'Amelio,0.263534,26.353372,10.000000,存活,100000,100.000000
31,10,Gabby Windey,0.253353,25.335289,10.000000,存活,100000,100.000000
31,10,Wayne Brady,0.241587,24.158727,9.500000,存活,100000,100.000000
31,10,Shangela,0.241526,24.152612,9.500000,存活,100000,100.000000
32,1,Charity Lawson,0.095607,9.560750,7.333333,存活,64169,64.169000
32,1,Jason Mraz,0.093827,9.382673,7.000000,存活,64169,64.169000
32,1,Ariana Madix,0.091375,9.137515,7.000000,存活,64169,64.169000
32,1,Xochitl Gomez,0.082068,8.206782,6.000000,存活,64169,64.169000
32,1,Adrian Peterson,0.080171,8.017073,6.000000,存活,64169,64.169000
32,1,Mira Sorvino,0.077494,7.749433,5.666667,存活,64169,64.169000
32,1,Barry Williams,0.073794,7.379387,5.333333,存活,64169,64.169000
32,1,Jamie Lynn Spears,0.070235,7.023459,5.000000,存活,64169,64.169000
32,1,Lele Pons,0.069663,6.966332,6.333333,存活,64169,64.169000
32,1,Alyson Hannigan,0.064325,6.432495,4.333333,存活,64169,64.169000
32,1,Tyson Beckford,0.061911,6.191102,4.000000,存活,64169,64.169000
32,1,Mauricio Umansky,0.050716,5.071622,5.000000,存活,64169,64.169000
32,1,Matt Walsh,0.045919,4.591899,4.000000,淘汰,64169,64.169000
32,1,Harry Jowsey,0.042895,4.289478,4.000000,存活,64169,64.169000
32,2,Jamie Lynn Spears,0.076923,7.692308,5.333333,淘汰,0,0.000000
32,2,Mira Sorvino,0.076923,7.692308,6.000000,存活,0,0.000000
32,2,Barry Williams,0.076923,7.692308,5.000000,存活,0,0.000000
32,2,Alyson Hannigan,0.076923,7.692308,6.333333,存活,0,0.000000
32,2,Xochitl Gomez,0.076923,7.692308,8.000000,存活,0,0.000000
32,2,Adrian Peterson,0.076923,7.692308,5.000000,存活,0,0.000000
32,2,Tyson Beckford,0.076923,7.692308,6.000000,存活,0,0.000000
32,2,Jason Mraz,0.076923,7.692308,8.000000,存活,0,0.000000
32,2,Lele Pons,0.076923,7.692308,7.000000,存活,0,0.000000
32,2,Harry Jowsey,0.076923,7.692308,5.000000,存活,0,0.000000
32,2,Mauricio Umansky,0.076923,7.692308,4.000000,存活,0,0.000000
32,2,Charity Lawson,0.076923,7.692308,7.000000,存活,0,0.000000
32,2,Ariana Madix,0.076923,7.692308,6.666667,存活,0,0.000000
32,3,Jason Mraz,0.106237,10.623654,8.500000,存活,67352,67.352000
32,3,Ariana Madix,0.103326,10.332649,8.500000,存活,67352,67.352000
32,3,Xochitl Gomez,0.101839,10.183905,8.000000,存活,67352,67.352000
32,3,Charity Lawson,0.097805,9.780506,8.000000,存活,67352,67.352000
32,3,Adrian Peterson,0.087512,8.751172,5.500000,存活,67352,67.352000
32,3,Alyson Hannigan,0.087484,8.748441,6.000000,存活,67352,67.352000
32,3,Mira Sorvino,0.085785,8.578484,6.500000,存活,67352,67.352000
32,3,Barry Williams,0.082464,8.246431,6.250000,存活,67352,67.352000
32,3,Lele Pons,0.069750,6.975006,6.750000,存活,67352,67.352000
32,3,Mauricio Umansky,0.060382,6.038242,5.750000,存活,67352,67.352000
32,3,Tyson Beckford,0.059964,5.996436,5.000000,淘汰,67352,67.352000
32,3,Harry Jowsey,0.057451,5.745074,6.000000,存活,67352,67.352000
32,4,Mira Sorvino,0.090909,9.090909,7.000000,存活,0,0.000000
32,4,Barry Williams,0.090909,9.090909,6.000000,存活,0,0.000000
32,4,Alyson Hannigan,0.090909,9.090909,6.000000,存活,0,0.000000
32,4,Xochitl Gomez,0.090909,9.090909,9.000000,存活,0,0.000000
32,4,Adrian Peterson,0.090909,9.090909,7.000000,淘汰,0,0.000000
32,4,Jason Mraz,0.090909,9.090909,8.000000,存活,0,0.000000
32,4,Lele Pons,0.090909,9.090909,7.333333,存活,0,0.000000
32,4,Harry Jowsey,0.090909,9.090909,7.000000,存活,0,0.000000
32,4,Mauricio Umansky,0.090909,9.090909,6.333333,存活,0,0.000000
32,4,Charity Lawson,0.090909,9.090909,8.000000,存活,0,0.000000
32,4,Ariana Madix,0.090909,9.090909,8.333333,存活,0,0.000000
32,5,Xochitl Gomez,0.148627,14.862716,9.333333,存活,2595,2.595000
32,5,Charity Lawson,0.145904,14.590440,9.333333,存活,2595,2.595000
32,5,Jason Mraz,0.142163,14.216341,9.000000,存活,2595,2.595000
32,5,Barry Williams,0.130467,13.046718,8.000000,存活,2595,2.595000
32,5,Ariana Madix,0.124456,12.445574,8.000000,存活,2595,2.595000
32,5,Lele Pons,0.109962,10.996170,8.000000,存活,2595,2.595000
32,5,Mauricio Umansky,0.098083,9.808306,8.000000,存活,2595,2.595000
32,5,Harry Jowsey,0.093651,9.365067,6.000000,存活,2595,2.595000
32,5,Alyson Hannigan,0.003973,0.397306,7.000000,存活,2595,2.595000
32,5,Mira Sorvino,0.002714,0.271363,7.333333,淘汰,2595,2.595000
32,6,Lele Pons,0.183587,18.358699,9.250000,存活,903,0.903000
32,6,Harry Jowsey,0.141413,14.141269,7.250000,存活,903,0.903000
32,6,Ariana Madix,0.133059,13.305869,10.250000,存活,903,0.903000
32,6,Xochitl Gomez,0.127085,12.708457,10.500000,存活,903,0.903000
32,6,Charity Lawson,0.108936,10.893623,9.500000,存活,903,0.903000
32,6,Jason Mraz,0.105665,10.566471,9.750000,存活,903,0.903000
32,6,Barry Williams,0.102629,10.262911,8.000000,存活,903,0.903000
32,6,Alyson Hannigan,0.095179,9.517900,7.750000,存活,903,0.903000
32,6,Mauricio Umansky,0.002448,0.244802,8.250000,淘汰,903,0.903000
32,7,Harry Jowsey,0.298057,29.805665,8.000000,存活,79,0.079000
32,7,Barry Williams,0.291324,29.132446,8.125000,存活,79,0.079000
32,7,Jason Mraz,0.166794,16.679356,9.000000,存活,79,0.079000
32,7,Alyson Hannigan,0.082603,8.260306,8.750000,存活,79,0.079000
32,7,Ariana Madix,0.054005,5.400503,9.250000,存活,79,0.079000
32,7,Xochitl Gomez,0.053191,5.319096,9.250000,存活,79,0.079000
32,7,Charity Lawson,0.049790,4.978954,9.000000,存活,79,0.079000
32,7,Lele Pons,0.004237,0.423675,9.125000,淘汰,79,0.079000
32,8,Xochitl Gomez,0.215697,21.569709,10.000000,存活,3504,3.504000
32,8,Ariana Madix,0.213220,21.321968,10.500000,存活,3504,3.504000
32,8,Charity Lawson,0.205828,20.582834,9.750000,存活,3504,3.504000
32,8,Alyson Hannigan,0.160341,16.034089,9.000000,存活,3504,3.504000
32,8,Harry Jowsey,0.153062,15.306217,7.000000,存活,3504,3.504000
32,8,Jason Mraz,0.048632,4.863165,8.250000,存活,3504,3.504000
32,8,Barry Williams,0.003220,0.322017,8.750000,淘汰,3504,3.504000
32,9,Jason Mraz,0.194363,19.436251,10.750000,存活,83990,83.990000
32,9,Xochitl Gomez,0.187871,18.787131,10.250000,存活,83990,83.990000
32,9,Alyson Hannigan,0.181751,18.175133,8.000000,存活,83990,83.990000
32,9,Charity Lawson,0.169293,16.929314,9.500000,存活,83990,83.990000
32,9,Ariana Madix,0.164605,16.460452,9.250000,存活,83990,83.990000
32,9,Harry Jowsey,0.102117,10.211719,7.500000,淘汰,83990,83.990000
32,10,Xochitl Gomez,0.213230,21.323012,10.000000,存活,100000,100.000000
32,10,Charity Lawson,0.202336,20.233563,9.833333,存活,100000,100.000000
32,10,Jason Mraz,0.201615,20.161481,9.500000,存活,100000,100.000000
32,10,Ariana Madix,0.199598,19.959793,9.666667,存活,100000,100.000000
32,10,Alyson Hannigan,0.183222,18.322152,8.500000,存活,100000,100.000000
32,11,Xochitl Gomez,0.209700,20.969986,10.000000,存活,100000,100.000000
32,11,Jason Mraz,0.206799,20.679902,10.000000,存活,100000,100.000000
32,11,Charity Lawson,0.198660,19.865969,9.833333,存活,100000,100.000000
32,11,Ariana Madix,0.198501,19.850145,9.833333,存活,100000,100.000000
32,11,Alyson Hannigan,0.186340,18.633999,8.833333,存活,100000,100.000000
33,1,Chandler Kinney,0.095658,9.565805,7.666667,存活,100000,100.000000
33,1,Dwight Howard ,0.089935,8.993544,7.333333,存活,100000,100.000000
33,1,Stephen Nedoroscik,0.085978,8.597828,7.000000,存活,100000,100.000000
33,1,Joey Graziadei,0.084516,8.451639,7.000000,存活,100000,100.000000
33,1,Danny Amendola,0.082078,8.207816,6.666667,存活,100000,100.000000
33,1,Phaedra Parks,0.076780,7.678014,6.333333,存活,100000,100.000000
33,1,Jenn Tran,0.076677,7.667706,6.333333,存活,100000,100.000000
33,1,Ilona Maher,0.074287,7.428710,6.000000,存活,100000,100.000000
33,1,Brooks Nader,0.073629,7.362884,6.000000,存活,100000,100.000000
33,1,Tori Spelling,0.071728,7.172753,5.666667,存活,100000,100.000000
33,1,Reginald VelJohnson,0.067394,6.739362,5.333333,存活,100000,100.000000
33,1,Eric Roberts,0.063387,6.338721,5.000000,存活,100000,100.000000
33,1,Anna Delvey,0.057952,5.795217,6.000000,存活,100000,100.000000
33,2,Chandler Kinney,0.103937,10.393692,8.000000,存活,16887,16.887000
33,2,Stephen Nedoroscik,0.091307,9.130700,7.333333,存活,16887,16.887000
33,2,Dwight Howard ,0.091013,9.101301,7.333333,存活,16887,16.887000
33,2,Joey Graziadei,0.089961,8.996071,7.333333,存活,16887,16.887000
33,2,Ilona Maher,0.084737,8.473728,7.000000,存活,16887,16.887000
33,2,Phaedra Parks,0.083971,8.397071,7.000000,存活,16887,16.887000
33,2,Danny Amendola,0.083908,8.390805,7.000000,存活,16887,16.887000
33,2,Brooks Nader,0.078638,7.863817,6.666667,存活,16887,16.887000
33,2,Eric Roberts,0.074953,7.495278,5.000000,存活,16887,16.887000
33,2,Jenn Tran,0.073539,7.353900,6.333333,存活,16887,16.887000
33,2,Reginald VelJohnson,0.067825,6.782544,5.000000,存活,16887,16.887000
33,2,Tori Spelling,0.052711,5.271128,6.333333,淘汰,16887,16.887000
33,2,Anna Delvey,0.023500,2.349965,5.666667,淘汰,16887,16.887000
33,3,Chandler Kinney,0.109813,10.981319,8.625000,存活,99860,99.860000
33,3,Joey Graziadei,0.107524,10.752447,8.750000,存活,99860,99.860000
33,3,Stephen Nedoroscik,0.097436,9.743635,7.750000,存活,99860,99.860000
33,3,Jenn Tran,0.095734,9.573417,7.750000,存活,99860,99.860000
33,3,Brooks Nader,0.094638,9.463781,7.625000,存活,99860,99.860000
33,3,Danny Amendola,0.094245,9.424519,7.500000,存活,99860,99.860000
33,3,Ilona Maher,0.088420,8.841991,7.000000,存活,99860,99.860000
33,3,Phaedra Parks,0.086907,8.690654,7.000000,存活,99860,99.860000
33,3,Dwight Howard ,0.082417,8.241743,6.500000,存活,99860,99.860000
33,3,Eric Roberts,0.074608,7.460778,5.750000,淘汰,99860,99.860000
33,3,Reginald VelJohnson,0.068257,6.825715,5.250000,淘汰,99860,99.860000
33,4,Danny Amendola,0.195661,19.566117,9.000000,存活,199,0.199000
33,4,Joey Graziadei,0.186896,18.689647,9.000000,存活,199,0.199000
33,4,Dwight Howard ,0.165592,16.559239,7.250000,存活,199,0.199000
33,4,Chandler Kinney,0.113836,11.383649,8.000000,存活,199,0.199000
33,4,Ilona Maher,0.103883,10.388349,8.000000,存活,199,0.199000
33,4,Stephen Nedoroscik,0.078296,7.829585,8.250000,存活,199,0.199000
33,4,Jenn Tran,0.077412,7.741155,8.000000,存活,199,0.199000
33,4,Phaedra Parks,0.074955,7.495547,8.000000,存活,199,0.199000
33,4,Brooks Nader,0.003467,0.346711,8.000000,淘汰,199,0.199000
33,5,Dwight Howard ,0.152431,15.243098,8.000000,存活,2757,2.757000
33,5,Stephen Nedoroscik,0.137702,13.770241,8.000000,存活,2757,2.757000
33,5,Chandler Kinney,0.132665,13.266457,9.000000,存活,2757,2.757000
33,5,Danny Amendola,0.132085,13.208484,8.500000,存活,2757,2.757000
33,5,Jenn Tran,0.125566,12.556569,8.500000,存活,2757,2.757000
33,5,Joey Graziadei,0.124060,12.406025,8.666667,存活,2757,2.757000
33,5,Ilona Maher,0.120808,12.080836,8.666667,存活,2757,2.757000
33,5,Phaedra Parks,0.074683,7.468290,8.000000,淘汰,2757,2.757000
33,6,Ilona Maher,0.375649,37.564936,8.000000,存活,22,0.022000
33,6,Stephen Nedoroscik,0.172200,17.220040,9.333333,存活,22,0.022000
33,6,Danny Amendola,0.138486,13.848576,9.333333,存活,22,0.022000
33,6,Joey Graziadei,0.128468,12.846825,10.666667,存活,22,0.022000
33,6,Chandler Kinney,0.106968,10.696802,10.666667,存活,22,0.022000
33,6,Dwight Howard ,0.072740,7.274010,10.333333,存活,22,0.022000
33,6,Jenn Tran,0.005488,0.548811,10.333333,淘汰,22,0.022000
33,7,Chandler Kinney,0.187934,18.793420,10.000000,存活,97686,97.686000
33,7,Stephen Nedoroscik,0.168654,16.865436,9.000000,存活,97686,97.686000
33,7,Joey Graziadei,0.167136,16.713559,9.166667,存活,97686,97.686000
33,7,Ilona Maher,0.164495,16.449489,8.666667,存活,97686,97.686000
33,7,Danny Amendola,0.162824,16.282366,8.500000,存活,97686,97.686000
33,7,Dwight Howard ,0.148957,14.895729,8.000000,淘汰,97686,97.686000
33,8,Chandler Kinney,0.210573,21.057312,9.666667,存活,100000,100.000000
33,8,Ilona Maher,0.202982,20.298225,9.500000,存活,100000,100.000000
33,8,Joey Graziadei,0.202768,20.276812,9.666667,存活,100000,100.000000
33,8,Danny Amendola,0.193504,19.350393,9.000000,存活,100000,100.000000
33,8,Stephen Nedoroscik,0.190173,19.017259,8.833333,存活,100000,100.000000
33,9,Chandler Kinney,0.208786,20.878557,10.000000,存活,100000,100.000000
33,9,Stephen Nedoroscik,0.202558,20.255840,9.833333,存活,100000,100.000000
33,9,Joey Graziadei,0.199051,19.905065,9.833333,存活,100000,100.000000
33,9,Ilona Maher,0.196687,19.668718,9.500000,存活,100000,100.000000
33,9,Danny Amendola,0.192918,19.291819,9.333333,存活,100000,100.000000
34,1,Corey Feldman,0.071429,7.142857,4.500000,存活,0,0.000000
34,1,Danielle Fishel,0.071429,7.142857,6.000000,存活,0,0.000000
34,1,Elaine Hendrix,0.071429,7.142857,6.000000,存活,0,0.000000
34,1,Baron Davis,0.071429,7.142857,5.000000,存活,0,0.000000
34,1,Jordan Chiles,0.071429,7.142857,5.000000,存活,0,0.000000
34,1,Andy Richter,0.071429,7.142857,4.500000,存活,0,0.000000
34,1,Robert Irwin,0.071429,7.142857,7.500000,存活,0,0.000000
34,1,Hilaria Baldwin,0.071429,7.142857,7.000000,存活,0,0.000000
34,1,Lauren Jauregui,0.071429,7.142857,6.500000,存活,0,0.000000
34,1,Scott Hoying,0.071429,7.142857,5.000000,存活,0,0.000000
34,1,Alix Earle,0.071429,7.142857,6.500000,存活,0,0.000000
34,1,Jen Affleck,0.071429,7.142857,6.000000,存活,0,0.000000
34,1,Whitney Leavitt,0.071429,7.142857,7.500000,淘汰,0,0.000000
34,1,Dylan Efron,0.071429,7.142857,5.000000,存活,0,0.000000
34,2,Jordan Chiles,0.080439,8.043938,7.333333,存活,99919,99.919000
34,2,Whitney Leavitt,0.078985,7.898480,7.333333,存活,99919,99.919000
34,2,Jen Affleck,0.078884,7.888350,7.333333,存活,99919,99.919000
34,2,Elaine Hendrix,0.078527,7.852673,7.000000,存活,99919,99.919000
34,2,Lauren Jauregui,0.077815,7.781532,7.000000,存活,99919,99.919000
34,2,Hilaria Baldwin,0.074905,7.490525,7.000000,存活,99919,99.919000
34,2,Alix Earle,0.074737,7.473671,7.000000,存活,99919,99.919000
34,2,Dylan Efron,0.072190,7.219036,6.666667,存活,99919,99.919000
34,2,Danielle Fishel,0.071452,7.145205,6.333333,存活,99919,99.919000
34,2,Scott Hoying,0.067084,6.708352,6.000000,存活,99919,99.919000
34,2,Baron Davis,0.066636,6.663638,6.000000,淘汰,99919,99.919000
34,2,Robert Irwin,0.063491,6.349128,7.333333,存活,99919,99.919000
34,2,Andy Richter,0.058074,5.807412,5.333333,存活,99919,99.919000
34,2,Corey Feldman,0.056781,5.678060,5.000000,淘汰,99919,99.919000
34,3,Jordan Chiles,0.094653,9.465273,8.000000,存活,12244,12.244000
34,3,Whitney Leavitt,0.093113,9.311279,8.000000,存活,12244,12.244000
34,3,Danielle Fishel,0.092127,9.212706,7.000000,存活,12244,12.244000
34,3,Dylan Efron,0.090582,9.058213,7.666667,存活,12244,12.244000
34,3,Andy Richter,0.090577,9.057654,6.000000,存活,12244,12.244000
34,3,Scott Hoying,0.089354,8.935412,7.333333,存活,12244,12.244000
34,3,Alix Earle,0.088284,8.828376,7.666667,存活,12244,12.244000
34,3,Elaine Hendrix,0.087070,8.706993,7.000000,存活,12244,12.244000
34,3,Hilaria Baldwin,0.085954,8.595441,7.333333,存活,12244,12.244000
34,3,Robert Irwin,0.082938,8.293770,7.333333,存活,12244,12.244000
34,3,Jen Affleck,0.079335,7.933493,6.333333,存活,12244,12.244000
34,3,Lauren Jauregui,0.026014,2.601391,6.000000,淘汰,12244,12.244000
34,4,Whitney Leavitt,0.139566,13.956579,8.333333,存活,283,0.283000
34,4,Robert Irwin,0.133053,13.305288,7.333333,存活,283,0.283000
34,4,Andy Richter,0.124569,12.456938,6.000000,存活,283,0.283000
34,4,Danielle Fishel,0.120030,12.002988,7.000000,存活,283,0.283000
34,4,Alix Earle,0.102500,10.249984,8.000000,存活,283,0.283000
34,4,Dylan Efron,0.086713,8.671324,7.666667,存活,283,0.283000
34,4,Jordan Chiles,0.083773,8.377265,8.000000,存活,283,0.283000
34,4,Jen Affleck,0.072747,7.274693,7.666667,存活,283,0.283000
34,4,Elaine Hendrix,0.072003,7.200296,8.000000,存活,283,0.283000
34,4,Scott Hoying,0.062211,6.221072,7.000000,存活,283,0.283000
34,4,Hilaria Baldwin,0.002836,0.283573,7.666667,淘汰,283,0.283000
34,5,Dylan Efron,0.115761,11.576140,9.000000,存活,100000,100.000000
34,5,Alix Earle,0.111550,11.154984,8.750000,存活,100000,100.000000
34,5,Whitney Leavitt,0.105915,10.591522,8.250000,存活,100000,100.000000
34,5,Jordan Chiles,0.105190,10.518960,8.000000,存活,100000,100.000000
34,5,Elaine Hendrix,0.100986,10.098574,7.500000,存活,100000,100.000000
34,5,Scott Hoying,0.099899,9.989914,7.500000,存活,100000,100.000000
34,5,Danielle Fishel,0.097504,9.750392,7.250000,存活,100000,100.000000
34,5,Jen Affleck,0.094071,9.407090,7.250000,存活,100000,100.000000
34,5,Robert Irwin,0.090697,9.069726,8.750000,存活,100000,100.000000
34,5,Andy Richter,0.078427,7.842697,6.000000,存活,100000,100.000000
34,6,Jordan Chiles,0.116635,11.663518,9.750000,存活,1132,1.132000
34,6,Whitney Leavitt,0.115268,11.526816,9.750000,存活,1132,1.132000
34,6,Elaine Hendrix,0.113330,11.333003,9.000000,存活,1132,1.132000
34,6,Danielle Fishel,0.110001,11.000065,9.000000,存活,1132,1.132000
34,6,Andy Richter,0.108031,10.803145,6.750000,存活,1132,1.132000
34,6,Robert Irwin,0.106845,10.684528,9.000000,存活,1132,1.132000
34,6,Alix Earle,0.101556,10.155606,8.750000,存活,1132,1.132000
34,6,Jen Affleck,0.100496,10.049621,8.000000,存活,1132,1.132000
34,6,Dylan Efron,0.097033,9.703343,8.000000,存活,1132,1.132000
34,6,Scott Hoying,0.030804,3.080356,7.000000,淘汰,1132,1.132000
34,7,Whitney Leavitt,0.186330,18.632978,10.500000,存活,462,0.462000
34,7,Alix Earle,0.183819,18.381897,10.750000,存活,462,0.462000
34,7,Dylan Efron,0.173818,17.381833,9.500000,存活,462,0.462000
34,7,Jordan Chiles,0.168780,16.878024,9.500000,存活,462,0.462000
34,7,Robert Irwin,0.145854,14.585421,10.250000,存活,462,0.462000
34,7,Andy Richter,0.130184,13.018353,7.250000,存活,462,0.462000
34,7,Danielle Fishel,0.004776,0.477630,8.750000,存活,462,0.462000
34,7,Elaine Hendrix,0.003784,0.378447,8.000000,存活,462,0.462000
34,7,Jen Affleck,0.002654,0.265417,8.500000,淘汰,462,0.462000
34,8,Jordan Chiles,0.150788,15.078816,9.750000,存活,18344,18.344000
34,8,Whitney Leavitt,0.150600,15.060032,9.875000,存活,18344,18.344000
34,8,Elaine Hendrix,0.148138,14.813816,9.375000,存活,18344,18.344000
34,8,Dylan Efron,0.147030,14.702972,9.500000,存活,18344,18.344000
34,8,Alix Earle,0.145921,14.592107,9.625000,存活,18344,18.344000
34,8,Andy Richter,0.132675,13.267537,8.500000,存活,18344,18.344000
34,8,Robert Irwin,0.122686,12.268558,9.500000,存活,18344,18.344000
34,8,Danielle Fishel,0.002162,0.216161,9.250000,淘汰,18344,18.344000
34,9,Elaine Hendrix,0.176576,17.657649,9.000000,存活,79763,79.763000
34,9,Dylan Efron,0.152032,15.203213,10.500000,存活,79763,79.763000
34,9,Whitney Leavitt,0.151982,15.198213,10.500000,存活,79763,79.763000
34,9,Jordan Chiles,0.145241,14.524129,9.750000,存活,79763,79.763000
34,9,Alix Earle,0.144648,14.464793,10.000000,存活,79763,79.763000
34,9,Robert Irwin,0.122711,12.271082,10.500000,存活,79763,79.763000
34,9,Andy Richter,0.106809,10.680922,7.250000,淘汰,79763,79.763000
34,10,Elaine Hendrix,0.215403,21.540347,9.500000,存活,176,0.176000
34,10,Dylan Efron,0.206876,20.687567,9.166667,存活,176,0.176000
34,10,Jordan Chiles,0.204017,20.401704,9.500000,存活,176,0.176000
34,10,Alix Earle,0.200892,20.089226,9.666667,存活,176,0.176000
34,10,Robert Irwin,0.170576,17.057613,9.833333,存活,176,0.176000
34,10,Whitney Leavitt,0.002235,0.223543,9.666667,淘汰,176,0.176000
34,11,Jordan Chiles,0.210556,21.055577,9.888867,存活,100000,100.000000
34,11,Elaine Hendrix,0.209830,20.983001,9.666600,存活,100000,100.000000
34,11,Alix Earle,0.206692,20.669216,10.000000,存活,100000,100.000000
34,11,Dylan Efron,0.204391,20.439074,9.777733,存活,100000,100.000000
34,11,Robert Irwin,0.168531,16.853133,9.888867,存活,100000,100.000000
