season,week,celebrity_name,simulated_vote_share,vote_percentage,avg_judge_score,status,num_valid_simulations,valid_percentage
1,1,John O'Hurley,0.191877,19.187714,6.666667,存活,100000,100.000000
1,1,Joey McIntyre,0.190629,19.062896,6.666667,存活,100000,100.000000
1,1,Evander Holyfield,0.170914,17.091355,6.000000,存活,100000,100.000000
1,1,Trista Sutter,0.167190,16.718969,6.000000,存活,100000,100.000000
1,1,Rachel Hunter,0.150862,15.086196,6.666667,存活,100000,100.000000
1,1,Kelly Monaco,0.128529,12.852869,4.333333,存活,100000,100.000000
1,2,John O'Hurley,0.487940,48.794002,8.666667,存活,34,0.034000
1,2,Rachel Hunter,0.284929,28.492936,8.000000,存活,34,0.034000
1,2,Evander Holyfield,0.198504,19.850434,4.666667,存活,34,0.034000
1,2,Kelly Monaco,0.010720,1.071988,5.666667,存活,34,0.034000
1,2,Joey McIntyre,0.008998,0.899751,7.000000,存活,34,0.034000
1,2,Trista Sutter,0.008909,0.890889,6.333333,淘汰,34,0.034000
1,3,Kelly Monaco,0.260718,26.071821,7.000000,存活,80123,80.123000
1,3,John O'Hurley,0.222959,22.295950,8.000000,存活,80123,80.123000
1,3,Joey McIntyre,0.203718,20.371752,7.333333,存活,80123,80.123000
1,3,Rachel Hunter,0.188515,18.851458,8.666667,存活,80123,80.123000
1,3,Evander Holyfield,0.124090,12.409020,4.333333,淘汰,80123,80.123000
1,4,John O'Hurley,0.490591,49.059128,7.000000,存活,3961,3.961000
1,4,Joey McIntyre,0.473366,47.336647,6.666667,存活,3961,3.961000
1,4,Kelly Monaco,0.019923,1.992298,8.666667,存活,3961,3.961000
1,4,Rachel Hunter,0.016119,1.611927,8.333333,淘汰,3961,3.961000
1,5,Kelly Monaco,0.402593,40.259265,7.833333,存活,73748,73.748000
1,5,John O'Hurley,0.331399,33.139860,9.000000,存活,73748,73.748000
1,5,Joey McIntyre,0.266009,26.600876,7.500000,淘汰,73748,73.748000
1,6,Kelly Monaco,0.502140,50.214047,9.166667,淘汰,100000,100.000000
1,6,John O'Hurley,0.497860,49.785953,9.000000,淘汰,100000,100.000000
2,1,Tatum O'Neal,0.100000,10.000000,7.666667,存活,0,0.000000
2,1,Tia Carrere,0.100000,10.000000,6.666667,存活,0,0.000000
2,1,George Hamilton,0.100000,10.000000,6.000000,存活,0,0.000000
2,1,Lisa Rinna,0.100000,10.000000,6.333333,存活,0,0.000000
2,1,Stacy Keibler,0.100000,10.000000,7.333333,存活,0,0.000000
2,1,Jerry Rice,0.100000,10.000000,7.000000,存活,0,0.000000
2,1,Giselle Fernandez,0.100000,10.000000,7.666667,存活,0,0.000000
2,1,Master P,0.100000,10.000000,4.000000,存活,0,0.000000
2,1,Drew Lachey,0.100000,10.000000,8.000000,存活,0,0.000000
2,1,Kenny Mayne,0.100000,10.000000,4.333333,淘汰,0,0.000000
2,2,Stacy Keibler,0.156045,15.604466,9.666667,存活,21956,21.956000
2,2,Drew Lachey,0.146413,14.641313,9.000000,存活,21956,21.956000
2,2,Jerry Rice,0.125392,12.539164,7.666667,存活,21956,21.956000
2,2,George Hamilton,0.122987,12.298703,7.333333,存活,21956,21.956000
2,2,Tia Carrere,0.122443,12.244343,7.333333,存活,21956,21.956000
2,2,Lisa Rinna,0.112392,11.239160,6.666667,存活,21956,21.956000
2,2,Giselle Fernandez,0.102430,10.243008,8.000000,存活,21956,21.956000
2,2,Master P,0.095093,9.509295,5.333333,存活,21956,21.956000
2,2,Tatum O'Neal,0.016805,1.680547,5.666667,淘汰,21956,21.956000
2,3,Stacy Keibler,0.158896,15.889576,9.000000,存活,4932,4.932000
2,3,Drew Lachey,0.153923,15.392281,9.000000,存活,4932,4.932000
2,3,Jerry Rice,0.153154,15.315448,6.333333,存活,4932,4.932000
2,3,Tia Carrere,0.147153,14.715327,8.666667,存活,4932,4.932000
2,3,Lisa Rinna,0.140398,14.039841,8.333333,存活,4932,4.932000
2,3,George Hamilton,0.126607,12.660663,7.333333,存活,4932,4.932000
2,3,Master P,0.116554,11.655405,4.666667,存活,4932,4.932000
2,3,Giselle Fernandez,0.003315,0.331458,7.333333,淘汰,4932,4.932000
2,4,Drew Lachey,0.166744,16.674397,9.333333,存活,78703,78.703000
2,4,George Hamilton,0.166270,16.626990,7.000000,存活,78703,78.703000
2,4,Lisa Rinna,0.158408,15.840773,8.666667,存活,78703,78.703000
2,4,Tia Carrere,0.155240,15.523966,8.333333,存活,78703,78.703000
2,4,Stacy Keibler,0.154673,15.467258,8.666667,存活,78703,78.703000
2,4,Jerry Rice,0.147255,14.725513,8.000000,存活,78703,78.703000
2,4,Master P,0.051411,5.141103,2.666667,淘汰,78703,78.703000
2,5,Stacy Keibler,0.193172,19.317228,10.000000,存活,97885,97.885000
2,5,Drew Lachey,0.176495,17.649550,9.000000,存活,97885,97.885000
2,5,Lisa Rinna,0.166820,16.682001,8.333333,存活,97885,97.885000
2,5,George Hamilton,0.162430,16.243020,8.000000,存活,97885,97.885000
2,5,Jerry Rice,0.154001,15.400132,7.666667,存活,97885,97.885000
2,5,Tia Carrere,0.147081,14.708069,7.333333,淘汰,97885,97.885000
2,6,Drew Lachey,0.223279,22.327931,10.000000,存活,99698,99.698000
2,6,Stacy Keibler,0.221673,22.167299,10.000000,存活,99698,99.698000
2,6,Lisa Rinna,0.205291,20.529051,9.000000,存活,99698,99.698000
2,6,George Hamilton,0.175855,17.585547,7.666667,淘汰,99698,99.698000
2,6,Jerry Rice,0.173902,17.390171,7.666667,存活,99698,99.698000
2,7,Drew Lachey,0.361919,36.191861,9.166667,存活,19435,19.435000
2,7,Stacy Keibler,0.359462,35.946165,9.166667,存活,19435,19.435000
2,7,Jerry Rice,0.271479,27.147874,6.833333,存活,19435,19.435000
2,7,Lisa Rinna,0.007141,0.714100,8.833333,淘汰,19435,19.435000
2,8,Drew Lachey,0.343008,34.300840,9.666600,淘汰,100000,100.000000
2,8,Stacy Keibler,0.338131,33.813086,9.555500,淘汰,100000,100.000000
2,8,Jerry Rice,0.318861,31.886074,8.888867,淘汰,100000,100.000000
3,1,Mario Lopez,0.120739,12.073890,8.666667,存活,30808,30.808000
3,1,Emmitt Smith,0.118688,11.868836,8.000000,存活,30808,30.808000
3,1,Vivica A. Fox,0.110730,11.072975,7.333333,存活,30808,30.808000
3,1,Willa Ford,0.109403,10.940266,7.333333,存活,30808,30.808000
3,1,Joey Lawrence,0.106466,10.646613,7.000000,存活,30808,30.808000
3,1,Monique Coleman,0.096213,9.621302,6.333333,存活,30808,30.808000
3,1,Shanna Moakler,0.088777,8.877740,6.000000,存活,30808,30.808000
3,1,Harry Hamlin,0.086506,8.650602,5.666667,存活,30808,30.808000
3,1,Sara Evans,0.075982,7.598182,5.000000,存活,30808,30.808000
3,1,Jerry Springer,0.063172,6.317159,5.333333,存活,30808,30.808000
3,1,Tucker Carlson,0.023324,2.332435,4.000000,淘汰,30808,30.808000
3,2,Joey Lawrence,0.127362,12.736210,9.666667,存活,8251,8.251000
3,2,Mario Lopez,0.120032,12.003236,7.000000,存活,8251,8.251000
3,2,Harry Hamlin,0.120019,12.001946,7.000000,存活,8251,8.251000
3,2,Sara Evans,0.118939,11.893866,7.000000,存活,8251,8.251000
3,2,Monique Coleman,0.115051,11.505088,8.666667,存活,8251,8.251000
3,2,Vivica A. Fox,0.106887,10.688651,8.000000,存活,8251,8.251000
3,2,Emmitt Smith,0.105165,10.516463,8.000000,存活,8251,8.251000
3,2,Willa Ford,0.100735,10.073535,7.666667,存活,8251,8.251000
3,2,Jerry Springer,0.083569,8.356932,6.333333,存活,8251,8.251000
3,2,Shanna Moakler,0.002241,0.224072,7.333333,淘汰,8251,8.251000
3,3,Monique Coleman,0.135914,13.591367,9.000000,存活,9204,9.204000
3,3,Vivica A. Fox,0.134431,13.443050,9.000000,存活,9204,9.204000
3,3,Willa Ford,0.125993,12.599317,7.333333,存活,9204,9.204000
3,3,Sara Evans,0.125639,12.563890,8.333333,存活,9204,9.204000
3,3,Joey Lawrence,0.125241,12.524097,7.333333,存活,9204,9.204000
3,3,Mario Lopez,0.123653,12.365316,7.333333,存活,9204,9.204000
3,3,Emmitt Smith,0.121354,12.135420,6.333333,存活,9204,9.204000
3,3,Jerry Springer,0.105165,10.516480,7.000000,存活,9204,9.204000
3,3,Harry Hamlin,0.002611,0.261063,7.333333,淘汰,9204,9.204000
3,4,Mario Lopez,0.155554,15.555421,9.666667,存活,10118,10.118000
3,4,Emmitt Smith,0.148318,14.831838,8.000000,存活,10118,10.118000
3,4,Willa Ford,0.147911,14.791103,9.333333,存活,10118,10.118000
3,4,Joey Lawrence,0.146078,14.607762,9.000000,存活,10118,10.118000
3,4,Monique Coleman,0.144228,14.422768,8.000000,存活,10118,10.118000
3,4,Sara Evans,0.137676,13.767560,6.666667,存活,10118,10.118000
3,4,Jerry Springer,0.117673,11.767314,7.333333,存活,10118,10.118000
3,4,Vivica A. Fox,0.002562,0.256233,8.000000,淘汰,10118,10.118000
3,5,Mario Lopez,0.170088,17.008787,9.000000,存活,23653,23.653000
3,5,Emmitt Smith,0.169784,16.978436,9.000000,存活,23653,23.653000
3,5,Monique Coleman,0.169245,16.924472,9.000000,存活,23653,23.653000
3,5,Joey Lawrence,0.168003,16.800306,8.333333,存活,23653,23.653000
3,5,Jerry Springer,0.148701,14.870146,8.000000,存活,23653,23.653000
3,5,Willa Ford,0.114894,11.489372,9.000000,淘汰,23653,23.653000
3,5,Sara Evans,0.059285,5.928482,8.000000,淘汰,23653,23.653000
3,6,Mario Lopez,0.242566,24.256585,9.333333,存活,100000,100.000000
3,6,Emmitt Smith,0.215287,21.528695,8.333333,存活,100000,100.000000
3,6,Joey Lawrence,0.211490,21.149000,8.000000,存活,100000,100.000000
3,6,Monique Coleman,0.203756,20.375626,7.666667,存活,100000,100.000000
3,6,Jerry Springer,0.126901,12.690095,6.000000,存活,100000,100.000000
3,7,Joey Lawrence,0.233379,23.337878,9.500000,存活,52897,52.897000
3,7,Mario Lopez,0.229601,22.960134,9.333333,存活,52897,52.897000
3,7,Emmitt Smith,0.229055,22.905530,9.500000,存活,52897,52.897000
3,7,Monique Coleman,0.221448,22.144824,9.000000,存活,52897,52.897000
3,7,Jerry Springer,0.086516,8.651633,7.666667,淘汰,52897,52.897000
3,8,Mario Lopez,0.298242,29.824181,9.500000,存活,43868,43.868000
3,8,Joey Lawrence,0.286294,28.629362,9.000000,存活,43868,43.868000
3,8,Emmitt Smith,0.281400,28.140005,9.000000,存活,43868,43.868000
3,8,Monique Coleman,0.134065,13.406452,8.833333,淘汰,43868,43.868000
3,9,Emmitt Smith,0.432998,43.299763,9.833333,存活,28026,28.026000
3,9,Mario Lopez,0.418661,41.866127,9.833333,存活,28026,28.026000
3,9,Joey Lawrence,0.148341,14.834110,9.833333,淘汰,28026,28.026000
3,10,Mario Lopez,0.503325,50.332538,9.888867,淘汰,100000,100.000000
3,10,Emmitt Smith,0.496675,49.667462,9.888867,淘汰,100000,100.000000
4,1,Joey Fatone,0.120113,12.011319,8.000000,存活,100000,100.000000
4,1,Laila Ali,0.114764,11.476388,7.666667,存活,100000,100.000000
4,1,Ian Ziering,0.106971,10.697069,7.000000,存活,100000,100.000000
4,1,Apolo Anton Ohno,0.105295,10.529463,7.000000,存活,100000,100.000000
4,1,Shandi Finnessey,0.094750,9.475015,6.333333,存活,100000,100.000000
4,1,John Ratzenberger,0.087275,8.727545,5.666667,存活,100000,100.000000
4,1,Clyde Drexler,0.080868,8.086787,5.333333,存活,100000,100.000000
4,1,Paulina Porizkova,0.076049,7.604914,6.333333,存活,100000,100.000000
4,1,Leeza Gibbons,0.074681,7.468056,5.000000,存活,100000,100.000000
4,1,Heather Mills,0.072223,7.222344,6.000000,存活,100000,100.000000
4,1,Billy Ray Cyrus,0.067011,6.701101,4.333333,存活,100000,100.000000
4,2,Laila Ali,0.116087,11.608750,9.000000,存活,12910,12.910000
4,2,Apolo Anton Ohno,0.112259,11.225855,8.666667,存活,12910,12.910000
4,2,Shandi Finnessey,0.109610,10.961031,6.666667,存活,12910,12.910000
4,2,Joey Fatone,0.105124,10.512363,8.000000,存活,12910,12.910000
4,2,Clyde Drexler,0.099675,9.967492,6.000000,存活,12910,12.910000
4,2,Ian Ziering,0.097175,9.717493,7.333333,存活,12910,12.910000
4,2,John Ratzenberger,0.092760,9.276007,7.000000,存活,12910,12.910000
4,2,Billy Ray Cyrus,0.092196,9.219557,7.000000,存活,12910,12.910000
4,2,Leeza Gibbons,0.089856,8.985591,7.000000,存活,12910,12.910000
4,2,Heather Mills,0.083069,8.306857,8.000000,存活,12910,12.910000
4,2,Paulina Porizkova,0.002190,0.219005,7.000000,淘汰,12910,12.910000
4,3,John Ratzenberger,0.126433,12.643266,6.666667,存活,11059,11.059000
4,3,Ian Ziering,0.117959,11.795931,8.000000,存活,11059,11.059000
4,3,Joey Fatone,0.115674,11.567434,8.000000,存活,11059,11.059000
4,3,Leeza Gibbons,0.113538,11.353842,8.000000,存活,11059,11.059000
4,3,Apolo Anton Ohno,0.112016,11.201571,7.666667,存活,11059,11.059000
4,3,Laila Ali,0.110777,11.077741,7.000000,存活,11059,11.059000
4,3,Billy Ray Cyrus,0.109845,10.984538,7.000000,存活,11059,11.059000
4,3,Clyde Drexler,0.099205,9.920530,5.333333,存活,11059,11.059000
4,3,Heather Mills,0.091967,9.196708,8.000000,存活,11059,11.059000
4,3,Shandi Finnessey,0.002584,0.258439,7.000000,淘汰,11059,11.059000
4,4,Joey Fatone,0.159701,15.970071,9.333333,存活,15350,15.350000
4,4,Apolo Anton Ohno,0.146157,14.615744,8.666667,存活,15350,15.350000
4,4,Ian Ziering,0.137425,13.742509,8.000000,存活,15350,15.350000
4,4,Billy Ray Cyrus,0.120936,12.093632,7.000000,存活,15350,15.350000
4,4,Laila Ali,0.118921,11.892148,7.000000,存活,15350,15.350000
4,4,Clyde Drexler,0.110056,11.005624,5.000000,存活,15350,15.350000
4,4,Heather Mills,0.104272,10.427178,7.666667,存活,15350,15.350000
4,4,John Ratzenberger,0.098563,9.856321,5.333333,存活,15350,15.350000
4,4,Leeza Gibbons,0.003968,0.396773,5.333333,淘汰,15350,15.350000
4,5,Laila Ali,0.166779,16.677899,9.333333,存活,42181,42.181000
4,5,Apolo Anton Ohno,0.161961,16.196134,10.000000,存活,42181,42.181000
4,5,Joey Fatone,0.154854,15.485352,8.333333,存活,42181,42.181000
4,5,Ian Ziering,0.149823,14.982325,8.000000,存活,42181,42.181000
4,5,John Ratzenberger,0.113341,11.334067,6.000000,存活,42181,42.181000
4,5,Billy Ray Cyrus,0.106465,10.646462,5.666667,存活,42181,42.181000
4,5,Heather Mills,0.102785,10.278496,7.000000,存活,42181,42.181000
4,5,Clyde Drexler,0.043993,4.399266,4.333333,淘汰,42181,42.181000
4,6,Apolo Anton Ohno,0.174370,17.437030,9.333333,存活,12864,12.864000
4,6,Billy Ray Cyrus,0.172605,17.260458,7.000000,存活,12864,12.864000
4,6,Laila Ali,0.172524,17.252376,9.333333,存活,12864,12.864000
4,6,Joey Fatone,0.169083,16.908250,9.000000,存活,12864,12.864000
4,6,John Ratzenberger,0.157594,15.759411,6.333333,存活,12864,12.864000
4,6,Ian Ziering,0.151315,15.131522,8.000000,存活,12864,12.864000
4,6,Heather Mills,0.002510,0.250953,7.666667,淘汰,12864,12.864000
4,7,Joey Fatone,0.212950,21.295003,9.833333,存活,16088,16.088000
4,7,Laila Ali,0.208716,20.871565,9.833333,存活,16088,16.088000
4,7,Ian Ziering,0.198403,19.840308,9.000000,存活,16088,16.088000
4,7,Apolo Anton Ohno,0.192390,19.239023,9.000000,存活,16088,16.088000
4,7,Billy Ray Cyrus,0.183687,18.368712,6.333333,存活,16088,16.088000
4,7,John Ratzenberger,0.003854,0.385389,7.500000,淘汰,16088,16.088000
4,8,Apolo Anton Ohno,0.242688,24.268792,9.666667,存活,52717,52.717000
4,8,Joey Fatone,0.233714,23.371422,9.166667,存活,52717,52.717000
4,8,Laila Ali,0.223591,22.359109,8.833333,存活,52717,52.717000
4,8,Ian Ziering,0.203407,20.340670,7.833333,存活,52717,52.717000
4,8,Billy Ray Cyrus,0.096600,9.660007,6.333333,淘汰,52717,52.717000
4,9,Joey Fatone,0.291667,29.166723,10.000000,存活,43604,43.604000
4,9,Laila Ali,0.288996,28.899612,10.000000,存活,43604,43.604000
4,9,Apolo Anton Ohno,0.284290,28.429013,9.833333,存活,43604,43.604000
4,9,Ian Ziering,0.135047,13.504651,9.666667,淘汰,43604,43.604000
4,10,Apolo Anton Ohno,0.337638,33.763767,9.777733,淘汰,100000,100.000000
4,10,Joey Fatone,0.334000,33.400030,9.555500,淘汰,100000,100.000000
4,10,Laila Ali,0.328362,32.836203,9.444400,淘汰,100000,100.000000
5,1,Sabrina Bryan,0.115714,11.571400,8.666667,存活,26831,26.831000
5,1,Jennie Garth,0.094214,9.421411,7.000000,存活,26831,26.831000
5,1,Marie Osmond,0.092980,9.298024,7.000000,存活,26831,26.831000
5,1,Albert Reed,0.091414,9.141368,7.000000,存活,26831,26.831000
5,1,Mark Cuban,0.090311,9.031070,7.000000,存活,26831,26.831000
5,1,Jane Seymour,0.086183,8.618291,8.000000,存活,26831,26.831000
5,1,Helio Castroneves,0.086086,8.608611,8.333333,存活,26831,26.831000
5,1,Mel B,0.085235,8.523549,8.000000,存活,26831,26.831000
5,1,Wayne Newton,0.084135,8.413491,6.333333,存活,26831,26.831000
5,1,Floyd Mayweather Jr. ,0.079154,7.915415,6.000000,存活,26831,26.831000
5,1,Cameron Mathison,0.075194,7.519415,7.000000,存活,26831,26.831000
5,1,Josie Maran,0.019380,1.937954,5.333333,淘汰,26831,26.831000
5,2,Sabrina Bryan,0.117663,11.766284,8.666667,存活,7324,7.324000
5,2,Marie Osmond,0.109267,10.926682,8.000000,存活,7324,7.324000
5,2,Floyd Mayweather Jr. ,0.103760,10.376042,7.000000,存活,7324,7.324000
5,2,Jennie Garth,0.101482,10.148234,7.000000,存活,7324,7.324000
5,2,Mark Cuban,0.101461,10.146066,6.000000,存活,7324,7.324000
5,2,Jane Seymour,0.098437,9.843746,7.000000,存活,7324,7.324000
5,2,Cameron Mathison,0.098409,9.840905,7.000000,存活,7324,7.324000
5,2,Helio Castroneves,0.095754,9.575377,9.000000,存活,7324,7.324000
5,2,Wayne Newton,0.087068,8.706809,5.000000,存活,7324,7.324000
5,2,Mel B,0.084299,8.429893,7.666667,存活,7324,7.324000
5,2,Albert Reed,0.002400,0.239963,7.000000,淘汰,7324,7.324000
5,3,Sabrina Bryan,0.130998,13.099822,9.000000,存活,30674,30.674000
5,3,Jennie Garth,0.126673,12.667296,8.666667,存活,30674,30.674000
5,3,Marie Osmond,0.125357,12.535705,8.666667,存活,30674,30.674000
5,3,Jane Seymour,0.105825,10.582457,9.000000,存活,30674,30.674000
5,3,Mel B,0.104571,10.457147,9.000000,存活,30674,30.674000
5,3,Floyd Mayweather Jr. ,0.101043,10.104328,7.000000,存活,30674,30.674000
5,3,Mark Cuban,0.094577,9.457711,6.666667,存活,30674,30.674000
5,3,Cameron Mathison,0.090374,9.037366,7.666667,存活,30674,30.674000
5,3,Helio Castroneves,0.089928,8.992846,8.000000,存活,30674,30.674000
5,3,Wayne Newton,0.030653,3.065321,6.000000,淘汰,30674,30.674000
5,4,Sabrina Bryan,0.153443,15.344325,10.000000,存活,16112,16.112000
5,4,Mark Cuban,0.140054,14.005435,7.333333,存活,16112,16.112000
5,4,Jennie Garth,0.138281,13.828121,9.000000,存活,16112,16.112000
5,4,Marie Osmond,0.132085,13.208498,8.666667,存活,16112,16.112000
5,4,Cameron Mathison,0.112057,11.205741,9.000000,存活,16112,16.112000
5,4,Jane Seymour,0.108006,10.800593,8.666667,存活,16112,16.112000
5,4,Helio Castroneves,0.107289,10.728940,9.000000,存活,16112,16.112000
5,4,Mel B,0.106274,10.627415,8.666667,存活,16112,16.112000
5,4,Floyd Mayweather Jr. ,0.002509,0.250932,7.666667,淘汰,16112,16.112000
5,5,Sabrina Bryan,0.173595,17.359482,9.333333,存活,21936,21.936000
5,5,Jennie Garth,0.154299,15.429935,8.333333,存活,21936,21.936000
5,5,Mel B,0.142970,14.296951,9.666667,存活,21936,21.936000
5,5,Marie Osmond,0.136980,13.698041,7.000000,存活,21936,21.936000
5,5,Cameron Mathison,0.130993,13.099254,8.666667,存活,21936,21.936000
5,5,Jane Seymour,0.130560,13.056000,8.666667,存活,21936,21.936000
5,5,Helio Castroneves,0.111972,11.197175,7.666667,存活,21936,21.936000
5,5,Mark Cuban,0.018632,1.863161,7.000000,淘汰,21936,21.936000
5,6,Marie Osmond,0.196443,19.644279,7.666667,存活,10314,10.314000
5,6,Jennie Garth,0.176635,17.663546,9.000000,存活,10314,10.314000
5,6,Cameron Mathison,0.172460,17.245983,8.333333,存活,10314,10.314000
5,6,Mel B,0.155727,15.572731,10.000000,存活,10314,10.314000
5,6,Jane Seymour,0.151769,15.176882,7.333333,存活,10314,10.314000
5,6,Helio Castroneves,0.143897,14.389735,9.333333,存活,10314,10.314000
5,6,Sabrina Bryan,0.003068,0.306845,8.333333,淘汰,10314,10.314000
5,7,Jennie Garth,0.213173,21.317284,8.833333,存活,39065,39.065000
5,7,Marie Osmond,0.207030,20.702991,8.666667,存活,39065,39.065000
5,7,Mel B,0.174650,17.465046,9.000000,存活,39065,39.065000
5,7,Cameron Mathison,0.167263,16.726291,8.500000,存活,39065,39.065000
5,7,Helio Castroneves,0.163574,16.357384,8.666667,存活,39065,39.065000
5,7,Jane Seymour,0.074310,7.431003,8.333333,淘汰,39065,39.065000
5,8,Jennie Garth,0.242920,24.291978,8.333333,存活,45809,45.809000
5,8,Marie Osmond,0.236052,23.605162,8.166667,存活,45809,45.809000
5,8,Mel B,0.196447,19.644663,9.333333,存活,45809,45.809000
5,8,Helio Castroneves,0.194564,19.456351,9.500000,存活,45809,45.809000
5,8,Cameron Mathison,0.130018,13.001846,8.500000,淘汰,45809,45.809000
5,9,Marie Osmond,0.448064,44.806369,9.333333,存活,15941,15.941000
5,9,Mel B,0.277132,27.713162,10.000000,存活,15941,15.941000
5,9,Helio Castroneves,0.269840,26.984030,10.000000,存活,15941,15.941000
5,9,Jennie Garth,0.004964,0.496439,9.666667,淘汰,15941,15.941000
5,10,Marie Osmond,0.341527,34.152685,7.666667,淘汰,100000,100.000000
5,10,Mel B,0.333740,33.373986,9.444400,淘汰,100000,100.000000
5,10,Helio Castroneves,0.324733,32.473329,9.333300,淘汰,100000,100.000000
6,1,Kristi Yamaguchi,0.112385,11.238474,9.000000,存活,100000,100.000000
6,1,Priscilla Presley,0.102426,10.242601,8.000000,存活,100000,100.000000
6,1,Mario,0.101629,10.162893,8.000000,存活,100000,100.000000
6,1,Marlee Matlin,0.094377,9.437695,7.333333,存活,100000,100.000000
6,1,Jason Taylor,0.092454,9.245444,7.333333,存活,100000,100.000000
6,1,Shannon Elizabeth,0.090072,9.007161,7.000000,存活,100000,100.000000
6,1,Marissa Jaret Winokur,0.077708,7.770771,6.000000,存活,100000,100.000000
6,1,Steve Guttenberg,0.077661,7.766114,6.000000,存活,100000,100.000000
6,1,Cristian de la Fuente,0.072558,7.255779,7.000000,存活,100000,100.000000
6,1,Penn Jillette,0.065383,6.538290,5.333333,存活,100000,100.000000
6,1,Adam Carolla,0.062054,6.205377,5.000000,存活,100000,100.000000
6,1,Monica Seles,0.051294,5.129400,5.000000,存活,100000,100.000000
6,2,Kristi Yamaguchi,0.110238,11.023806,9.000000,存活,39432,39.432000
6,2,Jason Taylor,0.109973,10.997290,9.000000,存活,39432,39.432000
6,2,Mario,0.107246,10.724605,8.666667,存活,39432,39.432000
6,2,Marlee Matlin,0.100519,10.051945,8.000000,存活,39432,39.432000
6,2,Shannon Elizabeth,0.100474,10.047416,8.000000,存活,39432,39.432000
6,2,Priscilla Presley,0.088588,8.858772,7.000000,存活,39432,39.432000
6,2,Marissa Jaret Winokur,0.088296,8.829602,7.000000,存活,39432,39.432000
6,2,Adam Carolla,0.076585,7.658525,6.333333,存活,39432,39.432000
6,2,Steve Guttenberg,0.073593,7.359256,5.333333,存活,39432,39.432000
6,2,Cristian de la Fuente,0.067766,6.776632,6.666667,存活,39432,39.432000
6,2,Penn Jillette,0.046815,4.681534,5.666667,淘汰,39432,39.432000
6,2,Monica Seles,0.029906,2.990617,5.000000,淘汰,39432,39.432000
6,3,Kristi Yamaguchi,0.123098,12.309751,9.000000,存活,10501,10.501000
6,3,Priscilla Presley,0.119580,11.957998,8.666667,存活,10501,10.501000
6,3,Adam Carolla,0.113948,11.394757,7.000000,存活,10501,10.501000
6,3,Marissa Jaret Winokur,0.112854,11.285426,6.333333,存活,10501,10.501000
6,3,Shannon Elizabeth,0.110809,11.080877,8.000000,存活,10501,10.501000
6,3,Mario,0.109615,10.961547,7.000000,存活,10501,10.501000
6,3,Marlee Matlin,0.108768,10.876794,7.000000,存活,10501,10.501000
6,3,Jason Taylor,0.105158,10.515775,7.666667,存活,10501,10.501000
6,3,Cristian de la Fuente,0.093675,9.367468,8.333333,存活,10501,10.501000
6,3,Steve Guttenberg,0.002496,0.249606,7.000000,淘汰,10501,10.501000
6,4,Kristi Yamaguchi,0.137096,13.709628,9.666667,存活,33504,33.504000
6,4,Jason Taylor,0.137030,13.702989,9.666667,存活,33504,33.504000
6,4,Shannon Elizabeth,0.134942,13.494225,9.333333,存活,33504,33.504000
6,4,Marissa Jaret Winokur,0.116236,11.623609,8.000000,存活,33504,33.504000
6,4,Marlee Matlin,0.115927,11.592747,8.000000,存活,33504,33.504000
6,4,Mario,0.115689,11.568942,8.000000,存活,33504,33.504000
6,4,Priscilla Presley,0.106720,10.671952,7.333333,存活,33504,33.504000
6,4,Cristian de la Fuente,0.101495,10.149473,8.666667,存活,33504,33.504000
6,4,Adam Carolla,0.034864,3.486436,6.333333,淘汰,33504,33.504000
6,5,Kristi Yamaguchi,0.162763,16.276313,9.666667,存活,23513,23.513000
6,5,Mario,0.154199,15.419880,9.000000,存活,23513,23.513000
6,5,Jason Taylor,0.153564,15.356386,9.000000,存活,23513,23.513000
6,5,Marissa Jaret Winokur,0.139667,13.966712,8.000000,存活,23513,23.513000
6,5,Shannon Elizabeth,0.133476,13.347578,7.666667,存活,23513,23.513000
6,5,Marlee Matlin,0.128695,12.869497,7.333333,存活,23513,23.513000
6,5,Cristian de la Fuente,0.108239,10.823858,7.666667,存活,23513,23.513000
6,5,Priscilla Presley,0.019398,1.939776,7.000000,淘汰,23513,23.513000
6,6,Kristi Yamaguchi,0.180100,18.010040,10.000000,存活,40925,40.925000
6,6,Mario,0.170375,17.037549,9.333333,存活,40925,40.925000
6,6,Marissa Jaret Winokur,0.159335,15.933505,8.666667,存活,40925,40.925000
6,6,Shannon Elizabeth,0.147894,14.789350,8.000000,存活,40925,40.925000
6,6,Jason Taylor,0.145407,14.540667,8.000000,存活,40925,40.925000
6,6,Cristian de la Fuente,0.132717,13.271732,9.000000,存活,40925,40.925000
6,6,Marlee Matlin,0.064172,6.417158,7.000000,淘汰,40925,40.925000
6,7,Mario,0.221479,22.147872,8.500000,存活,14077,14.077000
6,7,Jason Taylor,0.201290,20.129029,9.166667,存活,14077,14.077000
6,7,Kristi Yamaguchi,0.196526,19.652587,9.000000,存活,14077,14.077000
6,7,Marissa Jaret Winokur,0.194588,19.458826,8.666667,存活,14077,14.077000
6,7,Cristian de la Fuente,0.182662,18.266208,7.666667,存活,14077,14.077000
6,7,Shannon Elizabeth,0.003455,0.345477,8.500000,淘汰,14077,14.077000
6,8,Jason Taylor,0.290476,29.047582,8.666667,存活,12589,12.589000
6,8,Marissa Jaret Winokur,0.284607,28.460726,8.333333,存活,12589,12.589000
6,8,Kristi Yamaguchi,0.227378,22.737752,9.166667,存活,12589,12.589000
6,8,Cristian de la Fuente,0.193753,19.375322,9.500000,存活,12589,12.589000
6,8,Mario,0.003786,0.378618,8.833333,淘汰,12589,12.589000
6,9,Kristi Yamaguchi,0.346719,34.671941,9.500000,存活,21743,21.743000
6,9,Jason Taylor,0.337521,33.752114,9.166667,存活,21743,21.743000
6,9,Cristian de la Fuente,0.290713,29.071318,9.333333,存活,21743,21.743000
6,9,Marissa Jaret Winokur,0.025046,2.504627,8.666667,淘汰,21743,21.743000
6,10,Kristi Yamaguchi,0.367335,36.733523,10.000000,淘汰,100000,100.000000
6,10,Jason Taylor,0.354631,35.463114,9.500000,淘汰,100000,100.000000
6,10,Cristian de la Fuente,0.278034,27.803363,8.666667,淘汰,100000,100.000000
7,1,Brooke Burke,0.095545,9.554532,8.166667,存活,33959,33.959000
7,1,Toni Braxton,0.092361,9.236140,7.500000,存活,33959,33.959000
7,1,Lance Bass,0.088418,8.841844,7.166667,存活,33959,33.959000
7,1,Warren Sapp,0.086891,8.689113,7.166667,存活,33959,33.959000
7,1,Misty May-Treanor,0.085450,8.544972,7.000000,存活,33959,33.959000
7,1,Cody Linley,0.085420,8.542041,6.833333,存活,33959,33.959000
7,1,Maurice Greene,0.079617,7.961695,6.500000,存活,33959,33.959000
7,1,Susan Lucci,0.078466,7.846597,6.166667,存活,33959,33.959000
7,1,Kim Kardashian,0.077673,7.767314,6.166667,存活,33959,33.959000
7,1,Rocco DiSpirito,0.074324,7.432438,5.833333,存活,33959,33.959000
7,1,Cloris Leachman,0.071040,7.103961,5.333333,存活,33959,33.959000
7,1,Ted McGinley,0.060660,6.066042,6.166667,淘汰,33959,33.959000
7,1,Jeffrey Ross,0.024133,2.413311,4.000000,淘汰,33959,33.959000
7,2,Warren Sapp,0.109288,10.928781,8.000000,存活,18648,18.648000
7,2,Brooke Burke,0.107505,10.750497,8.000000,存活,18648,18.648000
7,2,Toni Braxton,0.106556,10.655592,7.666667,存活,18648,18.648000
7,2,Lance Bass,0.100745,10.074504,6.666667,存活,18648,18.648000
7,2,Cody Linley,0.099654,9.965430,7.000000,存活,18648,18.648000
7,2,Susan Lucci,0.099650,9.965048,7.000000,存活,18648,18.648000
7,2,Maurice Greene,0.094953,9.495271,6.333333,存活,18648,18.648000
7,2,Rocco DiSpirito,0.092102,9.210244,5.333333,存活,18648,18.648000
7,2,Cloris Leachman,0.089749,8.974889,5.000000,存活,18648,18.648000
7,2,Misty May-Treanor,0.068894,6.889404,7.000000,淘汰,18648,18.648000
7,2,Kim Kardashian,0.030903,3.090340,5.666667,淘汰,18648,18.648000
7,3,Brooke Burke,0.136079,13.607859,9.333333,存活,100000,100.000000
7,3,Warren Sapp,0.124546,12.454555,8.333333,存活,100000,100.000000
7,3,Maurice Greene,0.119637,11.963692,8.000000,存活,100000,100.000000
7,3,Toni Braxton,0.111440,11.143962,7.333333,存活,100000,100.000000
7,3,Lance Bass,0.111431,11.143148,7.333333,存活,100000,100.000000
7,3,Cody Linley,0.107752,10.775235,7.000000,存活,100000,100.000000
7,3,Susan Lucci,0.107354,10.735398,7.000000,存活,100000,100.000000
7,3,Rocco DiSpirito,0.098785,9.878481,6.666667,存活,100000,100.000000
7,3,Cloris Leachman,0.082977,8.297670,5.333333,存活,100000,100.000000
7,4,Lance Bass,0.135166,13.516636,8.666667,存活,32992,32.992000
7,4,Brooke Burke,0.131548,13.154799,8.666667,存活,32992,32.992000
7,4,Susan Lucci,0.125549,12.554901,8.000000,存活,32992,32.992000
7,4,Cody Linley,0.121330,12.133048,7.666667,存活,32992,32.992000
7,4,Cloris Leachman,0.115821,11.582102,7.333333,存活,32992,32.992000
7,4,Toni Braxton,0.115237,11.523736,7.333333,存活,32992,32.992000
7,4,Warren Sapp,0.114263,11.426259,7.333333,存活,32992,32.992000
7,4,Maurice Greene,0.104472,10.447240,6.666667,存活,32992,32.992000
7,4,Rocco DiSpirito,0.036613,3.661279,6.000000,淘汰,32992,32.992000
7,5,Brooke Burke,0.149319,14.931940,9.666667,存活,11901,11.901000
7,5,Cody Linley,0.148441,14.844143,9.333333,存活,11901,11.901000
7,5,Cloris Leachman,0.147141,14.714096,7.000000,存活,11901,11.901000
7,5,Lance Bass,0.145690,14.568996,7.000000,存活,11901,11.901000
7,5,Maurice Greene,0.142675,14.267470,9.000000,存活,11901,11.901000
7,5,Susan Lucci,0.133006,13.300609,7.333333,存活,11901,11.901000
7,5,Warren Sapp,0.130907,13.090702,8.333333,存活,11901,11.901000
7,5,Toni Braxton,0.002820,0.282043,7.333333,淘汰,11901,11.901000
7,6,Lance Bass,0.177170,17.717046,9.000000,存活,40947,40.947000
7,6,Brooke Burke,0.165663,16.566342,8.666667,存活,40947,40.947000
7,6,Warren Sapp,0.162361,16.236066,8.333333,存活,40947,40.947000
7,6,Cody Linley,0.153213,15.321262,7.666667,存活,40947,40.947000
7,6,Susan Lucci,0.152964,15.296396,7.666667,存活,40947,40.947000
7,6,Maurice Greene,0.137672,13.767160,7.000000,存活,40947,40.947000
7,6,Cloris Leachman,0.050957,5.095728,5.000000,淘汰,40947,40.947000
7,7,Cody Linley,0.215615,21.561470,7.333333,存活,12617,12.617000
7,7,Brooke Burke,0.212695,21.269455,10.000000,存活,12617,12.617000
7,7,Warren Sapp,0.202021,20.202093,7.000000,存活,12617,12.617000
7,7,Lance Bass,0.183301,18.330055,8.333333,存活,12617,12.617000
7,7,Maurice Greene,0.182711,18.271067,8.333333,存活,12617,12.617000
7,7,Susan Lucci,0.003659,0.365860,8.000000,淘汰,12617,12.617000
7,8,Brooke Burke,0.230184,23.018365,9.166667,存活,41075,41.075000
7,8,Warren Sapp,0.229860,22.985981,9.000000,存活,41075,41.075000
7,8,Cody Linley,0.221386,22.138588,8.000000,存活,41075,41.075000
7,8,Lance Bass,0.215903,21.590274,8.333333,存活,41075,41.075000
7,8,Maurice Greene,0.102668,10.266792,8.000000,淘汰,41075,41.075000
7,9,Lance Bass,0.310697,31.069720,9.500000,存活,60077,60.077000
7,9,Warren Sapp,0.267758,26.775850,8.166667,存活,60077,60.077000
7,9,Brooke Burke,0.263097,26.309701,8.166667,存活,60077,60.077000
7,9,Cody Linley,0.158447,15.844728,7.666667,淘汰,60077,60.077000
7,10,Brooke Burke,0.343600,34.359957,10.000000,淘汰,100000,100.000000
7,10,Lance Bass,0.330637,33.063673,9.166667,淘汰,100000,100.000000
7,10,Warren Sapp,0.325764,32.576370,9.166667,淘汰,100000,100.000000
8,1,Shawn Johnson,0.097174,9.717420,7.666667,存活,100000,100.000000
8,1,Melissa Rycroft,0.095285,9.528506,7.666667,存活,100000,100.000000
8,1,Lil' Kim,0.089672,8.967225,7.000000,存活,100000,100.000000
8,1,Chuck Wicks,0.085620,8.561987,6.666667,存活,100000,100.000000
8,1,Gilles Marini,0.083230,8.323047,8.000000,存活,100000,100.000000
8,1,David Alan Grier,0.082222,8.222239,6.333333,存活,100000,100.000000
8,1,Denise Richards,0.078025,7.802529,6.000000,存活,100000,100.000000
8,1,Holly Madison,0.075397,7.539716,6.000000,存活,100000,100.000000
8,1,Belinda Carlisle,0.073271,7.327051,5.666667,存活,100000,100.000000
8,1,Lawrence Taylor,0.068427,6.842682,5.333333,存活,100000,100.000000
8,1,Ty Murray,0.060109,6.010859,4.666667,存活,100000,100.000000
8,1,Steve-O,0.057109,5.710916,5.666667,存活,100000,100.000000
8,1,Steve Wozniak,0.054458,5.445822,4.333333,存活,100000,100.000000
8,2,Melissa Rycroft,0.098886,9.888640,8.666667,存活,8646,8.646000
8,2,Shawn Johnson,0.093098,9.309815,8.000000,存活,8646,8.646000
8,2,Lil' Kim,0.091196,9.119590,7.666667,存活,8646,8.646000
8,2,David Alan Grier,0.086781,8.678082,5.666667,存活,8646,8.646000
8,2,Gilles Marini,0.085913,8.591316,9.000000,存活,8646,8.646000
8,2,Denise Richards,0.083444,8.344357,7.000000,存活,8646,8.646000
8,2,Steve Wozniak,0.082661,8.266141,5.666667,存活,8646,8.646000
8,2,Holly Madison,0.082607,8.260675,6.000000,存活,8646,8.646000
8,2,Chuck Wicks,0.080432,8.043186,6.666667,存活,8646,8.646000
8,2,Lawrence Taylor,0.079020,7.902000,6.666667,存活,8646,8.646000
8,2,Ty Murray,0.078517,7.851686,6.666667,存活,8646,8.646000
8,2,Steve-O,0.054963,5.496320,4.666667,存活,8646,8.646000
8,2,Belinda Carlisle,0.002482,0.248193,6.000000,淘汰,8646,8.646000
8,3,Shawn Johnson,0.113645,11.364537,9.000000,存活,12835,12.835000
8,3,Melissa Rycroft,0.111649,11.164900,9.000000,存活,12835,12.835000
8,3,Lil' Kim,0.106507,10.650730,8.333333,存活,12835,12.835000
8,3,David Alan Grier,0.103383,10.338303,8.000000,存活,12835,12.835000
8,3,Chuck Wicks,0.098479,9.847934,7.666667,存活,12835,12.835000
8,3,Ty Murray,0.097015,9.701473,7.666667,存活,12835,12.835000
8,3,Gilles Marini,0.093552,9.355153,9.000000,存活,12835,12.835000
8,3,Lawrence Taylor,0.084807,8.480674,6.666667,存活,12835,12.835000
8,3,Holly Madison,0.071421,7.142095,5.666667,存活,12835,12.835000
8,3,Steve-O,0.063830,6.382952,5.000000,存活,12835,12.835000
8,3,Steve Wozniak,0.052659,5.265899,3.333333,存活,12835,12.835000
8,3,Denise Richards,0.003053,0.305350,5.333333,淘汰,12835,12.835000
8,4,Melissa Rycroft,0.120335,12.033540,9.666667,存活,50349,50.349000
8,4,Lil' Kim,0.116335,11.633518,9.000000,存活,50349,50.349000
8,4,Shawn Johnson,0.111085,11.108458,8.333333,存活,50349,50.349000
8,4,Ty Murray,0.110654,11.065396,8.333333,存活,50349,50.349000
8,4,Gilles Marini,0.103702,10.370199,10.000000,存活,50349,50.349000
8,4,David Alan Grier,0.101667,10.166707,7.333333,存活,50349,50.349000
8,4,Chuck Wicks,0.100529,10.052899,7.333333,存活,50349,50.349000
8,4,Lawrence Taylor,0.086681,8.668089,6.333333,存活,50349,50.349000
8,4,Steve-O,0.057455,5.745532,5.000000,存活,50349,50.349000
8,4,Holly Madison,0.054386,5.438573,5.333333,淘汰,50349,50.349000
8,4,Steve Wozniak,0.037171,3.717090,4.000000,淘汰,50349,50.349000
8,5,Ty Murray,0.138593,13.859303,7.000000,存活,10279,10.279000
8,5,Lil' Kim,0.133653,13.365267,8.666667,存活,10279,10.279000
8,5,Shawn Johnson,0.133184,13.318385,8.666667,存活,10279,10.279000
8,5,Lawrence Taylor,0.131979,13.197910,6.666667,存活,10279,10.279000
8,5,Melissa Rycroft,0.125721,12.572098,8.333333,存活,10279,10.279000
8,5,Gilles Marini,0.122480,12.248049,9.666667,存活,10279,10.279000
8,5,Chuck Wicks,0.118457,11.845713,7.666667,存活,10279,10.279000
8,5,Steve-O,0.093217,9.321729,6.000000,存活,10279,10.279000
8,5,David Alan Grier,0.002715,0.271546,7.333333,淘汰,10279,10.279000
8,6,Lil' Kim,0.164254,16.425428,9.333333,存活,36855,36.855000
8,6,Melissa Rycroft,0.154739,15.473928,9.000000,存活,36855,36.855000
8,6,Shawn Johnson,0.151408,15.140829,8.666667,存活,36855,36.855000
8,6,Chuck Wicks,0.135678,13.567798,7.666667,存活,36855,36.855000
8,6,Lawrence Taylor,0.129412,12.941201,7.333333,存活,36855,36.855000
8,6,Gilles Marini,0.124467,12.446706,8.666667,存活,36855,36.855000
8,6,Ty Murray,0.106203,10.620307,6.000000,存活,36855,36.855000
8,6,Steve-O,0.033838,3.383805,5.333333,淘汰,36855,36.855000
8,7,Melissa Rycroft,0.169798,16.979771,9.666667,存活,40971,40.971000
8,7,Shawn Johnson,0.167902,16.790213,9.333333,存活,40971,40.971000
8,7,Chuck Wicks,0.163918,16.391769,9.000000,存活,40971,40.971000
8,7,Lil' Kim,0.157190,15.718990,8.666667,存活,40971,40.971000
8,7,Ty Murray,0.145294,14.529362,8.000000,存活,40971,40.971000
8,7,Gilles Marini,0.133212,13.321200,9.000000,存活,40971,40.971000
8,7,Lawrence Taylor,0.062687,6.268695,7.000000,淘汰,40971,40.971000
8,8,Melissa Rycroft,0.224461,22.446139,7.666667,存活,15921,15.921000
8,8,Lil' Kim,0.210669,21.066913,9.333333,存活,15921,15.921000
8,8,Shawn Johnson,0.196632,19.663168,8.666667,存活,15921,15.921000
8,8,Ty Murray,0.194973,19.497255,8.666667,存活,15921,15.921000
8,8,Gilles Marini,0.169760,16.976008,9.166667,存活,15921,15.921000
8,8,Chuck Wicks,0.003505,0.350517,8.500000,淘汰,15921,15.921000
8,9,Ty Murray,0.283364,28.336407,7.666667,存活,15815,15.815000
8,9,Shawn Johnson,0.250853,25.085347,9.333333,存活,15815,15.815000
8,9,Melissa Rycroft,0.250842,25.084217,9.500000,存活,15815,15.815000
8,9,Gilles Marini,0.210681,21.068110,9.333333,存活,15815,15.815000
8,9,Lil' Kim,0.004259,0.425919,8.666667,淘汰,15815,15.815000
8,10,Shawn Johnson,0.295405,29.540529,9.333333,存活,60869,60.869000
8,10,Melissa Rycroft,0.285496,28.549587,9.166667,存活,60869,60.869000
8,10,Gilles Marini,0.260309,26.030872,10.000000,存活,60869,60.869000
8,10,Ty Murray,0.158790,15.879013,8.000000,淘汰,60869,60.869000
8,11,Shawn Johnson,0.361620,36.162022,10.000000,淘汰,100000,100.000000
8,11,Melissa Rycroft,0.340457,34.045737,9.500000,淘汰,100000,100.000000
8,11,Gilles Marini,0.297922,29.792241,9.666667,淘汰,100000,100.000000
9,1,Aaron Carter,0.084291,8.429100,10.666633,存活,32969,32.969000
9,1,Mya,0.081671,8.167055,10.333300,存活,32969,32.969000
9,1,Donny Osmond,0.079124,7.912413,9.999967,存活,32969,32.969000
9,1,Mark Dacascos,0.077248,7.724771,9.666600,存活,32969,32.969000
9,1,Natalie Coughlin,0.070895,7.089518,8.999933,存活,32969,32.969000
9,1,Louie Vito,0.070811,7.081069,8.999933,存活,32969,32.969000
9,1,Joanna Krupa,0.070703,7.070253,11.333300,存活,32969,32.969000
9,1,Melissa Joan Hart,0.064258,6.425835,8.000000,存活,32969,32.969000
9,1,Kelly Osbourne,0.063922,6.392171,10.333267,存活,32969,32.969000
9,1,Debi Mazar,0.058939,5.893923,7.333333,存活,32969,32.969000
9,1,Chuck Liddell,0.058265,5.826485,7.333333,存活,32969,32.969000
9,1,Michael Irvin,0.057245,5.724493,6.333333,存活,32969,32.969000
9,1,Kathy Ireland,0.052335,5.233473,6.666633,存活,32969,32.969000
9,1,Tom DeLay,0.050200,5.020018,6.666633,存活,32969,32.969000
9,1,Ashley Hamiliton,0.030125,3.012513,6.333300,淘汰,32969,32.969000
9,1,Macy Gray,0.029969,2.996907,6.333300,淘汰,32969,32.969000
9,2,Aaron Carter,0.099021,9.902145,9.000000,存活,16763,16.763000
9,2,Mya,0.098846,9.884588,9.000000,存活,16763,16.763000
9,2,Donny Osmond,0.092068,9.206795,8.333333,存活,16763,16.763000
9,2,Debi Mazar,0.078624,7.862388,7.000000,存活,16763,16.763000
9,2,Mark Dacascos,0.078184,7.818412,7.000000,存活,16763,16.763000
9,2,Natalie Coughlin,0.077320,7.731989,7.000000,存活,16763,16.763000
9,2,Tom DeLay,0.076151,7.615055,6.000000,存活,16763,16.763000
9,2,Michael Irvin,0.073607,7.360721,6.666667,存活,16763,16.763000
9,2,Melissa Joan Hart,0.071327,7.132706,6.333333,存活,16763,16.763000
9,2,Louie Vito,0.069846,6.984626,6.333333,存活,16763,16.763000
9,2,Chuck Liddell,0.069713,6.971325,6.333333,存活,16763,16.763000
9,2,Joanna Krupa,0.057800,5.779990,6.666667,存活,16763,16.763000
9,2,Kelly Osbourne,0.055223,5.522321,6.333333,存活,16763,16.763000
9,2,Kathy Ireland,0.002269,0.226941,6.000000,淘汰,16763,16.763000
9,3,Mya,0.111304,11.130423,9.000000,存活,27130,27.130000
9,3,Natalie Coughlin,0.107022,10.702160,8.666667,存活,27130,27.130000
9,3,Donny Osmond,0.087995,8.799542,7.000000,存活,27130,27.130000
9,3,Aaron Carter,0.087776,8.777616,7.000000,存活,27130,27.130000
9,3,Louie Vito,0.083209,8.320926,6.666667,存活,27130,27.130000
9,3,Melissa Joan Hart,0.080421,8.042083,6.333333,存活,27130,27.130000
9,3,Mark Dacascos,0.076034,7.603450,6.000000,存活,27130,27.130000
9,3,Chuck Liddell,0.075498,7.549829,5.666667,存活,27130,27.130000
9,3,Joanna Krupa,0.075195,7.519474,7.666667,存活,27130,27.130000
9,3,Michael Irvin,0.073705,7.370544,4.666667,存活,27130,27.130000
9,3,Kelly Osbourne,0.065217,6.521658,6.666667,存活,27130,27.130000
9,3,Debi Mazar,0.044324,4.432439,5.666667,淘汰,27130,27.130000
9,3,Tom DeLay,0.032299,3.229856,5.000000,淘汰,27130,27.130000
9,4,Melissa Joan Hart,0.125029,12.502859,9.333333,存活,12840,12.840000
9,4,Mya,0.123986,12.398643,9.333333,存活,12840,12.840000
9,4,Donny Osmond,0.107686,10.768551,8.000000,存活,12840,12.840000
9,4,Natalie Coughlin,0.106354,10.635433,8.000000,存活,12840,12.840000
9,4,Mark Dacascos,0.099791,9.979136,7.333333,存活,12840,12.840000
9,4,Joanna Krupa,0.091358,9.135801,8.666667,存活,12840,12.840000
9,4,Michael Irvin,0.090736,9.073639,5.333333,存活,12840,12.840000
9,4,Louie Vito,0.090723,9.072276,5.333333,存活,12840,12.840000
9,4,Aaron Carter,0.081458,8.145836,6.000000,存活,12840,12.840000
9,4,Kelly Osbourne,0.079928,7.992805,7.666667,存活,12840,12.840000
9,4,Chuck Liddell,0.002950,0.295020,5.666667,淘汰,12840,12.840000
9,5,Donny Osmond,0.131736,13.173647,9.666667,存活,14454,14.454000
9,5,Michael Irvin,0.122421,12.242136,7.000000,存活,14454,14.454000
9,5,Mya,0.121850,12.185025,9.000000,存活,14454,14.454000
9,5,Mark Dacascos,0.119820,11.982049,8.666667,存活,14454,14.454000
9,5,Louie Vito,0.112432,11.243237,7.333333,存活,14454,14.454000
9,5,Aaron Carter,0.110589,11.058907,8.000000,存活,14454,14.454000
9,5,Melissa Joan Hart,0.106550,10.654979,7.666667,存活,14454,14.454000
9,5,Joanna Krupa,0.086275,8.627531,8.000000,存活,14454,14.454000
9,5,Kelly Osbourne,0.085953,8.595286,8.000000,存活,14454,14.454000
9,5,Natalie Coughlin,0.002372,0.237203,7.333333,淘汰,14454,14.454000
9,6,Mya,0.140875,14.087464,11.000000,存活,28671,28.671000
9,6,Aaron Carter,0.140638,14.063814,10.999933,存活,28671,28.671000
9,6,Mark Dacascos,0.138616,13.861610,10.666667,存活,28671,28.671000
9,6,Donny Osmond,0.133364,13.336386,10.333300,存活,28671,28.671000
9,6,Joanna Krupa,0.121486,12.148594,11.999967,存活,28671,28.671000
9,6,Michael Irvin,0.121437,12.143718,7.333267,存活,28671,28.671000
9,6,Kelly Osbourne,0.084478,8.447823,8.333267,存活,28671,28.671000
9,6,Melissa Joan Hart,0.060303,6.030259,7.999967,淘汰,28671,28.671000
9,6,Louie Vito,0.058803,5.880330,8.000000,淘汰,28671,28.671000
9,7,Aaron Carter,0.174062,17.406192,8.833333,存活,56793,56.793000
9,7,Donny Osmond,0.171670,17.166999,8.666667,存活,56793,56.793000
9,7,Mya,0.161345,16.134498,8.166667,存活,56793,56.793000
9,7,Joanna Krupa,0.143082,14.308188,9.166667,存活,56793,56.793000
9,7,Kelly Osbourne,0.134417,13.441721,8.666667,存活,56793,56.793000
9,7,Michael Irvin,0.111025,11.102478,7.833333,淘汰,56793,56.793000
9,7,Mark Dacascos,0.104399,10.439925,7.166667,淘汰,56793,56.793000
9,8,Mya,0.291430,29.143041,9.833333,存活,17758,17.758000
9,8,Donny Osmond,0.289715,28.971540,8.333333,存活,17758,17.758000
9,8,Joanna Krupa,0.208482,20.848189,8.666667,存活,17758,17.758000
9,8,Kelly Osbourne,0.205531,20.553138,8.500000,存活,17758,17.758000
9,8,Aaron Carter,0.004841,0.484093,8.333333,淘汰,17758,17.758000
9,9,Donny Osmond,0.373613,37.361296,8.222200,存活,12890,12.890000
9,9,Mya,0.312999,31.299868,9.666633,存活,12890,12.890000
9,9,Kelly Osbourne,0.305956,30.595555,8.666600,存活,12890,12.890000
9,9,Joanna Krupa,0.007433,0.743281,9.000000,淘汰,12890,12.890000
9,10,Donny Osmond,0.369419,36.941862,9.666600,淘汰,100000,100.000000
9,10,Mya,0.362053,36.205287,9.444400,淘汰,100000,100.000000
9,10,Kelly Osbourne,0.268529,26.852851,8.407400,淘汰,100000,100.000000
10,1,Nicole Scherzinger,0.122930,12.292972,8.333333,存活,100000,100.000000
10,1,Evan Lysacek,0.112581,11.258097,7.666667,存活,100000,100.000000
10,1,Erin Andrews,0.100196,10.019597,7.000000,存活,100000,100.000000
10,1,Jake Pavelka,0.096839,9.683883,6.666667,存活,100000,100.000000
10,1,Shannen Doherty,0.090893,9.089329,6.000000,存活,100000,100.000000
10,1,Niecy Nash,0.090840,9.084003,6.000000,存活,100000,100.000000
10,1,Chad Ochocinco,0.089194,8.919351,6.000000,存活,100000,100.000000
10,1,Pamela Anderson,0.082249,8.224946,7.000000,存活,100000,100.000000
10,1,Kate Gosselin,0.078104,7.810449,5.333333,存活,100000,100.000000
10,1,Buzz Aldrin,0.074869,7.486871,4.666667,存活,100000,100.000000
10,1,Aiden Turner,0.061305,6.130503,5.000000,存活,100000,100.000000
10,2,Nicole Scherzinger,0.131073,13.107332,9.333333,存活,6751,6.751000
10,2,Jake Pavelka,0.111860,11.186016,6.666667,存活,6751,6.751000
10,2,Evan Lysacek,0.111577,11.157729,8.000000,存活,6751,6.751000
10,2,Erin Andrews,0.105190,10.518954,7.666667,存活,6751,6.751000
10,2,Niecy Nash,0.100187,10.018727,7.000000,存活,6751,6.751000
10,2,Chad Ochocinco,0.096212,9.621226,5.333333,存活,6751,6.751000
10,2,Aiden Turner,0.093191,9.319132,6.333333,存活,6751,6.751000
10,2,Kate Gosselin,0.088451,8.845050,5.000000,存活,6751,6.751000
10,2,Pamela Anderson,0.082481,8.248118,7.333333,存活,6751,6.751000
10,2,Buzz Aldrin,0.077065,7.706477,4.000000,存活,6751,6.751000
10,2,Shannen Doherty,0.002712,0.271238,6.666667,淘汰,6751,6.751000
10,3,Evan Lysacek,0.139028,13.902814,8.666667,存活,30490,30.490000
10,3,Nicole Scherzinger,0.124338,12.433779,7.666667,存活,30490,30.490000
10,3,Erin Andrews,0.119019,11.901885,7.666667,存活,30490,30.490000
10,3,Niecy Nash,0.113826,11.382617,7.000000,存活,30490,30.490000
10,3,Jake Pavelka,0.110711,11.071072,7.000000,存活,30490,30.490000
10,3,Chad Ochocinco,0.107395,10.739550,6.666667,存活,30490,30.490000
10,3,Pamela Anderson,0.089480,8.947989,7.000000,存活,30490,30.490000
10,3,Aiden Turner,0.088406,8.840556,6.666667,存活,30490,30.490000
10,3,Kate Gosselin,0.079624,7.962429,5.000000,存活,30490,30.490000
10,3,Buzz Aldrin,0.028173,2.817309,4.333333,淘汰,30490,30.490000
10,4,Evan Lysacek,0.148963,14.896276,8.666667,存活,29377,29.377000
10,4,Nicole Scherzinger,0.145549,14.554909,8.333333,存活,29377,29.377000
10,4,Chad Ochocinco,0.127953,12.795314,7.333333,存活,29377,29.377000
10,4,Erin Andrews,0.110182,11.018220,6.500000,存活,29377,29.377000
10,4,Pamela Anderson,0.108819,10.881872,7.833333,存活,29377,29.377000
10,4,Jake Pavelka,0.108488,10.848845,6.333333,存活,29377,29.377000
10,4,Niecy Nash,0.107589,10.758869,6.000000,存活,29377,29.377000
10,4,Kate Gosselin,0.105817,10.581699,5.333333,存活,29377,29.377000
10,4,Aiden Turner,0.036640,3.663995,5.500000,淘汰,29377,29.377000
10,5,Nicole Scherzinger,0.181776,18.177580,9.666667,存活,36919,36.919000
10,5,Evan Lysacek,0.167568,16.756806,9.000000,存活,36919,36.919000
10,5,Jake Pavelka,0.140877,14.087744,7.666667,存活,36919,36.919000
10,5,Erin Andrews,0.133471,13.347141,7.333333,存活,36919,36.919000
10,5,Niecy Nash,0.115640,11.564050,6.000000,存活,36919,36.919000
10,5,Chad Ochocinco,0.113152,11.315239,6.000000,存活,36919,36.919000
10,5,Pamela Anderson,0.104934,10.493367,7.000000,存活,36919,36.919000
10,5,Kate Gosselin,0.042581,4.258074,5.000000,淘汰,36919,36.919000
10,6,Nicole Scherzinger,0.189738,18.973840,11.999967,存活,40905,40.905000
10,6,Erin Andrews,0.173335,17.333497,11.333333,存活,40905,40.905000
10,6,Chad Ochocinco,0.163342,16.334172,10.333300,存活,40905,40.905000
10,6,Evan Lysacek,0.143122,14.312237,9.000000,存活,40905,40.905000
10,6,Niecy Nash,0.140533,14.053286,8.666600,存活,40905,40.905000
10,6,Pamela Anderson,0.126703,12.670338,9.999933,存活,40905,40.905000
10,6,Jake Pavelka,0.063226,6.322629,8.333300,淘汰,40905,40.905000
10,7,Niecy Nash,0.194067,19.406690,8.166667,存活,42095,42.095000
10,7,Nicole Scherzinger,0.187350,18.735033,9.000000,存活,42095,42.095000
10,7,Evan Lysacek,0.185025,18.502533,9.000000,存活,42095,42.095000
10,7,Chad Ochocinco,0.178441,17.844099,8.666667,存活,42095,42.095000
10,7,Erin Andrews,0.170473,17.047316,8.500000,存活,42095,42.095000
10,7,Pamela Anderson,0.084643,8.464329,8.500000,淘汰,42095,42.095000
10,8,Nicole Scherzinger,0.252061,25.206146,9.833333,存活,51187,51.187000
10,8,Evan Lysacek,0.226030,22.602993,8.833333,存活,51187,51.187000
10,8,Erin Andrews,0.220288,22.028785,8.833333,存活,51187,51.187000
10,8,Chad Ochocinco,0.193584,19.358426,7.500000,存活,51187,51.187000
10,8,Niecy Nash,0.108036,10.803650,7.166667,淘汰,51187,51.187000
10,9,Nicole Scherzinger,0.289948,28.994752,9.833333,存活,60853,60.853000
10,9,Evan Lysacek,0.286847,28.684675,9.833333,存活,60853,60.853000
10,9,Erin Andrews,0.265518,26.551817,9.333333,存活,60853,60.853000
10,9,Chad Ochocinco,0.157688,15.768755,8.666667,淘汰,60853,60.853000
10,10,Nicole Scherzinger,0.349478,34.947823,9.592567,淘汰,100000,100.000000
10,10,Evan Lysacek,0.328098,32.809820,8.962900,淘汰,100000,100.000000
10,10,Erin Andrews,0.322424,32.242357,8.999933,淘汰,100000,100.000000
11,1,Jennifer Grey,0.112891,11.289067,8.000000,存活,14526,14.526000
11,1,Kyle Massey,0.108302,10.830190,7.666667,存活,14526,14.526000
11,1,Brandy,0.107026,10.702590,7.666667,存活,14526,14.526000
11,1,Kurt Warner,0.088585,8.858518,6.333333,存活,14526,14.526000
11,1,Audrina Patridge,0.086854,8.685411,6.333333,存活,14526,14.526000
11,1,Florence Henderson,0.085635,8.563468,6.000000,存活,14526,14.526000
11,1,Bristol Palin,0.082553,8.255346,6.000000,存活,14526,14.526000
11,1,The Situation,0.082432,8.243183,5.000000,存活,14526,14.526000
11,1,Margaret Cho,0.082393,8.239266,5.000000,存活,14526,14.526000
11,1,Rick Fox,0.081892,8.189212,7.333333,存活,14526,14.526000
11,1,Michael Bolton,0.075538,7.553809,5.333333,存活,14526,14.526000
11,1,David Hasselhoff,0.005899,0.589941,5.000000,淘汰,14526,14.526000
11,2,Jennifer Grey,0.116850,11.685043,8.000000,存活,28835,28.835000
11,2,Audrina Patridge,0.107955,10.795513,7.666667,存活,28835,28.835000
11,2,Kyle Massey,0.107323,10.732348,7.333333,存活,28835,28.835000
11,2,Bristol Palin,0.102934,10.293442,7.333333,存活,28835,28.835000
11,2,Brandy,0.101252,10.125184,7.000000,存活,28835,28.835000
11,2,Kurt Warner,0.100890,10.089039,7.000000,存活,28835,28.835000
11,2,Florence Henderson,0.092771,9.277131,6.333333,存活,28835,28.835000
11,2,Margaret Cho,0.084993,8.499255,6.000000,存活,28835,28.835000
11,2,The Situation,0.084629,8.462922,6.000000,存活,28835,28.835000
11,2,Rick Fox,0.080559,8.055862,7.000000,存活,28835,28.835000
11,2,Michael Bolton,0.019843,1.984260,4.000000,淘汰,28835,28.835000
11,3,Audrina Patridge,0.124051,12.405055,8.666667,存活,30786,30.786000
11,3,Jennifer Grey,0.118666,11.866563,8.000000,存活,30786,30.786000
11,3,Brandy,0.118419,11.841884,8.000000,存活,30786,30.786000
11,3,Kyle Massey,0.114482,11.448163,7.666667,存活,30786,30.786000
11,3,Kurt Warner,0.112837,11.283691,7.666667,存活,30786,30.786000
11,3,Florence Henderson,0.099992,9.999184,6.666667,存活,30786,30.786000
11,3,The Situation,0.095844,9.584367,6.666667,存活,30786,30.786000
11,3,Rick Fox,0.094039,9.403861,8.000000,存活,30786,30.786000
11,3,Bristol Palin,0.091230,9.123008,6.333333,存活,30786,30.786000
11,3,Margaret Cho,0.030442,3.044223,6.000000,淘汰,30786,30.786000
11,4,Jennifer Grey,0.168331,16.833122,9.333333,存活,33255,33.255000
11,4,Brandy,0.143546,14.354650,8.000000,存活,33255,33.255000
11,4,Audrina Patridge,0.133985,13.398467,7.666667,存活,33255,33.255000
11,4,Kyle Massey,0.121885,12.188476,6.666667,存活,33255,33.255000
11,4,Florence Henderson,0.107036,10.703636,5.833333,存活,33255,33.255000
11,4,Kurt Warner,0.101741,10.174137,5.666667,存活,33255,33.255000
11,4,Bristol Palin,0.094946,9.494580,5.333333,存活,33255,33.255000
11,4,Rick Fox,0.093971,9.397052,6.500000,存活,33255,33.255000
11,4,The Situation,0.034559,3.455880,4.666667,淘汰,33255,33.255000
11,5,Brandy,0.159795,15.979481,9.000000,存活,12920,12.920000
11,5,Kyle Massey,0.157237,15.723703,6.666667,存活,12920,12.920000
11,5,Jennifer Grey,0.150609,15.060924,8.333333,存活,12920,12.920000
11,5,Kurt Warner,0.142037,14.203724,8.000000,存活,12920,12.920000
11,5,Bristol Palin,0.136122,13.612229,6.000000,存活,12920,12.920000
11,5,Audrina Patridge,0.135346,13.534555,7.666667,存活,12920,12.920000
11,5,Rick Fox,0.115532,11.553223,8.000000,存活,12920,12.920000
11,5,Florence Henderson,0.003322,0.332161,7.000000,淘汰,12920,12.920000
11,6,Kyle Massey,0.189356,18.935588,9.999967,存活,6528,6.528000
11,6,Jennifer Grey,0.183123,18.312270,9.666667,存活,6528,6.528000
11,6,Brandy,0.171219,17.121915,11.999967,存活,6528,6.528000
11,6,Bristol Palin,0.169939,16.993915,9.333267,存活,6528,6.528000
11,6,Rick Fox,0.148522,14.852176,10.000000,存活,6528,6.528000
11,6,Kurt Warner,0.136150,13.615019,7.333300,存活,6528,6.528000
11,6,Audrina Patridge,0.001691,0.169118,10.666600,淘汰,6528,6.528000
11,7,Kyle Massey,0.188969,18.896904,8.375000,存活,38370,38.370000
11,7,Jennifer Grey,0.185083,18.508257,9.125000,存活,38370,38.370000
11,7,Brandy,0.183831,18.383116,9.125000,存活,38370,38.370000
11,7,Bristol Palin,0.176473,17.647334,8.125000,存活,38370,38.370000
11,7,Kurt Warner,0.174078,17.407804,8.750000,存活,38370,38.370000
11,7,Rick Fox,0.091566,9.156585,8.625000,淘汰,38370,38.370000
11,8,Bristol Palin,0.254501,25.450060,7.833333,存活,18284,18.284000
11,8,Jennifer Grey,0.241825,24.182504,9.500000,存活,18284,18.284000
11,8,Brandy,0.239655,23.965542,9.500000,存活,18284,18.284000
11,8,Kyle Massey,0.238546,23.854555,9.333333,存活,18284,18.284000
11,8,Kurt Warner,0.025473,2.547338,8.000000,淘汰,18284,18.284000
11,9,Bristol Palin,0.377856,37.785612,8.833333,存活,16016,16.016000
11,9,Jennifer Grey,0.313839,31.383855,10.000000,存活,16016,16.016000
11,9,Kyle Massey,0.303252,30.325169,9.666667,存活,16016,16.016000
11,9,Brandy,0.005054,0.505364,9.500000,淘汰,16016,16.016000
11,10,Jennifer Grey,0.358478,35.847782,10.000000,淘汰,100000,100.000000
11,10,Kyle Massey,0.334094,33.409446,9.111067,淘汰,100000,100.000000
11,10,Bristol Palin,0.307428,30.742771,8.555533,淘汰,100000,100.000000
12,1,Ralph Macchio,0.121105,12.110485,8.000000,存活,100000,100.000000
12,1,Kirstie Alley,0.116154,11.615436,7.666667,存活,100000,100.000000
12,1,Chelsea Kane,0.106724,10.672424,7.000000,存活,100000,100.000000
12,1,Romeo,0.096262,9.626247,6.333333,存活,100000,100.000000
12,1,Chris Jericho,0.095300,9.530010,6.333333,存活,100000,100.000000
12,1,Kendra Wilkinson,0.088891,8.889115,6.000000,存活,100000,100.000000
12,1,Sugar Ray Leonard,0.085706,8.570596,5.666667,存活,100000,100.000000
12,1,Hines Ward,0.084188,8.418810,7.000000,存活,100000,100.000000
12,1,Petra Nemcova,0.071851,7.185142,6.000000,存活,100000,100.000000
12,1,Wendy Williams,0.069514,6.951437,4.666667,存活,100000,100.000000
12,1,Mike Catherwood,0.064303,6.430298,4.333333,存活,100000,100.000000
12,2,Romeo,0.118306,11.830610,7.666667,存活,17455,17.455000
12,2,Chris Jericho,0.117147,11.714689,7.666667,存活,17455,17.455000
12,2,Ralph Macchio,0.109716,10.971641,7.000000,存活,17455,17.455000
12,2,Kirstie Alley,0.104563,10.456251,6.666667,存活,17455,17.455000
12,2,Kendra Wilkinson,0.096055,9.605478,6.333333,存活,17455,17.455000
12,2,Chelsea Kane,0.095333,9.533289,6.000000,存活,17455,17.455000
12,2,Hines Ward,0.094267,9.426739,7.666667,存活,17455,17.455000
12,2,Wendy Williams,0.093979,9.397912,5.666667,存活,17455,17.455000
12,2,Sugar Ray Leonard,0.092391,9.239129,5.666667,存活,17455,17.455000
12,2,Petra Nemcova,0.074373,7.437337,6.000000,存活,17455,17.455000
12,2,Mike Catherwood,0.003869,0.386924,5.666667,淘汰,17455,17.455000
12,3,Chelsea Kane,0.119992,11.999169,7.666667,存活,30828,30.828000
12,3,Kendra Wilkinson,0.114806,11.480585,7.666667,存活,30828,30.828000
12,3,Ralph Macchio,0.110060,11.006050,7.000000,存活,30828,30.828000
12,3,Kirstie Alley,0.109244,10.924439,7.000000,存活,30828,30.828000
12,3,Chris Jericho,0.107744,10.774352,7.000000,存活,30828,30.828000
12,3,Romeo,0.103896,10.389574,6.666667,存活,30828,30.828000
12,3,Hines Ward,0.102642,10.264230,8.333333,存活,30828,30.828000
12,3,Sugar Ray Leonard,0.102445,10.244502,6.666667,存活,30828,30.828000
12,3,Petra Nemcova,0.101586,10.158590,8.333333,存活,30828,30.828000
12,3,Wendy Williams,0.027585,2.758509,5.000000,淘汰,30828,30.828000
12,4,Chelsea Kane,0.145776,14.577644,8.666667,存活,15886,15.886000
12,4,Ralph Macchio,0.139132,13.913237,8.333333,存活,15886,15.886000
12,4,Romeo,0.126643,12.664307,7.666667,存活,15886,15.886000
12,4,Chris Jericho,0.125430,12.543003,7.666667,存活,15886,15.886000
12,4,Kendra Wilkinson,0.125274,12.527425,6.000000,存活,15886,15.886000
12,4,Kirstie Alley,0.123142,12.314233,7.333333,存活,15886,15.886000
12,4,Hines Ward,0.110715,11.071458,8.333333,存活,15886,15.886000
12,4,Petra Nemcova,0.100886,10.088639,7.666667,存活,15886,15.886000
12,4,Sugar Ray Leonard,0.003001,0.300053,7.000000,淘汰,15886,15.886000
12,5,Chelsea Kane,0.150441,15.044073,8.666667,存活,36586,36.586000
12,5,Romeo,0.148726,14.872613,8.666667,存活,36586,36.586000
12,5,Chris Jericho,0.147224,14.722445,8.666667,存活,36586,36.586000
12,5,Kirstie Alley,0.134076,13.407576,7.666667,存活,36586,36.586000
12,5,Ralph Macchio,0.128262,12.826181,7.333333,存活,36586,36.586000
12,5,Kendra Wilkinson,0.123748,12.374836,7.333333,存活,36586,36.586000
12,5,Hines Ward,0.123331,12.333112,9.000000,存活,36586,36.586000
12,5,Petra Nemcova,0.044192,4.419163,7.333333,淘汰,36586,36.586000
12,6,Chelsea Kane,0.173065,17.306488,9.333333,存活,40831,40.831000
12,6,Romeo,0.171134,17.113439,9.333333,存活,40831,40.831000
12,6,Kirstie Alley,0.160349,16.034870,8.666667,存活,40831,40.831000
12,6,Kendra Wilkinson,0.148848,14.884830,8.333333,存活,40831,40.831000
12,6,Ralph Macchio,0.148800,14.879977,8.000000,存活,40831,40.831000
12,6,Hines Ward,0.131974,13.197377,9.000000,存活,40831,40.831000
12,6,Chris Jericho,0.065830,6.583020,7.333333,淘汰,40831,40.831000
12,7,Kirstie Alley,0.219214,21.921445,7.500000,存活,16180,16.180000
12,7,Romeo,0.217209,21.720921,7.500000,存活,16180,16.180000
12,7,Ralph Macchio,0.190156,19.015615,8.250000,存活,16180,16.180000
12,7,Chelsea Kane,0.185159,18.515879,8.000000,存活,16180,16.180000
12,7,Hines Ward,0.153064,15.306417,8.250000,存活,16180,16.180000
12,7,Kendra Wilkinson,0.035197,3.519723,7.625000,淘汰,16180,16.180000
12,8,Ralph Macchio,0.292027,29.202729,7.666667,存活,16008,16.008000
12,8,Chelsea Kane,0.255951,25.595133,9.166667,存活,16008,16.008000
12,8,Kirstie Alley,0.246560,24.656017,8.833333,存活,16008,16.008000
12,8,Hines Ward,0.201159,20.115861,9.000000,存活,16008,16.008000
12,8,Romeo,0.004303,0.430259,8.666667,淘汰,16008,16.008000
12,9,Chelsea Kane,0.351666,35.166611,12.166667,存活,61063,61.063000
12,9,Kirstie Alley,0.266611,26.661140,9.000000,存活,61063,61.063000
12,9,Hines Ward,0.234797,23.479724,10.000000,存活,61063,61.063000
12,9,Ralph Macchio,0.146925,14.692524,8.000000,淘汰,61063,61.063000
12,10,Chelsea Kane,0.360253,36.025324,9.888867,淘汰,100000,100.000000
12,10,Kirstie Alley,0.343738,34.373788,9.333300,淘汰,100000,100.000000
12,10,Hines Ward,0.296009,29.600888,9.888867,淘汰,100000,100.000000
13,1,J.R. Martinez,0.110579,11.057944,7.333333,存活,20476,20.476000
13,1,Chynna Phillips,0.109769,10.976940,7.333333,存活,20476,20.476000
13,1,Hope Solo,0.103924,10.392352,7.000000,存活,20476,20.476000
13,1,Ricki Lake,0.100627,10.062671,6.666667,存活,20476,20.476000
13,1,Kristin Cavallari,0.092811,9.281149,6.333333,存活,20476,20.476000
13,1,David Arquette,0.091131,9.113142,6.000000,存活,20476,20.476000
13,1,Chaz Bono,0.083250,8.324994,5.666667,存活,20476,20.476000
13,1,Carson Kressley,0.083027,8.302733,5.666667,存活,20476,20.476000
13,1,Rob Kardashian,0.079138,7.913769,5.333333,存活,20476,20.476000
13,1,Nancy Grace,0.078467,7.846666,5.333333,存活,20476,20.476000
13,1,Elisabetta Canalis,0.061740,6.174014,5.000000,存活,20476,20.476000
13,1,Metta World Peace (Ron),0.005536,0.553627,4.666667,淘汰,20476,20.476000
13,2,Hope Solo,0.109376,10.937597,6.333333,存活,8256,8.256000
13,2,Ricki Lake,0.105977,10.597676,7.666667,存活,8256,8.256000
13,2,David Arquette,0.105707,10.570674,6.000000,存活,8256,8.256000
13,2,Carson Kressley,0.101637,10.163731,6.000000,存活,8256,8.256000
13,2,J.R. Martinez,0.100481,10.048103,7.333333,存活,8256,8.256000
13,2,Kristin Cavallari,0.097867,9.786726,7.333333,存活,8256,8.256000
13,2,Chaz Bono,0.096048,9.604801,5.666667,存活,8256,8.256000
13,2,Chynna Phillips,0.095530,9.552956,7.000000,存活,8256,8.256000
13,2,Rob Kardashian,0.092812,9.281205,7.000000,存活,8256,8.256000
13,2,Nancy Grace,0.092581,9.258097,7.000000,存活,8256,8.256000
13,2,Elisabetta Canalis,0.001984,0.198435,7.000000,淘汰,8256,8.256000
13,3,Carson Kressley,0.122228,12.222766,7.666667,存活,8392,8.392000
13,3,Ricki Lake,0.116311,11.631115,9.000000,存活,8392,8.392000
13,3,J.R. Martinez,0.112515,11.251493,8.666667,存活,8392,8.392000
13,3,Nancy Grace,0.111627,11.162715,7.000000,存活,8392,8.392000
13,3,Chynna Phillips,0.111173,11.117339,8.666667,存活,8392,8.392000
13,3,Rob Kardashian,0.110859,11.085918,8.000000,存活,8392,8.392000
13,3,Hope Solo,0.109352,10.935202,8.000000,存活,8392,8.392000
13,3,David Arquette,0.108252,10.825221,8.000000,存活,8392,8.392000
13,3,Chaz Bono,0.095723,9.572279,6.000000,存活,8392,8.392000
13,3,Kristin Cavallari,0.001960,0.195953,8.000000,淘汰,8392,8.392000
13,4,Ricki Lake,0.145637,14.563651,9.666667,存活,11560,11.560000
13,4,J.R. Martinez,0.130219,13.021936,8.666667,存活,11560,11.560000
13,4,Carson Kressley,0.125253,12.525289,6.666667,存活,11560,11.560000
13,4,Nancy Grace,0.122555,12.255511,7.000000,存活,11560,11.560000
13,4,Chaz Bono,0.122132,12.213202,7.000000,存活,11560,11.560000
13,4,Hope Solo,0.118796,11.879596,8.000000,存活,11560,11.560000
13,4,David Arquette,0.116730,11.673020,7.666667,存活,11560,11.560000
13,4,Rob Kardashian,0.115962,11.596161,8.000000,存活,11560,11.560000
13,4,Chynna Phillips,0.002716,0.271635,7.000000,淘汰,11560,11.560000
13,5,J.R. Martinez,0.159639,15.963932,9.333333,存活,36717,36.717000
13,5,David Arquette,0.143482,14.348179,8.333333,存活,36717,36.717000
13,5,Rob Kardashian,0.138387,13.838674,8.333333,存活,36717,36.717000
13,5,Ricki Lake,0.137303,13.730343,8.000000,存活,36717,36.717000
13,5,Hope Solo,0.135412,13.541207,8.000000,存活,36717,36.717000
13,5,Nancy Grace,0.122175,12.217504,7.333333,存活,36717,36.717000
13,5,Chaz Bono,0.116221,11.622096,7.000000,存活,36717,36.717000
13,5,Carson Kressley,0.047381,4.738064,6.333333,淘汰,36717,36.717000
13,6,Ricki Lake,0.187324,18.732359,9.666667,存活,40866,40.866000
13,6,J.R. Martinez,0.187142,18.714247,9.666667,存活,40866,40.866000
13,6,Nancy Grace,0.150009,15.000871,8.000000,存活,40866,40.866000
13,6,David Arquette,0.149740,14.974036,7.666667,存活,40866,40.866000
13,6,Rob Kardashian,0.138178,13.817805,7.333333,存活,40866,40.866000
13,6,Hope Solo,0.128252,12.825190,6.666667,存活,40866,40.866000
13,6,Chaz Bono,0.059355,5.935492,6.333333,淘汰,40866,40.866000
13,7,Nancy Grace,0.220063,22.006284,7.333333,存活,16011,16.011000
13,7,Ricki Lake,0.204894,20.489415,8.833333,存活,16011,16.011000
13,7,Rob Kardashian,0.192284,19.228433,8.500000,存活,16011,16.011000
13,7,Hope Solo,0.192083,19.208258,8.333333,存活,16011,16.011000
13,7,J.R. Martinez,0.186743,18.674325,8.000000,存活,16011,16.011000
13,7,David Arquette,0.003933,0.393285,7.833333,淘汰,16011,16.011000
13,8,J.R. Martinez,0.252192,25.219185,10.000000,存活,52918,52.918000
13,8,Ricki Lake,0.219218,21.921835,8.666667,存活,52918,52.918000
13,8,Hope Solo,0.215644,21.564447,8.666667,存活,52918,52.918000
13,8,Rob Kardashian,0.207498,20.749807,8.500000,存活,52918,52.918000
13,8,Nancy Grace,0.105447,10.544725,7.333333,淘汰,52918,52.918000
13,9,Ricki Lake,0.308813,30.881334,11.166633,存活,60816,60.816000
13,9,Rob Kardashian,0.289562,28.956244,10.833267,存活,60816,60.816000
13,9,J.R. Martinez,0.261316,26.131567,9.333333,存活,60816,60.816000
13,9,Hope Solo,0.140309,14.030855,8.166600,淘汰,60816,60.816000
13,10,J.R. Martinez,0.336319,33.631910,9.388833,淘汰,100000,100.000000
13,10,Ricki Lake,0.335440,33.543953,9.333300,淘汰,100000,100.000000
13,10,Rob Kardashian,0.328241,32.824137,9.444400,淘汰,100000,100.000000
14,1,Jaleel White,0.101703,10.170269,8.666667,存活,100000,100.000000
14,1,Sherri Sheperd,0.090336,9.033559,7.666667,存活,100000,100.000000
14,1,Jack Wagner,0.090326,9.032618,7.666667,存活,100000,100.000000
14,1,Roshon Fegan,0.090320,9.032046,7.666667,存活,100000,100.000000
14,1,Gladys Knight,0.089586,8.958643,7.666667,存活,100000,100.000000
14,1,Donald Driver,0.081272,8.127192,7.000000,存活,100000,100.000000
14,1,Katherine Jenkins,0.081003,8.100259,8.666667,存活,100000,100.000000
14,1,Maria Menounos,0.079831,7.983112,7.000000,存活,100000,100.000000
14,1,Melissa Gilbert,0.079058,7.905806,6.666667,存活,100000,100.000000
14,1,Gavin DeGraw,0.078451,7.845065,6.666667,存活,100000,100.000000
14,1,William Levy,0.075798,7.579847,8.000000,存活,100000,100.000000
14,1,Martina Navratilova,0.062316,6.231583,6.666667,存活,100000,100.000000
14,2,Roshon Fegan,0.106001,10.600103,8.666667,存活,26828,26.828000
14,2,Maria Menounos,0.098286,9.828629,8.333333,存活,26828,26.828000
14,2,Donald Driver,0.096732,9.673150,8.000000,存活,26828,26.828000
14,2,Sherri Sheperd,0.094206,9.420573,7.666667,存活,26828,26.828000
14,2,Jaleel White,0.090595,9.059480,7.333333,存活,26828,26.828000
14,2,Jack Wagner,0.086455,8.645466,7.000000,存活,26828,26.828000
14,2,Gavin DeGraw,0.085968,8.596785,7.000000,存活,26828,26.828000
14,2,Katherine Jenkins,0.084749,8.474875,8.666667,存活,26828,26.828000
14,2,Melissa Gilbert,0.082645,8.264467,6.666667,存活,26828,26.828000
14,2,William Levy,0.081839,8.183891,8.333333,存活,26828,26.828000
14,2,Gladys Knight,0.077339,7.733937,6.333333,存活,26828,26.828000
14,2,Martina Navratilova,0.015186,1.518643,5.666667,淘汰,26828,26.828000
14,3,Gladys Knight,0.104290,10.428997,8.000000,存活,14125,14.125000
14,3,Gavin DeGraw,0.103991,10.399073,8.000000,存活,14125,14.125000
14,3,Sherri Sheperd,0.103099,10.309882,8.000000,存活,14125,14.125000
14,3,Melissa Gilbert,0.102873,10.287309,8.000000,存活,14125,14.125000
14,3,Maria Menounos,0.101468,10.146762,9.000000,存活,14125,14.125000
14,3,Donald Driver,0.099742,9.974172,8.666667,存活,14125,14.125000
14,3,Jaleel White,0.098871,9.887116,8.333333,存活,14125,14.125000
14,3,Roshon Fegan,0.097495,9.749454,8.333333,存活,14125,14.125000
14,3,Katherine Jenkins,0.090530,9.052953,9.666667,存活,14125,14.125000
14,3,William Levy,0.087800,8.780001,9.333333,存活,14125,14.125000
14,3,Jack Wagner,0.009843,0.984281,8.000000,淘汰,14125,14.125000
14,4,Donald Driver,0.127730,12.772979,9.000000,存活,15953,15.953000
14,4,Roshon Fegan,0.124736,12.473565,8.666667,存活,15953,15.953000
14,4,Gladys Knight,0.123011,12.301095,6.666667,存活,15953,15.953000
14,4,Maria Menounos,0.120089,12.008936,8.666667,存活,15953,15.953000
14,4,Gavin DeGraw,0.110480,11.047990,7.666667,存活,15953,15.953000
14,4,Melissa Gilbert,0.106283,10.628311,7.333333,存活,15953,15.953000
14,4,Jaleel White,0.106049,10.604856,7.333333,存活,15953,15.953000
14,4,Katherine Jenkins,0.092374,9.237418,8.000000,存活,15953,15.953000
14,4,William Levy,0.086625,8.662474,7.333333,存活,15953,15.953000
14,4,Sherri Sheperd,0.002624,0.262376,7.000000,淘汰,15953,15.953000
14,5,Donald Driver,0.132941,13.294112,9.000000,存活,33320,33.320000
14,5,Roshon Fegan,0.130398,13.039840,8.666667,存活,33320,33.320000
14,5,Maria Menounos,0.130120,13.012035,9.000000,存活,33320,33.320000
14,5,Jaleel White,0.120781,12.078115,8.000000,存活,33320,33.320000
14,5,William Levy,0.116282,11.628224,9.666667,存活,33320,33.320000
14,5,Katherine Jenkins,0.115959,11.595941,9.666667,存活,33320,33.320000
14,5,Gladys Knight,0.110117,11.011701,7.333333,存活,33320,33.320000
14,5,Melissa Gilbert,0.105614,10.561449,7.000000,存活,33320,33.320000
14,5,Gavin DeGraw,0.037786,3.778582,6.333333,淘汰,33320,33.320000
14,6,Jaleel White,0.161519,16.151942,12.333267,存活,36394,36.394000
14,6,Donald Driver,0.146345,14.634468,11.333300,存活,36394,36.394000
14,6,Katherine Jenkins,0.135992,13.599164,12.999967,存活,36394,36.394000
14,6,Melissa Gilbert,0.132204,13.220380,10.000000,存活,36394,36.394000
14,6,William Levy,0.127211,12.721143,12.000000,存活,36394,36.394000
14,6,Maria Menounos,0.126881,12.688086,9.999967,存活,36394,36.394000
14,6,Roshon Fegan,0.123421,12.342073,9.333267,存活,36394,36.394000
14,6,Gladys Knight,0.046427,4.642744,8.000000,淘汰,36394,36.394000
14,7,Melissa Gilbert,0.201128,20.112850,7.833333,存活,16138,16.138000
14,7,Maria Menounos,0.178442,17.844235,9.500000,存活,16138,16.138000
14,7,Donald Driver,0.168950,16.894962,8.833333,存活,16138,16.138000
14,7,Roshon Fegan,0.168664,16.866410,8.666667,存活,16138,16.138000
14,7,Katherine Jenkins,0.141135,14.113475,9.000000,存活,16138,16.138000
14,7,William Levy,0.138695,13.869518,8.833333,存活,16138,16.138000
14,7,Jaleel White,0.002986,0.298551,8.500000,淘汰,16138,16.138000
14,8,Donald Driver,0.216145,21.614474,9.166667,存活,28950,28.950000
14,8,Maria Menounos,0.206244,20.624377,8.833333,存活,28950,28.950000
14,8,Katherine Jenkins,0.177542,17.754193,9.166667,存活,28950,28.950000
14,8,William Levy,0.173427,17.342730,9.500000,存活,28950,28.950000
14,8,Roshon Fegan,0.160311,16.031144,9.333333,淘汰,28950,28.950000
14,8,Melissa Gilbert,0.066331,6.633081,8.500000,淘汰,28950,28.950000
14,9,Donald Driver,0.379540,37.953967,9.500000,存活,10359,10.359000
14,9,William Levy,0.315208,31.520773,9.666667,存活,10359,10.359000
14,9,Katherine Jenkins,0.301307,30.130710,9.333333,存活,10359,10.359000
14,9,Maria Menounos,0.003946,0.394550,9.833333,淘汰,10359,10.359000
14,10,Donald Driver,0.370768,37.076768,9.888867,淘汰,100000,100.000000
14,10,Katherine Jenkins,0.314840,31.483951,10.000000,淘汰,100000,100.000000
14,10,William Levy,0.314393,31.439281,9.888867,淘汰,100000,100.000000
15,1,Emmitt Smith,0.095704,9.570378,8.166667,存活,25480,25.480000
15,1,Sabrina Bryan,0.090400,9.040029,7.500000,存活,25480,25.480000
15,1,Shawn Johnson,0.086191,8.619058,7.333333,存活,25480,25.480000
15,1,Apolo Anton Ohno,0.086126,8.612623,7.333333,存活,25480,25.480000
15,1,Drew Lachey,0.085725,8.572543,7.166667,存活,25480,25.480000
15,1,Kelly Monaco,0.085610,8.561019,7.166667,存活,25480,25.480000
15,1,Joey Fatone,0.081116,8.111580,6.833333,存活,25480,25.480000
15,1,Melissa Rycroft,0.081013,8.101337,7.000000,存活,25480,25.480000
15,1,Gilles Marini,0.077154,7.715384,8.000000,存活,25480,25.480000
15,1,Kirstie Alley,0.076277,7.627667,6.333333,存活,25480,25.480000
15,1,Bristol Palin,0.075499,7.549939,6.500000,存活,25480,25.480000
15,1,Helio Castroneves,0.066513,6.651336,7.166667,存活,25480,25.480000
15,1,Pamela Anderson,0.012671,1.267106,5.666667,淘汰,25480,25.480000
15,2,Kelly Monaco,0.106483,10.648325,7.333333,存活,8316,8.316000
15,2,Kirstie Alley,0.101658,10.165824,7.000000,存活,8316,8.316000
15,2,Sabrina Bryan,0.099859,9.985886,8.666667,存活,8316,8.316000
15,2,Emmitt Smith,0.095661,9.566148,7.500000,存活,8316,8.316000
15,2,Drew Lachey,0.094992,9.499184,7.500000,存活,8316,8.316000
15,2,Shawn Johnson,0.093247,9.324702,8.333333,存活,8316,8.316000
15,2,Apolo Anton Ohno,0.090441,9.044102,8.166667,存活,8316,8.316000
15,2,Melissa Rycroft,0.086278,8.627767,7.833333,存活,8316,8.316000
15,2,Bristol Palin,0.083789,8.378911,6.000000,存活,8316,8.316000
15,2,Gilles Marini,0.078219,7.821924,8.500000,存活,8316,8.316000
15,2,Helio Castroneves,0.067487,6.748705,7.666667,存活,8316,8.316000
15,2,Joey Fatone,0.001885,0.188522,7.500000,淘汰,8316,8.316000
15,3,Kirstie Alley,0.107381,10.738107,8.000000,存活,24066,24.066000
15,3,Bristol Palin,0.106783,10.678314,7.500000,存活,24066,24.066000
15,3,Kelly Monaco,0.104611,10.461082,9.000000,存活,24066,24.066000
15,3,Emmitt Smith,0.104065,10.406544,8.333333,存活,24066,24.066000
15,3,Shawn Johnson,0.101005,10.100531,8.833333,存活,24066,24.066000
15,3,Melissa Rycroft,0.100883,10.088256,9.000000,存活,24066,24.066000
15,3,Sabrina Bryan,0.099309,9.930884,8.500000,存活,24066,24.066000
15,3,Apolo Anton Ohno,0.097808,9.780797,8.500000,存活,24066,24.066000
15,3,Gilles Marini,0.081158,8.115822,8.500000,存活,24066,24.066000
15,3,Helio Castroneves,0.053616,5.361557,8.500000,淘汰,24066,24.066000
15,3,Drew Lachey,0.043381,4.338106,8.000000,淘汰,24066,24.066000
15,4,Kirstie Alley,0.134553,13.455335,7.500000,存活,15959,15.959000
15,4,Shawn Johnson,0.133809,13.380914,9.875000,存活,15959,15.959000
15,4,Kelly Monaco,0.130849,13.084888,9.375000,存活,15959,15.959000
15,4,Sabrina Bryan,0.123527,12.352661,8.875000,存活,15959,15.959000
15,4,Emmitt Smith,0.123282,12.328217,9.000000,存活,15959,15.959000
15,4,Melissa Rycroft,0.123102,12.310174,9.250000,存活,15959,15.959000
15,4,Apolo Anton Ohno,0.118500,11.850012,8.625000,存活,15959,15.959000
15,4,Gilles Marini,0.109714,10.971400,9.875000,存活,15959,15.959000
15,4,Bristol Palin,0.002664,0.266398,8.000000,淘汰,15959,15.959000
15,5,Sabrina Bryan,0.136110,13.611024,9.750000,存活,100000,100.000000
15,5,Shawn Johnson,0.129574,12.957367,9.416667,存活,100000,100.000000
15,5,Apolo Anton Ohno,0.129290,12.929038,9.416667,存活,100000,100.000000
15,5,Emmitt Smith,0.128141,12.814149,9.333333,存活,100000,100.000000
15,5,Melissa Rycroft,0.127116,12.711569,9.416667,存活,100000,100.000000
15,5,Kirstie Alley,0.122868,12.286799,8.750000,存活,100000,100.000000
15,5,Kelly Monaco,0.120618,12.061829,8.583333,存活,100000,100.000000
15,5,Gilles Marini,0.106282,10.628225,9.416667,存活,100000,100.000000
15,6,Melissa Rycroft,0.152934,15.293437,9.833333,存活,4507,4.507000
15,6,Shawn Johnson,0.148187,14.818724,9.333333,存活,4507,4.507000
15,6,Kirstie Alley,0.148183,14.818263,9.166667,存活,4507,4.507000
15,6,Kelly Monaco,0.145576,14.557607,9.000000,存活,4507,4.507000
15,6,Apolo Anton Ohno,0.144571,14.457061,10.000000,存活,4507,4.507000
15,6,Emmitt Smith,0.140228,14.022834,8.833333,存活,4507,4.507000
15,6,Gilles Marini,0.118724,11.872360,9.166667,存活,4507,4.507000
15,6,Sabrina Bryan,0.001597,0.159714,10.000000,淘汰,4507,4.507000
15,7,Melissa Rycroft,0.160826,16.082588,12.999967,存活,100000,100.000000
15,7,Shawn Johnson,0.159525,15.952513,12.666600,存活,100000,100.000000
15,7,Kelly Monaco,0.154713,15.471310,12.000000,存活,100000,100.000000
15,7,Emmitt Smith,0.145842,14.584174,11.499967,存活,100000,100.000000
15,7,Apolo Anton Ohno,0.140075,14.007497,11.000000,存活,100000,100.000000
15,7,Kirstie Alley,0.122000,12.200002,9.333300,存活,100000,100.000000
15,7,Gilles Marini,0.117019,11.701917,11.166600,存活,100000,100.000000
15,8,Emmitt Smith,0.164444,16.444437,9.685133,存活,49249,49.249000
15,8,Kelly Monaco,0.163039,16.303914,9.444433,存活,49249,49.249000
15,8,Apolo Anton Ohno,0.158934,15.893432,9.759233,存活,49249,49.249000
15,8,Melissa Rycroft,0.158768,15.876836,10.000000,存活,49249,49.249000
15,8,Shawn Johnson,0.158029,15.802901,9.277767,存活,49249,49.249000
15,8,Gilles Marini,0.111026,11.102564,9.759233,淘汰,49249,49.249000
15,8,Kirstie Alley,0.085759,8.575916,8.500000,淘汰,49249,49.249000
15,9,Kelly Monaco,0.232497,23.249672,9.037000,存活,56993,56.993000
15,9,Shawn Johnson,0.228943,22.894298,9.833333,存活,56993,56.993000
15,9,Melissa Rycroft,0.220591,22.059102,9.592567,存活,56993,56.993000
15,9,Apolo Anton Ohno,0.174224,17.422419,9.537000,淘汰,56993,56.993000
15,9,Emmitt Smith,0.143745,14.374508,9.000000,淘汰,56993,56.993000
15,10,Kelly Monaco,0.338222,33.822158,9.703633,淘汰,100000,100.000000
15,10,Shawn Johnson,0.331585,33.158460,9.648100,淘汰,100000,100.000000
15,10,Melissa Rycroft,0.330194,33.019382,9.777700,淘汰,100000,100.000000
16,1,Zendaya,0.109657,10.965687,8.000000,存活,100000,100.000000
16,1,Kellie Pickler,0.095232,9.523165,7.000000,存活,100000,100.000000
16,1,Dorothy Hamill,0.094527,9.452656,7.000000,存活,100000,100.000000
16,1,Alexandra Raisman,0.094342,9.434235,7.000000,存活,100000,100.000000
16,1,Jacoby Jones,0.090106,9.010605,6.666667,存活,100000,100.000000
16,1,Sean Lowe,0.084234,8.423358,6.333333,存活,100000,100.000000
16,1,Wynonna Judd,0.082256,8.225645,6.000000,存活,100000,100.000000
16,1,Victor Ortiz,0.081591,8.159092,6.000000,存活,100000,100.000000
16,1,Andy Dick,0.075582,7.558157,5.666667,存活,100000,100.000000
16,1,Ingo Rademacher,0.073983,7.398294,6.666667,存活,100000,100.000000
16,1,Lisa Vanderpump,0.064206,6.420552,6.000000,存活,100000,100.000000
16,1,D. L. Hughley,0.054286,5.428553,4.000000,存活,100000,100.000000
16,2,Zendaya,0.116613,11.661254,8.666667,存活,26739,26.739000
16,2,Kellie Pickler,0.114801,11.480078,8.666667,存活,26739,26.739000
16,2,Alexandra Raisman,0.105903,10.590307,8.000000,存活,26739,26.739000
16,2,Jacoby Jones,0.102030,10.202990,7.666667,存活,26739,26.739000
16,2,Andy Dick,0.087157,8.715688,6.666667,存活,26739,26.739000
16,2,Sean Lowe,0.086811,8.681075,6.666667,存活,26739,26.739000
16,2,Wynonna Judd,0.081346,8.134640,6.000000,存活,26739,26.739000
16,2,Victor Ortiz,0.080135,8.013522,6.000000,存活,26739,26.739000
16,2,Ingo Rademacher,0.072830,7.283009,6.666667,存活,26739,26.739000
16,2,D. L. Hughley,0.070512,7.051244,5.333333,存活,26739,26.739000
16,2,Lisa Vanderpump,0.063184,6.318387,6.000000,存活,26739,26.739000
16,2,Dorothy Hamill,0.018678,1.867805,5.000000,淘汰,26739,26.739000
16,3,Zendaya,0.121863,12.186321,8.666600,存活,28690,28.690000
16,3,Jacoby Jones,0.118915,11.891521,8.666600,存活,28690,28.690000
16,3,Kellie Pickler,0.116172,11.617219,8.333333,存活,28690,28.690000
16,3,Victor Ortiz,0.106519,10.651907,7.666667,存活,28690,28.690000
16,3,Alexandra Raisman,0.106492,10.649242,7.666667,存活,28690,28.690000
16,3,Sean Lowe,0.095453,9.545251,7.000000,存活,28690,28.690000
16,3,Andy Dick,0.082077,8.207705,6.000000,存活,28690,28.690000
16,3,Ingo Rademacher,0.080075,8.007539,7.000000,存活,28690,28.690000
16,3,Lisa Vanderpump,0.076659,7.665877,7.000000,存活,28690,28.690000
16,3,D. L. Hughley,0.073381,7.338092,5.333333,存活,28690,28.690000
16,3,Wynonna Judd,0.022393,2.239325,5.000000,淘汰,28690,28.690000
16,4,Alexandra Raisman,0.130331,13.033058,9.000000,存活,30754,30.754000
16,4,Zendaya,0.128340,12.834007,8.666667,存活,30754,30.754000
16,4,Kellie Pickler,0.126566,12.656643,8.666667,存活,30754,30.754000
16,4,Jacoby Jones,0.115932,11.593173,8.000000,存活,30754,30.754000
16,4,D. L. Hughley,0.100111,10.011106,7.000000,存活,30754,30.754000
16,4,Andy Dick,0.099660,9.965993,7.000000,存活,30754,30.754000
16,4,Sean Lowe,0.095479,9.547870,6.666667,存活,30754,30.754000
16,4,Ingo Rademacher,0.091213,9.121254,7.666667,存活,30754,30.754000
16,4,Victor Ortiz,0.088049,8.804929,6.000000,存活,30754,30.754000
16,4,Lisa Vanderpump,0.024320,2.431968,6.000000,淘汰,30754,30.754000
16,5,Zendaya,0.150783,15.078340,9.666667,存活,25017,25.017000
16,5,Kellie Pickler,0.140712,14.071196,9.000000,存活,25017,25.017000
16,5,Jacoby Jones,0.134241,13.424103,8.666667,存活,25017,25.017000
16,5,Alexandra Raisman,0.128296,12.829588,8.333333,存活,25017,25.017000
16,5,Sean Lowe,0.120696,12.069581,8.000000,存活,25017,25.017000
16,5,Victor Ortiz,0.109348,10.934781,7.000000,存活,25017,25.017000
16,5,Andy Dick,0.100852,10.085156,6.000000,存活,25017,25.017000
16,5,Ingo Rademacher,0.089313,8.931276,7.000000,存活,25017,25.017000
16,5,D. L. Hughley,0.025760,2.575978,6.000000,淘汰,25017,25.017000
16,6,Kellie Pickler,0.156624,15.662435,9.000000,存活,36797,36.797000
16,6,Zendaya,0.150155,15.015451,8.500000,存活,36797,36.797000
16,6,Alexandra Raisman,0.149612,14.961244,8.666667,存活,36797,36.797000
16,6,Sean Lowe,0.130753,13.075301,7.666667,存活,36797,36.797000
16,6,Jacoby Jones,0.130133,13.013272,7.500000,存活,36797,36.797000
16,6,Andy Dick,0.122431,12.243090,7.166667,存活,36797,36.797000
16,6,Ingo Rademacher,0.108765,10.876550,7.666667,存活,36797,36.797000
16,6,Victor Ortiz,0.051527,5.152657,6.666667,淘汰,36797,36.797000
16,7,Alexandra Raisman,0.184921,18.492103,10.666667,存活,40828,40.828000
16,7,Zendaya,0.177956,17.795559,10.000000,存活,40828,40.828000
16,7,Kellie Pickler,0.170857,17.085661,9.666667,存活,40828,40.828000
16,7,Jacoby Jones,0.158609,15.860863,9.000000,存活,40828,40.828000
16,7,Sean Lowe,0.137633,13.763278,8.000000,存活,40828,40.828000
16,7,Ingo Rademacher,0.120375,12.037515,8.333333,存活,40828,40.828000
16,7,Andy Dick,0.049650,4.965020,5.666667,淘汰,40828,40.828000
16,8,Zendaya,0.206521,20.652128,9.666667,存活,46415,46.415000
16,8,Alexandra Raisman,0.196525,19.652457,9.333333,存活,46415,46.415000
16,8,Kellie Pickler,0.195284,19.528407,9.166667,存活,46415,46.415000
16,8,Jacoby Jones,0.183486,18.348590,8.666667,存活,46415,46.415000
16,8,Ingo Rademacher,0.139321,13.932064,8.000000,存活,46415,46.415000
16,8,Sean Lowe,0.078864,7.886352,7.000000,淘汰,46415,46.415000
16,9,Alexandra Raisman,0.230191,23.019106,9.833333,存活,52476,52.476000
16,9,Jacoby Jones,0.229368,22.936847,9.833333,存活,52476,52.476000
16,9,Kellie Pickler,0.227323,22.732343,9.666667,存活,52476,52.476000
16,9,Zendaya,0.217968,21.796779,9.166667,存活,52476,52.476000
16,9,Ingo Rademacher,0.095149,9.514925,8.500000,淘汰,52476,52.476000
16,10,Zendaya,0.258559,25.855944,10.000000,淘汰,100000,100.000000
16,10,Kellie Pickler,0.255462,25.546230,10.000000,淘汰,100000,100.000000
16,10,Alexandra Raisman,0.247432,24.743170,9.666667,淘汰,100000,100.000000
16,10,Jacoby Jones,0.238547,23.854656,9.333300,淘汰,100000,100.000000
17,1,Amber Riley,0.109538,10.953827,9.000000,存活,100000,100.000000
17,1,Corbin Bleu,0.098037,9.803694,8.000000,存活,100000,100.000000
17,1,Elizabeth Berkley Lauren,0.097998,9.799822,8.000000,存活,100000,100.000000
17,1,Brant Daugherty,0.090129,9.012911,7.333333,存活,100000,100.000000
17,1,Christina Milian,0.089465,8.946528,7.333333,存活,100000,100.000000
17,1,Valerie Harper,0.086076,8.607615,7.000000,存活,100000,100.000000
17,1,Leah Remini,0.085989,8.598923,7.000000,存活,100000,100.000000
17,1,"Nicole ""Snooki"" Polizzi",0.073189,7.318867,7.666667,存活,100000,100.000000
17,1,Jack Osbourne,0.072829,7.282855,7.666667,存活,100000,100.000000
17,1,Bill Engvall,0.071657,7.165697,6.000000,存活,100000,100.000000
17,1,Keyshawn Johnson,0.069026,6.902619,5.666667,存活,100000,100.000000
17,1,Bill Nye,0.056066,5.606641,4.666667,存活,100000,100.000000
17,2,Corbin Bleu,0.106992,10.699229,8.666667,存活,15817,15.817000
17,2,Elizabeth Berkley Lauren,0.102646,10.264563,8.333333,存活,15817,15.817000
17,2,Christina Milian,0.102526,10.252594,8.333333,存活,15817,15.817000
17,2,Leah Remini,0.100078,10.007767,8.000000,存活,15817,15.817000
17,2,Amber Riley,0.099112,9.911169,8.000000,存活,15817,15.817000
17,2,Brant Daugherty,0.094613,9.461260,7.666667,存活,15817,15.817000
17,2,Bill Nye,0.086477,8.647661,5.666667,存活,15817,15.817000
17,2,Bill Engvall,0.084229,8.422885,7.000000,存活,15817,15.817000
17,2,Valerie Harper,0.078927,7.892744,6.333333,存活,15817,15.817000
17,2,Jack Osbourne,0.076984,7.698361,8.000000,存活,15817,15.817000
17,2,"Nicole ""Snooki"" Polizzi",0.064865,6.486545,6.666667,存活,15817,15.817000
17,2,Keyshawn Johnson,0.002552,0.255223,6.000000,淘汰,15817,15.817000
17,3,Brant Daugherty,0.115057,11.505714,9.000000,存活,26353,26.353000
17,3,Corbin Bleu,0.111915,11.191500,8.666667,存活,26353,26.353000
17,3,Christina Milian,0.110542,11.054245,8.666667,存活,26353,26.353000
17,3,Elizabeth Berkley Lauren,0.107560,10.756026,8.333333,存活,26353,26.353000
17,3,Amber Riley,0.103588,10.358817,8.000000,存活,26353,26.353000
17,3,Leah Remini,0.103372,10.337193,8.000000,存活,26353,26.353000
17,3,Bill Engvall,0.100171,10.017100,8.000000,存活,26353,26.353000
17,3,"Nicole ""Snooki"" Polizzi",0.083090,8.308974,8.333333,存活,26353,26.353000
17,3,Jack Osbourne,0.073505,7.350520,7.333333,存活,26353,26.353000
17,3,Valerie Harper,0.072124,7.212369,5.333333,存活,26353,26.353000
17,3,Bill Nye,0.019075,1.907543,5.333333,淘汰,26353,26.353000
17,4,Elizabeth Berkley Lauren,0.126231,12.623053,9.000000,存活,30664,30.664000
17,4,Corbin Bleu,0.126010,12.600957,9.000000,存活,30664,30.664000
17,4,Amber Riley,0.125768,12.576764,9.000000,存活,30664,30.664000
17,4,Leah Remini,0.113024,11.302431,8.000000,存活,30664,30.664000
17,4,Christina Milian,0.111040,11.103974,8.000000,存活,30664,30.664000
17,4,Brant Daugherty,0.099015,9.901477,7.000000,存活,30664,30.664000
17,4,Bill Engvall,0.095244,9.524416,7.000000,存活,30664,30.664000
17,4,Jack Osbourne,0.086751,8.675054,8.000000,存活,30664,30.664000
17,4,"Nicole ""Snooki"" Polizzi",0.086694,8.669399,8.000000,存活,30664,30.664000
17,4,Valerie Harper,0.030225,3.022476,6.000000,淘汰,30664,30.664000
17,5,Brant Daugherty,0.142257,14.225707,9.000000,存活,3876,3.876000
17,5,Amber Riley,0.136905,13.690490,8.666667,存活,3876,3.876000
17,5,Elizabeth Berkley Lauren,0.136856,13.685643,8.666667,存活,3876,3.876000
17,5,Corbin Bleu,0.126388,12.638820,9.333333,存活,3876,3.876000
17,5,Bill Engvall,0.121465,12.146535,8.000000,存活,3876,3.876000
17,5,Leah Remini,0.115829,11.582909,7.333333,存活,3876,3.876000
17,5,"Nicole ""Snooki"" Polizzi",0.109392,10.939222,9.000000,存活,3876,3.876000
17,5,Jack Osbourne,0.109252,10.925212,9.000000,存活,3876,3.876000
17,5,Christina Milian,0.001655,0.165464,9.333333,淘汰,3876,3.876000
17,6,Amber Riley,0.146710,14.671012,10.666633,存活,100000,100.000000
17,6,Elizabeth Berkley Lauren,0.146295,14.629450,10.666600,存活,100000,100.000000
17,6,Brant Daugherty,0.142068,14.206814,10.333333,存活,100000,100.000000
17,6,Leah Remini,0.128718,12.871785,9.333300,存活,100000,100.000000
17,6,Corbin Bleu,0.124796,12.479569,8.999967,存活,100000,100.000000
17,6,Bill Engvall,0.107460,10.746012,7.999967,存活,100000,100.000000
17,6,"Nicole ""Snooki"" Polizzi",0.107063,10.706295,10.000000,存活,100000,100.000000
17,6,Jack Osbourne,0.096891,9.689062,8.999933,存活,100000,100.000000
17,7,Leah Remini,0.146318,14.631821,8.833333,存活,28451,28.451000
17,7,Amber Riley,0.143876,14.387619,9.833333,存活,28451,28.451000
17,7,Corbin Bleu,0.143482,14.348234,9.833333,存活,28451,28.451000
17,7,Brant Daugherty,0.138388,13.838848,9.500000,存活,28451,28.451000
17,7,Bill Engvall,0.132986,13.298639,8.333333,存活,28451,28.451000
17,7,Elizabeth Berkley Lauren,0.131835,13.183545,9.000000,存活,28451,28.451000
17,7,Jack Osbourne,0.107283,10.728299,9.500000,存活,28451,28.451000
17,7,"Nicole ""Snooki"" Polizzi",0.055830,5.582994,9.000000,淘汰,28451,28.451000
17,8,Elizabeth Berkley Lauren,0.189686,18.968561,8.333333,存活,12791,12.791000
17,8,Bill Engvall,0.175281,17.528057,8.000000,存活,12791,12.791000
17,8,Corbin Bleu,0.173852,17.385211,10.000000,存活,12791,12.791000
17,8,Amber Riley,0.161848,16.184788,9.333333,存活,12791,12.791000
17,8,Leah Remini,0.161511,16.151109,9.333333,存活,12791,12.791000
17,8,Jack Osbourne,0.135320,13.532042,10.000000,存活,12791,12.791000
17,8,Brant Daugherty,0.002502,0.250232,9.000000,淘汰,12791,12.791000
17,9,Leah Remini,0.233439,23.343912,9.000000,存活,8238,8.238000
17,9,Amber Riley,0.220647,22.064711,8.500000,存活,8238,8.238000
17,9,Corbin Bleu,0.188785,18.878539,9.666667,存活,8238,8.238000
17,9,Jack Osbourne,0.179635,17.963507,9.000000,存活,8238,8.238000
17,9,Bill Engvall,0.174742,17.474177,7.000000,存活,8238,8.238000
17,9,Elizabeth Berkley Lauren,0.002752,0.275156,9.333333,淘汰,8238,8.238000
17,10,Bill Engvall,0.273118,27.311796,7.500000,存活,15941,15.941000
17,10,Amber Riley,0.270975,27.097451,9.875000,存活,15941,15.941000
17,10,Corbin Bleu,0.258246,25.824640,9.375000,存活,15941,15.941000
17,10,Jack Osbourne,0.193057,19.305713,8.875000,存活,15941,15.941000
17,10,Leah Remini,0.004604,0.460400,8.125000,淘汰,15941,15.941000
17,11,Amber Riley,0.286934,28.693436,10.444400,淘汰,100000,100.000000
17,11,Corbin Bleu,0.273817,27.381692,9.888800,淘汰,100000,100.000000
17,11,Bill Engvall,0.232799,23.279921,8.499967,淘汰,100000,100.000000
17,11,Jack Osbourne,0.206450,20.644951,9.333300,淘汰,100000,100.000000
18,1,Charlie White,0.111178,11.117774,9.000000,存活,16183,16.183000
18,1,Candace Cameron Bure,0.104348,10.434760,8.333333,存活,16183,16.183000
18,1,Danica McKellar,0.100717,10.071673,8.000000,存活,16183,16.183000
18,1,Meryl Davis,0.099536,9.953624,8.000000,存活,16183,16.183000
18,1,Amy Purdy,0.099247,9.924692,8.000000,存活,16183,16.183000
18,1,James Maslow,0.088665,8.866523,7.000000,存活,16183,16.183000
18,1,NeNe Leakes,0.085668,8.566783,7.000000,存活,16183,16.183000
18,1,Drew Carey,0.085310,8.531014,7.000000,存活,16183,16.183000
18,1,Billy Dee Williams,0.080934,8.093433,5.000000,存活,16183,16.183000
18,1,Cody Simpson,0.074505,7.450516,7.333333,存活,16183,16.183000
18,1,Sean Avery,0.067288,6.728849,6.666667,存活,16183,16.183000
18,1,Diana Nyad,0.002604,0.260359,6.000000,淘汰,16183,16.183000
18,2,James Maslow,0.113125,11.312512,8.333333,存活,44574,44.574000
18,2,Meryl Davis,0.110607,11.060735,8.333333,存活,44574,44.574000
18,2,Charlie White,0.110149,11.014935,8.333333,存活,44574,44.574000
18,2,Danica McKellar,0.108252,10.825225,8.000000,存活,44574,44.574000
18,2,Amy Purdy,0.106302,10.630169,8.000000,存活,44574,44.574000
18,2,Candace Cameron Bure,0.094746,9.474608,7.000000,存活,44574,44.574000
18,2,NeNe Leakes,0.091700,9.170018,7.000000,存活,44574,44.574000
18,2,Drew Carey,0.091633,9.163313,7.000000,存活,44574,44.574000
18,2,Cody Simpson,0.079469,7.946901,7.333333,存活,44574,44.574000
18,2,Sean Avery,0.048732,4.873162,7.000000,淘汰,44574,44.574000
18,2,Billy Dee Williams,0.045284,4.528424,5.000000,淘汰,44574,44.574000
18,3,Meryl Davis,0.127037,12.703698,9.750000,存活,100000,100.000000
18,3,James Maslow,0.120301,12.030087,9.000000,存活,100000,100.000000
18,3,Danica McKellar,0.119976,11.997647,9.000000,存活,100000,100.000000
18,3,Amy Purdy,0.117968,11.796789,9.000000,存活,100000,100.000000
18,3,Charlie White,0.117474,11.747387,9.000000,存活,100000,100.000000
18,3,Candace Cameron Bure,0.106894,10.689354,8.000000,存活,100000,100.000000
18,3,NeNe Leakes,0.100154,10.015373,7.750000,存活,100000,100.000000
18,3,Drew Carey,0.097095,9.709459,7.500000,存活,100000,100.000000
18,3,Cody Simpson,0.093102,9.310206,8.750000,存活,100000,100.000000
18,4,Meryl Davis,0.132778,13.277794,9.750000,存活,100000,100.000000
18,4,James Maslow,0.121870,12.186992,8.750000,存活,100000,100.000000
18,4,Amy Purdy,0.116281,11.628117,8.500000,存活,100000,100.000000
18,4,Charlie White,0.113138,11.313848,8.250000,存活,100000,100.000000
18,4,Danica McKellar,0.111983,11.198307,8.000000,存活,100000,100.000000
18,4,Drew Carey,0.111274,11.127383,8.250000,存活,100000,100.000000
18,4,NeNe Leakes,0.107647,10.764663,8.000000,存活,100000,100.000000
18,4,Candace Cameron Bure,0.098320,9.831998,7.000000,存活,100000,100.000000
18,4,Cody Simpson,0.086709,8.670897,7.750000,存活,100000,100.000000
18,5,James Maslow,0.137102,13.710243,10.000000,存活,15951,15.951000
18,5,Danica McKellar,0.132836,13.283557,9.750000,存活,15951,15.951000
18,5,Amy Purdy,0.124416,12.441598,9.250000,存活,15951,15.951000
18,5,Charlie White,0.124258,12.425771,9.250000,存活,15951,15.951000
18,5,Meryl Davis,0.121390,12.139024,9.000000,存活,15951,15.951000
18,5,Candace Cameron Bure,0.119997,11.999718,8.750000,存活,15951,15.951000
18,5,Drew Carey,0.119575,11.957510,7.000000,存活,15951,15.951000
18,5,NeNe Leakes,0.118790,11.878954,9.000000,存活,15951,15.951000
18,5,Cody Simpson,0.001636,0.163626,8.500000,淘汰,15951,15.951000
18,6,Meryl Davis,0.150717,15.071746,10.000000,存活,32008,32.008000
18,6,Amy Purdy,0.142769,14.276902,9.500000,存活,32008,32.008000
18,6,Danica McKellar,0.138932,13.893249,9.000000,存活,32008,32.008000
18,6,Charlie White,0.136294,13.629387,9.000000,存活,32008,32.008000
18,6,James Maslow,0.135028,13.502766,8.750000,存活,32008,32.008000
18,6,Candace Cameron Bure,0.127002,12.700209,8.000000,存活,32008,32.008000
18,6,NeNe Leakes,0.123107,12.310666,8.250000,存活,32008,32.008000
18,6,Drew Carey,0.046151,4.615075,8.000000,淘汰,32008,32.008000
18,7,Meryl Davis,0.163631,16.363092,9.750000,存活,40702,40.702000
18,7,Candace Cameron Bure,0.158719,15.871914,9.250000,存活,40702,40.702000
18,7,Amy Purdy,0.157166,15.716579,9.375000,存活,40702,40.702000
18,7,Danica McKellar,0.153797,15.379672,9.000000,存活,40702,40.702000
18,7,James Maslow,0.150153,15.015288,8.750000,存活,40702,40.702000
18,7,Charlie White,0.149825,14.982536,8.875000,存活,40702,40.702000
18,7,NeNe Leakes,0.066709,6.670918,8.250000,淘汰,40702,40.702000
18,8,James Maslow,0.215617,21.561710,9.000000,存活,10253,10.253000
18,8,Candace Cameron Bure,0.215469,21.546923,9.000000,存活,10253,10.253000
18,8,Meryl Davis,0.211466,21.146593,9.000000,存活,10253,10.253000
18,8,Charlie White,0.178111,17.811100,10.000000,存活,10253,10.253000
18,8,Amy Purdy,0.176842,17.684184,10.000000,存活,10253,10.253000
18,8,Danica McKellar,0.002495,0.249491,9.500000,淘汰,10253,10.253000
18,9,Candace Cameron Bure,0.287564,28.756424,9.000000,存活,15045,15.045000
18,9,James Maslow,0.244838,24.483836,9.500000,存活,15045,15.045000
18,9,Meryl Davis,0.234473,23.447285,10.000000,存活,15045,15.045000
18,9,Amy Purdy,0.227337,22.733727,9.750000,存活,15045,15.045000
18,9,Charlie White,0.005787,0.578728,9.500000,淘汰,15045,15.045000
18,10,Meryl Davis,0.258769,25.876945,10.000000,淘汰,100000,100.000000
18,10,Amy Purdy,0.255054,25.505370,9.888867,淘汰,100000,100.000000
18,10,James Maslow,0.254439,25.443874,9.666667,淘汰,100000,100.000000
18,10,Candace Cameron Bure,0.231738,23.173812,8.666600,淘汰,100000,100.000000
19,1,Alfonso Ribeiro,0.105314,10.531437,9.000000,存活,16013,16.013000
19,1,Sadie Robertson,0.096262,9.626239,8.500000,存活,16013,16.013000
19,1,Bethany Mota,0.095020,9.502032,8.000000,存活,16013,16.013000
19,1,Lea Thompson,0.093061,9.306086,8.000000,存活,16013,16.013000
19,1,Randy Couture,0.090031,9.003125,7.750000,存活,16013,16.013000
19,1,Jonathan Bennett,0.088473,8.847252,7.500000,存活,16013,16.013000
19,1,Janel Parrish,0.085615,8.561481,7.250000,存活,16013,16.013000
19,1,Tavis Smiley,0.081524,8.152433,7.250000,存活,16013,16.013000
19,1,Michael Waltrip,0.070818,7.081841,6.250000,存活,16013,16.013000
19,1,Betsey Johnson,0.070779,7.077938,5.000000,存活,16013,16.013000
19,1,Tommy Chong,0.061423,6.142292,6.750000,存活,16013,16.013000
19,1,Antonio Sabato Jr.,0.059048,5.904792,6.250000,存活,16013,16.013000
19,1,Lolo Jones,0.002631,0.263052,5.500000,淘汰,16013,16.013000
19,2,Lea Thompson,0.104385,10.438463,8.750000,存活,10691,10.691000
19,2,Janel Parrish,0.101046,10.104560,8.500000,存活,10691,10.691000
19,2,Bethany Mota,0.098856,9.885626,8.250000,存活,10691,10.691000
19,2,Alfonso Ribeiro,0.095064,9.506359,8.000000,存活,10691,10.691000
19,2,Betsey Johnson,0.089874,8.987415,7.000000,存活,10691,10.691000
19,2,Jonathan Bennett,0.089524,8.952437,7.500000,存活,10691,10.691000
19,2,Sadie Robertson,0.088536,8.853618,7.750000,存活,10691,10.691000
19,2,Michael Waltrip,0.087735,8.773466,6.000000,存活,10691,10.691000
19,2,Randy Couture,0.086691,8.669106,7.000000,存活,10691,10.691000
19,2,Tommy Chong,0.081884,8.188369,7.000000,存活,10691,10.691000
19,2,Antonio Sabato Jr.,0.074373,7.437334,7.750000,存活,10691,10.691000
19,2,Tavis Smiley,0.002032,0.203246,7.000000,淘汰,10691,10.691000
19,3,Bethany Mota,0.126697,12.669652,10.000000,存活,25963,25.963000
19,3,Janel Parrish,0.125223,12.522256,10.000000,存活,25963,25.963000
19,3,Alfonso Ribeiro,0.101924,10.192431,8.000000,存活,25963,25.963000
19,3,Jonathan Bennett,0.100900,10.089975,8.000000,存活,25963,25.963000
19,3,Lea Thompson,0.098330,9.832985,7.750000,存活,25963,25.963000
19,3,Sadie Robertson,0.097580,9.758003,8.000000,存活,25963,25.963000
19,3,Betsey Johnson,0.086831,8.683115,7.250000,存活,25963,25.963000
19,3,Michael Waltrip,0.085632,8.563173,7.000000,存活,25963,25.963000
19,3,Tommy Chong,0.082861,8.286118,8.500000,存活,25963,25.963000
19,3,Antonio Sabato Jr.,0.074414,7.441435,7.250000,存活,25963,25.963000
19,3,Randy Couture,0.019609,1.960858,6.500000,淘汰,25963,25.963000
19,4,Alfonso Ribeiro,0.130537,13.053738,10.000000,存活,8152,8.152000
19,4,Lea Thompson,0.129046,12.904569,9.750000,存活,8152,8.152000
19,4,Janel Parrish,0.118921,11.892078,9.000000,存活,8152,8.152000
19,4,Sadie Robertson,0.117157,11.715742,9.250000,存活,8152,8.152000
19,4,Bethany Mota,0.108406,10.840636,8.250000,存活,8152,8.152000
19,4,Michael Waltrip,0.102042,10.204235,6.250000,存活,8152,8.152000
19,4,Jonathan Bennett,0.101855,10.185528,6.000000,存活,8152,8.152000
19,4,Antonio Sabato Jr.,0.098426,9.842588,7.250000,存活,8152,8.152000
19,4,Tommy Chong,0.091430,9.143041,7.000000,存活,8152,8.152000
19,4,Betsey Johnson,0.002178,0.217845,7.250000,淘汰,8152,8.152000
19,5,Sadie Robertson,0.136677,13.667697,9.000000,存活,100000,100.000000
19,5,Alfonso Ribeiro,0.134142,13.414196,8.500000,存活,100000,100.000000
19,5,Lea Thompson,0.134038,13.403757,8.500000,存活,100000,100.000000
19,5,Janel Parrish,0.130493,13.049251,8.250000,存活,100000,100.000000
19,5,Bethany Mota,0.128170,12.817027,8.000000,存活,100000,100.000000
19,5,Jonathan Bennett,0.096811,9.681126,6.000000,存活,100000,100.000000
19,5,Antonio Sabato Jr.,0.090155,9.015511,7.000000,存活,100000,100.000000
19,5,Michael Waltrip,0.078083,7.808343,5.000000,存活,100000,100.000000
19,5,Tommy Chong,0.071431,7.143093,5.750000,存活,100000,100.000000
19,6,Alfonso Ribeiro,0.142305,14.230469,9.750000,存活,9084,9.084000
19,6,Michael Waltrip,0.136920,13.692048,7.500000,存活,9084,9.084000
19,6,Bethany Mota,0.132376,13.237637,9.000000,存活,9084,9.084000
19,6,Lea Thompson,0.132209,13.220906,8.000000,存活,9084,9.084000
19,6,Sadie Robertson,0.124873,12.487305,8.750000,存活,9084,9.084000
19,6,Janel Parrish,0.120588,12.058828,8.250000,存活,9084,9.084000
19,6,Antonio Sabato Jr.,0.106243,10.624257,7.000000,存活,9084,9.084000
19,6,Tommy Chong,0.102149,10.214867,7.000000,存活,9084,9.084000
19,6,Jonathan Bennett,0.002337,0.233683,8.000000,淘汰,9084,9.084000
19,7,Bethany Mota,0.160951,16.095121,9.375000,存活,23791,23.791000
19,7,Lea Thompson,0.149440,14.943971,8.750000,存活,23791,23.791000
19,7,Alfonso Ribeiro,0.144989,14.498899,8.500000,存活,23791,23.791000
19,7,Janel Parrish,0.143149,14.314891,8.375000,存活,23791,23.791000
19,7,Michael Waltrip,0.138509,13.850919,7.000000,存活,23791,23.791000
19,7,Sadie Robertson,0.128429,12.842896,7.750000,存活,23791,23.791000
19,7,Tommy Chong,0.100569,10.056949,7.500000,存活,23791,23.791000
19,7,Antonio Sabato Jr.,0.033964,3.396354,7.375000,淘汰,23791,23.791000
19,8,Janel Parrish,0.187722,18.772250,10.750000,存活,40760,40.760000
19,8,Alfonso Ribeiro,0.179287,17.928652,10.250000,存活,40760,40.760000
19,8,Bethany Mota,0.177310,17.730985,10.000000,存活,40760,40.760000
19,8,Sadie Robertson,0.161272,16.127154,9.500000,存活,40760,40.760000
19,8,Lea Thompson,0.141716,14.171554,8.000000,存活,40760,40.760000
19,8,Tommy Chong,0.099486,9.948551,7.250000,存活,40760,40.760000
19,8,Michael Waltrip,0.053209,5.320855,6.250000,淘汰,40760,40.760000
19,9,Alfonso Ribeiro,0.214326,21.432561,9.625000,存活,16111,16.111000
19,9,Janel Parrish,0.213544,21.354409,9.625000,存活,16111,16.111000
19,9,Bethany Mota,0.206927,20.692728,9.250000,存活,16111,16.111000
19,9,Sadie Robertson,0.197494,19.749422,9.125000,存活,16111,16.111000
19,9,Tommy Chong,0.164321,16.432086,7.125000,存活,16111,16.111000
19,9,Lea Thompson,0.003388,0.338795,8.750000,淘汰,16111,16.111000
19,10,Janel Parrish,0.236900,23.689980,9.750000,存活,52820,52.820000
19,10,Bethany Mota,0.232211,23.221126,9.500000,存活,52820,52.820000
19,10,Alfonso Ribeiro,0.227969,22.796908,9.375000,存活,52820,52.820000
19,10,Sadie Robertson,0.216712,21.671223,9.250000,存活,52820,52.820000
19,10,Tommy Chong,0.086208,8.620763,7.750000,淘汰,52820,52.820000
19,11,Alfonso Ribeiro,0.256094,25.609447,10.000000,淘汰,100000,100.000000
19,11,Janel Parrish,0.250402,25.040206,9.749950,淘汰,100000,100.000000
19,11,Bethany Mota,0.248743,24.874251,9.500000,淘汰,100000,100.000000
19,11,Sadie Robertson,0.244761,24.476096,9.833300,淘汰,100000,100.000000
20,1,Rumer Willis,0.105241,10.524110,8.000000,存活,100000,100.000000
20,1,Riker Lynch,0.102577,10.257744,7.750000,存活,100000,100.000000
20,1,Michael Sam,0.084920,8.491992,6.500000,存活,100000,100.000000
20,1,Noah Galloway,0.083131,8.313132,6.500000,存活,100000,100.000000
20,1,Chris Soules,0.083082,8.308238,6.500000,存活,100000,100.000000
20,1,Willow Shields,0.082933,8.293250,6.250000,存活,100000,100.000000
20,1,Suzanne Somers,0.082888,8.288848,6.250000,存活,100000,100.000000
20,1,Patti LaBelle,0.082307,8.230702,6.250000,存活,100000,100.000000
20,1,Nastia Liukin,0.078215,7.821536,7.500000,存活,100000,100.000000
20,1,Redfoo,0.072564,7.256373,5.500000,存活,100000,100.000000
20,1,Charlotte McKinney,0.071330,7.133050,5.500000,存活,100000,100.000000
20,1,Robert Herjavec,0.070810,7.081025,7.000000,存活,100000,100.000000
20,2,Suzanne Somers,0.102682,10.268245,7.000000,存活,4169,4.169000
20,2,Patti LaBelle,0.101707,10.170667,7.000000,存活,4169,4.169000
20,2,Michael Sam,0.100640,10.064028,7.000000,存活,4169,4.169000
20,2,Noah Galloway,0.095259,9.525891,6.750000,存活,4169,4.169000
20,2,Charlotte McKinney,0.092618,9.261784,6.500000,存活,4169,4.169000
20,2,Riker Lynch,0.092537,9.253724,8.000000,存活,4169,4.169000
20,2,Rumer Willis,0.092175,9.217537,8.000000,存活,4169,4.169000
20,2,Willow Shields,0.091055,9.105511,8.000000,存活,4169,4.169000
20,2,Robert Herjavec,0.078193,7.819349,7.000000,存活,4169,4.169000
20,2,Nastia Liukin,0.077253,7.725308,8.500000,存活,4169,4.169000
20,2,Chris Soules,0.074030,7.402991,5.250000,存活,4169,4.169000
20,2,Redfoo,0.001850,0.184966,7.750000,淘汰,4169,4.169000
20,3,Riker Lynch,0.119577,11.957679,8.500000,存活,24549,24.549000
20,3,Rumer Willis,0.116831,11.683075,8.250000,存活,24549,24.549000
20,3,Willow Shields,0.114070,11.406976,8.000000,存活,24549,24.549000
20,3,Noah Galloway,0.101975,10.197529,7.500000,存活,24549,24.549000
20,3,Chris Soules,0.096023,9.602332,7.000000,存活,24549,24.549000
20,3,Nastia Liukin,0.095403,9.540282,8.500000,存活,24549,24.549000
20,3,Suzanne Somers,0.089784,8.978406,6.250000,存活,24549,24.549000
20,3,Michael Sam,0.084367,8.436670,6.000000,存活,24549,24.549000
20,3,Patti LaBelle,0.083386,8.338603,5.500000,存活,24549,24.549000
20,3,Robert Herjavec,0.079301,7.930140,7.250000,存活,24549,24.549000
20,3,Charlotte McKinney,0.019283,1.928309,5.500000,淘汰,24549,24.549000
20,4,Willow Shields,0.130606,13.060634,9.750000,存活,11901,11.901000
20,4,Suzanne Somers,0.121939,12.193891,7.000000,存活,11901,11.901000
20,4,Rumer Willis,0.119068,11.906836,8.750000,存活,11901,11.901000
20,4,Riker Lynch,0.114103,11.410343,8.500000,存活,11901,11.901000
20,4,Chris Soules,0.113124,11.312424,6.750000,存活,11901,11.901000
20,4,Patti LaBelle,0.110608,11.060836,7.500000,存活,11901,11.901000
20,4,Noah Galloway,0.104658,10.465755,8.000000,存活,11901,11.901000
20,4,Nastia Liukin,0.095981,9.598135,9.000000,存活,11901,11.901000
20,4,Robert Herjavec,0.087668,8.766790,8.500000,存活,11901,11.901000
20,4,Michael Sam,0.002244,0.224355,7.500000,淘汰,11901,11.901000
20,5,Rumer Willis,0.146029,14.602881,9.750000,存活,8422,8.422000
20,5,Riker Lynch,0.142654,14.265396,9.500000,存活,8422,8.422000
20,5,Patti LaBelle,0.129788,12.978787,6.750000,存活,8422,8.422000
20,5,Willow Shields,0.127456,12.745606,8.500000,存活,8422,8.422000
20,5,Chris Soules,0.126026,12.602613,6.750000,存活,8422,8.422000
20,5,Noah Galloway,0.124756,12.475558,7.000000,存活,8422,8.422000
20,5,Nastia Liukin,0.111869,11.186940,9.500000,存活,8422,8.422000
20,5,Robert Herjavec,0.088693,8.869297,6.000000,存活,8422,8.422000
20,5,Suzanne Somers,0.002729,0.272922,7.000000,淘汰,8422,8.422000
20,6,Noah Galloway,0.160928,16.092803,8.500000,存活,13703,13.703000
20,6,Riker Lynch,0.153756,15.375559,9.500000,存活,13703,13.703000
20,6,Willow Shields,0.148132,14.813220,9.125000,存活,13703,13.703000
20,6,Rumer Willis,0.144791,14.479105,8.875000,存活,13703,13.703000
20,6,Chris Soules,0.137399,13.739946,8.750000,存活,13703,13.703000
20,6,Robert Herjavec,0.135062,13.506179,8.375000,存活,13703,13.703000
20,6,Nastia Liukin,0.117498,11.749801,9.125000,存活,13703,13.703000
20,6,Patti LaBelle,0.002434,0.243387,8.500000,淘汰,13703,13.703000
20,7,Rumer Willis,0.195799,19.579860,9.250000,存活,6516,6.516000
20,7,Riker Lynch,0.195657,19.565678,9.250000,存活,6516,6.516000
20,7,Noah Galloway,0.193413,19.341314,9.500000,存活,6516,6.516000
20,7,Chris Soules,0.157836,15.783643,7.750000,存活,6516,6.516000
20,7,Nastia Liukin,0.130094,13.009396,10.250000,存活,6516,6.516000
20,7,Robert Herjavec,0.125053,12.505258,7.750000,存活,6516,6.516000
20,7,Willow Shields,0.002149,0.214851,9.750000,淘汰,6516,6.516000
20,8,Rumer Willis,0.218147,21.814681,10.000000,存活,59102,59.102000
20,8,Riker Lynch,0.211626,21.162596,9.750000,存活,59102,59.102000
20,8,Noah Galloway,0.179141,17.914062,7.875000,存活,59102,59.102000
20,8,Nastia Liukin,0.165112,16.511213,9.500000,存活,59102,59.102000
20,8,Chris Soules,0.133257,13.325710,8.000000,淘汰,59102,59.102000
20,8,Robert Herjavec,0.092717,9.271737,7.750000,淘汰,59102,59.102000
20,9,Rumer Willis,0.290312,29.031231,9.750000,存活,53681,53.681000
20,9,Riker Lynch,0.274004,27.400428,10.000000,存活,53681,53.681000
20,9,Noah Galloway,0.272079,27.207893,9.500000,存活,53681,53.681000
20,9,Nastia Liukin,0.163604,16.360448,10.000000,淘汰,53681,53.681000
20,10,Riker Lynch,0.345971,34.597071,10.000000,淘汰,100000,100.000000
20,10,Rumer Willis,0.345835,34.583475,10.000000,淘汰,100000,100.000000
20,10,Noah Galloway,0.308195,30.819454,9.000000,淘汰,100000,100.000000
21,1,Nick Carter,0.098774,9.877418,8.000000,存活,100000,100.000000
21,1,Carlos PenaVega,0.095619,9.561946,7.666667,存活,100000,100.000000
21,1,Tamar Braxton,0.094557,9.455666,7.666667,存活,100000,100.000000
21,1,Alexa PenaVega,0.091815,9.181530,7.333333,存活,100000,100.000000
21,1,Alek Skarlatos,0.089065,8.906477,7.333333,存活,100000,100.000000
21,1,Hayes Grier,0.088319,8.831900,7.000000,存活,100000,100.000000
21,1,Andy Grammer,0.086703,8.670266,7.000000,存活,100000,100.000000
21,1,Bindi Irwin,0.077154,7.715433,8.000000,存活,100000,100.000000
21,1,Gary Busey,0.063336,6.333647,5.000000,存活,100000,100.000000
21,1,Paula Deen,0.060912,6.091156,5.000000,存活,100000,100.000000
21,1,Chaka Khan,0.054599,5.459915,4.333333,存活,100000,100.000000
21,1,Victor Espinoza,0.049933,4.993296,5.000000,存活,100000,100.000000
21,1,Kim Zolciak-Biermann,0.049213,4.921349,4.000000,存活,100000,100.000000
21,2,Tamar Braxton,0.096635,9.663542,8.166667,存活,47650,47.650000
21,2,Alexa PenaVega,0.091884,9.188418,7.666667,存活,47650,47.650000
21,2,Hayes Grier,0.090650,9.064988,7.500000,存活,47650,47.650000
21,2,Carlos PenaVega,0.089490,8.949003,7.500000,存活,47650,47.650000
21,2,Nick Carter,0.089043,8.904257,7.500000,存活,47650,47.650000
21,2,Alek Skarlatos,0.087155,8.715451,7.500000,存活,47650,47.650000
21,2,Andy Grammer,0.086867,8.686658,7.333333,存活,47650,47.650000
21,2,Gary Busey,0.074261,7.426148,5.500000,存活,47650,47.650000
21,2,Bindi Irwin,0.073960,7.396003,8.000000,存活,47650,47.650000
21,2,Paula Deen,0.073114,7.311416,6.166667,存活,47650,47.650000
21,2,Kim Zolciak-Biermann,0.058382,5.838191,6.166667,淘汰,47650,47.650000
21,2,Victor Espinoza,0.046191,4.619096,6.166667,淘汰,47650,47.650000
21,2,Chaka Khan,0.042368,4.236829,5.000000,淘汰,47650,47.650000
21,3,Alexa PenaVega,0.120807,12.080694,9.000000,存活,100000,100.000000
21,3,Nick Carter,0.120007,12.000700,9.000000,存活,100000,100.000000
21,3,Tamar Braxton,0.110175,11.017462,8.250000,存活,100000,100.000000
21,3,Alek Skarlatos,0.108155,10.815495,8.250000,存活,100000,100.000000
21,3,Carlos PenaVega,0.104689,10.468905,7.750000,存活,100000,100.000000
21,3,Hayes Grier,0.102948,10.294840,7.500000,存活,100000,100.000000
21,3,Andy Grammer,0.097476,9.747620,7.250000,存活,100000,100.000000
21,3,Gary Busey,0.085441,8.544135,6.250000,存活,100000,100.000000
21,3,Bindi Irwin,0.083839,8.383865,8.000000,存活,100000,100.000000
21,3,Paula Deen,0.066463,6.646285,5.000000,存活,100000,100.000000
21,4,Hayes Grier,0.124649,12.464858,9.000000,存活,30736,30.736000
21,4,Nick Carter,0.122118,12.211785,9.000000,存活,30736,30.736000
21,4,Tamar Braxton,0.122091,12.209109,9.000000,存活,30736,30.736000
21,4,Carlos PenaVega,0.115279,11.527931,8.333333,存活,30736,30.736000
21,4,Alek Skarlatos,0.107341,10.734117,8.000000,存活,30736,30.736000
21,4,Andy Grammer,0.105140,10.514027,7.666667,存活,30736,30.736000
21,4,Bindi Irwin,0.099354,9.935375,9.333333,存活,30736,30.736000
21,4,Alexa PenaVega,0.096807,9.680707,7.000000,存活,30736,30.736000
21,4,Paula Deen,0.080241,8.024109,6.000000,存活,30736,30.736000
21,4,Gary Busey,0.026980,2.697982,5.333333,淘汰,30736,30.736000
21,5,Alexa PenaVega,0.136230,13.623014,10.000000,存活,100000,100.000000
21,5,Carlos PenaVega,0.133514,13.351354,9.750000,存活,100000,100.000000
21,5,Andy Grammer,0.122732,12.273199,9.000000,存活,100000,100.000000
21,5,Nick Carter,0.119303,11.930303,8.750000,存活,100000,100.000000
21,5,Hayes Grier,0.104642,10.464213,7.500000,存活,100000,100.000000
21,5,Tamar Braxton,0.099721,9.972140,7.250000,存活,100000,100.000000
21,5,Bindi Irwin,0.098784,9.878434,9.250000,存活,100000,100.000000
21,5,Alek Skarlatos,0.097599,9.759870,7.250000,存活,100000,100.000000
21,5,Paula Deen,0.087475,8.747473,6.500000,存活,100000,100.000000
21,6,Tamar Braxton,0.137429,13.742874,10.000000,存活,33155,33.155000
21,6,Andy Grammer,0.137286,13.728569,10.000000,存活,33155,33.155000
21,6,Nick Carter,0.134380,13.437967,9.750000,存活,33155,33.155000
21,6,Carlos PenaVega,0.131609,13.160867,9.500000,存活,33155,33.155000
21,6,Hayes Grier,0.112632,11.263206,8.000000,存活,33155,33.155000
21,6,Bindi Irwin,0.107608,10.760778,10.000000,存活,33155,33.155000
21,6,Alexa PenaVega,0.104805,10.480514,7.500000,存活,33155,33.155000
21,6,Alek Skarlatos,0.101714,10.171410,7.500000,存活,33155,33.155000
21,6,Paula Deen,0.032538,3.253815,6.000000,淘汰,33155,33.155000
21,7,Alexa PenaVega,0.157453,15.745332,9.166667,存活,6265,6.265000
21,7,Nick Carter,0.153196,15.319637,9.000000,存活,6265,6.265000
21,7,Tamar Braxton,0.153078,15.307767,9.000000,存活,6265,6.265000
21,7,Alek Skarlatos,0.147391,14.739118,8.833333,存活,6265,6.265000
21,7,Andy Grammer,0.143827,14.382696,9.333333,存活,6265,6.265000
21,7,Carlos PenaVega,0.143218,14.321833,9.333333,存活,6265,6.265000
21,7,Bindi Irwin,0.100006,10.000564,9.666667,存活,6265,6.265000
21,7,Hayes Grier,0.001831,0.183054,9.333333,淘汰,6265,6.265000
21,8,Nick Carter,0.187173,18.717275,11.000000,存活,38789,38.789000
21,8,Carlos PenaVega,0.166505,16.650503,9.666600,存活,38789,38.789000
21,8,Tamar Braxton,0.160186,16.018607,9.333333,存活,38789,38.789000
21,8,Alexa PenaVega,0.156038,15.603845,8.999933,存活,38789,38.789000
21,8,Alek Skarlatos,0.141310,14.131026,8.333333,存活,38789,38.789000
21,8,Bindi Irwin,0.125580,12.557970,9.333333,存活,38789,38.789000
21,8,Andy Grammer,0.063208,6.320772,7.999933,淘汰,38789,38.789000
21,9,Nick Carter,0.191961,19.196130,9.166667,存活,50514,50.514000
21,9,Carlos PenaVega,0.190595,19.059513,9.000000,存活,50514,50.514000
21,9,Alexa PenaVega,0.180466,18.046648,10.000000,淘汰,50514,50.514000
21,9,Alek Skarlatos,0.174128,17.412821,8.500000,存活,50514,50.514000
21,9,Bindi Irwin,0.163336,16.333636,10.000000,存活,50514,50.514000
21,9,Tamar Braxton,0.099513,9.951251,8.166667,淘汰,50514,50.514000
21,10,Carlos PenaVega,0.282057,28.205661,10.500000,存活,100000,100.000000
21,10,Alek Skarlatos,0.250879,25.087909,9.500000,存活,100000,100.000000
21,10,Nick Carter,0.244220,24.421984,9.000000,存活,100000,100.000000
21,10,Bindi Irwin,0.222844,22.284447,10.500000,存活,100000,100.000000
21,11,Carlos PenaVega,0.270095,27.009500,10.000000,淘汰,100000,100.000000
21,11,Nick Carter,0.268525,26.852494,10.000000,淘汰,100000,100.000000
21,11,Alek Skarlatos,0.247228,24.722807,9.333300,淘汰,100000,100.000000
21,11,Bindi Irwin,0.214152,21.415200,10.000000,淘汰,100000,100.000000
22,1,Wanya Morris,0.099066,9.906605,7.666667,存活,100000,100.000000
22,1,Nyle DiMarco,0.097280,9.728031,7.666667,存活,100000,100.000000
22,1,Ginger Zee,0.095103,9.510344,7.666667,存活,100000,100.000000
22,1,Paige VanZant,0.089914,8.991384,7.000000,存活,100000,100.000000
22,1,Antonio Brown,0.089850,8.985034,7.000000,存活,100000,100.000000
22,1,Von Miller,0.089592,8.959175,7.000000,存活,100000,100.000000
22,1,Marla Maples,0.088032,8.803211,7.000000,存活,100000,100.000000
22,1,Jodie Sweetin,0.087373,8.737330,6.666667,存活,100000,100.000000
22,1,Kim Fields,0.087357,8.735701,6.666667,存活,100000,100.000000
22,1,Doug Flutie,0.064888,6.488765,5.000000,存活,100000,100.000000
22,1,Mischa Barton,0.056611,5.661138,5.333333,存活,100000,100.000000
22,1,Geraldo Rivera,0.054933,5.493282,4.333333,存活,100000,100.000000
22,2,Wanya Morris,0.107684,10.768413,8.000000,存活,26887,26.887000
22,2,Paige VanZant,0.107277,10.727690,8.000000,存活,26887,26.887000
22,2,Jodie Sweetin,0.095756,9.575583,7.000000,存活,26887,26.887000
22,2,Ginger Zee,0.090700,9.070027,7.000000,存活,26887,26.887000
22,2,Doug Flutie,0.089100,8.909950,6.666667,存活,26887,26.887000
22,2,Von Miller,0.088926,8.892564,6.666667,存活,26887,26.887000
22,2,Nyle DiMarco,0.088353,8.835294,6.666667,存活,26887,26.887000
22,2,Marla Maples,0.087658,8.765788,6.666667,存活,26887,26.887000
22,2,Kim Fields,0.087351,8.735052,6.333333,存活,26887,26.887000
22,2,Antonio Brown,0.085114,8.511405,6.333333,存活,26887,26.887000
22,2,Mischa Barton,0.055444,5.544424,5.000000,存活,26887,26.887000
22,2,Geraldo Rivera,0.016638,1.663810,4.333333,淘汰,26887,26.887000
22,3,Nyle DiMarco,0.110829,11.082934,8.333333,存活,28491,28.491000
22,3,Wanya Morris,0.108666,10.866571,8.000000,存活,28491,28.491000
22,3,Jodie Sweetin,0.104885,10.488486,7.666667,存活,28491,28.491000
22,3,Paige VanZant,0.102732,10.273219,7.666667,存活,28491,28.491000
22,3,Kim Fields,0.100172,10.017170,7.333333,存活,28491,28.491000
22,3,Marla Maples,0.092415,9.241540,7.000000,存活,28491,28.491000
22,3,Ginger Zee,0.091059,9.105876,7.000000,存活,28491,28.491000
22,3,Antonio Brown,0.090255,9.025461,6.666667,存活,28491,28.491000
22,3,Von Miller,0.089463,8.946331,6.666667,存活,28491,28.491000
22,3,Doug Flutie,0.089193,8.919256,6.666667,存活,28491,28.491000
22,3,Mischa Barton,0.020332,2.033158,6.000000,淘汰,28491,28.491000
22,4,Paige VanZant,0.116875,11.687483,9.000000,存活,12617,12.617000
22,4,Jodie Sweetin,0.115812,11.581186,6.750000,存活,12617,12.617000
22,4,Wanya Morris,0.115399,11.539910,8.750000,存活,12617,12.617000
22,4,Ginger Zee,0.114294,11.429367,9.000000,存活,12617,12.617000
22,4,Antonio Brown,0.113402,11.340228,8.750000,存活,12617,12.617000
22,4,Nyle DiMarco,0.110064,11.006359,8.500000,存活,12617,12.617000
22,4,Kim Fields,0.106200,10.620036,8.000000,存活,12617,12.617000
22,4,Von Miller,0.104660,10.465999,8.000000,存活,12617,12.617000
22,4,Doug Flutie,0.100972,10.097194,6.000000,存活,12617,12.617000
22,4,Marla Maples,0.002322,0.232239,7.000000,淘汰,12617,12.617000
22,5,Nyle DiMarco,0.131365,13.136488,9.250000,存活,100000,100.000000
22,5,Jodie Sweetin,0.128507,12.850745,8.750000,存活,100000,100.000000
22,5,Ginger Zee,0.112540,11.253981,8.000000,存活,100000,100.000000
22,5,Paige VanZant,0.111895,11.189476,7.750000,存活,100000,100.000000
22,5,Wanya Morris,0.109784,10.978363,7.500000,存活,100000,100.000000
22,5,Von Miller,0.105406,10.540615,7.250000,存活,100000,100.000000
22,5,Kim Fields,0.103983,10.398340,7.000000,存活,100000,100.000000
22,5,Doug Flutie,0.101656,10.165572,7.000000,存活,100000,100.000000
22,5,Antonio Brown,0.094864,9.486421,6.500000,存活,100000,100.000000
22,6,Wanya Morris,0.136123,13.612346,9.666667,存活,33403,33.403000
22,6,Paige VanZant,0.130020,13.001980,9.333333,存活,33403,33.403000
22,6,Antonio Brown,0.125140,12.513955,9.000000,存活,33403,33.403000
22,6,Jodie Sweetin,0.119190,11.918968,8.333333,存活,33403,33.403000
22,6,Nyle DiMarco,0.115743,11.574316,8.333333,存活,33403,33.403000
22,6,Kim Fields,0.114416,11.441562,8.000000,存活,33403,33.403000
22,6,Von Miller,0.111821,11.182064,8.000000,存活,33403,33.403000
22,6,Ginger Zee,0.108722,10.872190,8.000000,存活,33403,33.403000
22,6,Doug Flutie,0.038826,3.882620,7.000000,淘汰,33403,33.403000
22,7,Jodie Sweetin,0.159086,15.908598,8.500000,存活,30214,30.214000
22,7,Antonio Brown,0.142928,14.292783,8.666667,存活,30214,30.214000
22,7,Wanya Morris,0.135973,13.597261,9.166667,存活,30214,30.214000
22,7,Nyle DiMarco,0.135095,13.509502,9.333333,存活,30214,30.214000
22,7,Paige VanZant,0.134166,13.416644,9.166667,存活,30214,30.214000
22,7,Ginger Zee,0.130385,13.038546,9.166667,存活,30214,30.214000
22,7,Kim Fields,0.083111,8.311085,8.666667,淘汰,30214,30.214000
22,7,Von Miller,0.079256,7.925581,8.666667,淘汰,30214,30.214000
22,8,Nyle DiMarco,0.209442,20.944224,9.666667,存活,6718,6.718000
22,8,Paige VanZant,0.204065,20.406539,9.333333,存活,6718,6.718000
22,8,Ginger Zee,0.203434,20.343380,10.000000,存活,6718,6.718000
22,8,Antonio Brown,0.196836,19.683616,9.000000,存活,6718,6.718000
22,8,Wanya Morris,0.184017,18.401698,8.333333,存活,6718,6.718000
22,8,Jodie Sweetin,0.002205,0.220542,10.000000,淘汰,6718,6.718000
22,9,Paige VanZant,0.236984,23.698436,9.833333,存活,46289,46.289000
22,9,Nyle DiMarco,0.227621,22.762130,9.500000,存活,46289,46.289000
22,9,Ginger Zee,0.220223,22.022276,9.333333,存活,46289,46.289000
22,9,Wanya Morris,0.195296,19.529618,10.000000,淘汰,46289,46.289000
22,9,Antonio Brown,0.119875,11.987539,9.166667,淘汰,46289,46.289000
22,10,Paige VanZant,0.343422,34.342239,9.888867,淘汰,100000,100.000000
22,10,Nyle DiMarco,0.334386,33.438605,9.666600,淘汰,100000,100.000000
22,10,Ginger Zee,0.322192,32.219156,9.444400,淘汰,100000,100.000000
23,1,Laurie Hernandez,0.094968,9.496784,7.750000,存活,100000,100.000000
23,1,Marilu Henner,0.084586,8.458580,6.750000,存活,100000,100.000000
23,1,Jana Kramer,0.084326,8.432582,6.750000,存活,100000,100.000000
23,1,Babyface,0.080976,8.097589,6.500000,存活,100000,100.000000
23,1,Calvin Johnson Jr.,0.080415,8.041501,6.500000,存活,100000,100.000000
23,1,Vanilla Ice,0.077911,7.791091,6.250000,存活,100000,100.000000
23,1,Terra Jole,0.075707,7.570663,6.250000,存活,100000,100.000000
23,1,James Hinchcliffe,0.075109,7.510865,7.750000,存活,100000,100.000000
23,1,Ryan Lochte,0.074010,7.400968,6.000000,存活,100000,100.000000
23,1,Amber Rose,0.073599,7.359943,6.000000,存活,100000,100.000000
23,1,Maureen McCormick,0.069552,6.955249,5.500000,存活,100000,100.000000
23,1,Jake T. Austin,0.069516,6.951641,5.500000,存活,100000,100.000000
23,1,Rick Perry,0.059325,5.932544,5.000000,存活,100000,100.000000
23,2,Laurie Hernandez,0.095046,9.504588,8.000000,存活,11982,11.982000
23,2,Terra Jole,0.090281,9.028095,7.750000,存活,11982,11.982000
23,2,Babyface,0.089624,8.962379,7.500000,存活,11982,11.982000
23,2,Jana Kramer,0.086639,8.663875,7.250000,存活,11982,11.982000
23,2,Amber Rose,0.083860,8.385972,6.000000,存活,11982,11.982000
23,2,Calvin Johnson Jr.,0.083471,8.347108,7.000000,存活,11982,11.982000
23,2,Ryan Lochte,0.083378,8.337760,6.000000,存活,11982,11.982000
23,2,Marilu Henner,0.081755,8.175484,6.750000,存活,11982,11.982000
23,2,Rick Perry,0.079265,7.926455,5.500000,存活,11982,11.982000
23,2,Maureen McCormick,0.078542,7.854206,6.500000,存活,11982,11.982000
23,2,Vanilla Ice,0.077881,7.788102,6.500000,存活,11982,11.982000
23,2,James Hinchcliffe,0.067739,6.773887,7.250000,存活,11982,11.982000
23,2,Jake T. Austin,0.002521,0.252088,6.000000,淘汰,11982,11.982000
23,3,Calvin Johnson Jr.,0.105168,10.516803,8.000000,存活,25842,25.842000
23,3,Laurie Hernandez,0.102464,10.246388,7.750000,存活,25842,25.842000
23,3,Terra Jole,0.096843,9.684273,7.500000,存活,25842,25.842000
23,3,Maureen McCormick,0.094347,9.434661,7.000000,存活,25842,25.842000
23,3,Marilu Henner,0.093867,9.386676,7.000000,存活,25842,25.842000
23,3,Jana Kramer,0.087050,8.704999,6.500000,存活,25842,25.842000
23,3,Babyface,0.083503,8.350328,6.250000,存活,25842,25.842000
23,3,Ryan Lochte,0.082891,8.289062,6.250000,存活,25842,25.842000
23,3,Amber Rose,0.081627,8.162750,6.250000,存活,25842,25.842000
23,3,Vanilla Ice,0.078354,7.835424,5.750000,存活,25842,25.842000
23,3,James Hinchcliffe,0.075124,7.512390,7.250000,存活,25842,25.842000
23,3,Rick Perry,0.018762,1.876246,5.750000,淘汰,25842,25.842000
23,4,Laurie Hernandez,0.121380,12.138040,10.000000,存活,36826,36.826000
23,4,Maureen McCormick,0.099644,9.964429,8.000000,存活,36826,36.826000
23,4,Terra Jole,0.099312,9.931174,8.333333,存活,36826,36.826000
23,4,Jana Kramer,0.096802,9.680198,7.666667,存活,36826,36.826000
23,4,Amber Rose,0.096700,9.669952,8.000000,存活,36826,36.826000
23,4,Calvin Johnson Jr.,0.096152,9.615199,7.666667,存活,36826,36.826000
23,4,Ryan Lochte,0.094931,9.493078,7.333333,存活,36826,36.826000
23,4,Marilu Henner,0.092318,9.231831,7.000000,存活,36826,36.826000
23,4,James Hinchcliffe,0.089278,8.927786,9.333333,存活,36826,36.826000
23,4,Vanilla Ice,0.075269,7.526872,7.666667,淘汰,36826,36.826000
23,4,Babyface,0.038214,3.821440,6.000000,淘汰,36826,36.826000
23,5,Marilu Henner,0.122266,12.226557,9.000000,存活,100000,100.000000
23,5,Terra Jole,0.117838,11.783821,9.000000,存活,100000,100.000000
23,5,Jana Kramer,0.116650,11.664955,8.666667,存活,100000,100.000000
23,5,Laurie Hernandez,0.111700,11.170006,8.333333,存活,100000,100.000000
23,5,Maureen McCormick,0.109088,10.908791,8.000000,存活,100000,100.000000
23,5,Ryan Lochte,0.107265,10.726474,8.000000,存活,100000,100.000000
23,5,Calvin Johnson Jr.,0.107199,10.719875,8.000000,存活,100000,100.000000
23,5,Amber Rose,0.106237,10.623656,8.000000,存活,100000,100.000000
23,5,James Hinchcliffe,0.101759,10.175864,9.666667,存活,100000,100.000000
23,6,Jana Kramer,0.142340,14.234031,10.000000,存活,33167,33.167000
23,6,Laurie Hernandez,0.131462,13.146155,9.250000,存活,33167,33.167000
23,6,Calvin Johnson Jr.,0.131277,13.127701,9.250000,存活,33167,33.167000
23,6,Marilu Henner,0.123573,12.357340,8.500000,存活,33167,33.167000
23,6,Maureen McCormick,0.112885,11.288489,7.750000,存活,33167,33.167000
23,6,Ryan Lochte,0.107485,10.748528,7.500000,存活,33167,33.167000
23,6,James Hinchcliffe,0.106479,10.647940,9.500000,存活,33167,33.167000
23,6,Terra Jole,0.105126,10.512555,7.500000,存活,33167,33.167000
23,6,Amber Rose,0.039373,3.937261,7.000000,淘汰,33167,33.167000
23,7,Marilu Henner,0.166364,16.636385,8.000000,存活,14563,14.563000
23,7,Ryan Lochte,0.153277,15.327747,8.250000,存活,14563,14.563000
23,7,Calvin Johnson Jr.,0.146239,14.623853,9.250000,存活,14563,14.563000
23,7,Jana Kramer,0.138585,13.858477,8.625000,存活,14563,14.563000
23,7,Laurie Hernandez,0.137469,13.746915,8.625000,存活,14563,14.563000
23,7,Terra Jole,0.134620,13.461989,8.625000,存活,14563,14.563000
23,7,James Hinchcliffe,0.116239,11.623853,9.250000,存活,14563,14.563000
23,7,Maureen McCormick,0.007208,0.720781,8.250000,淘汰,14563,14.563000
23,8,Laurie Hernandez,0.179331,17.933069,11.000000,存活,12761,12.761000
23,8,Terra Jole,0.169465,16.946470,8.000000,存活,12761,12.761000
23,8,Marilu Henner,0.168755,16.875473,7.666667,存活,12761,12.761000
23,8,Jana Kramer,0.164833,16.483278,10.000000,存活,12761,12.761000
23,8,Calvin Johnson Jr.,0.163767,16.376692,10.000000,存活,12761,12.761000
23,8,James Hinchcliffe,0.151386,15.138571,11.666600,存活,12761,12.761000
23,8,Ryan Lochte,0.002464,0.246447,8.666667,淘汰,12761,12.761000
23,9,Jana Kramer,0.209322,20.932224,10.000000,存活,16071,16.071000
23,9,Laurie Hernandez,0.206266,20.626582,10.000000,存活,16071,16.071000
23,9,James Hinchcliffe,0.196005,19.600486,9.000000,存活,16071,16.071000
23,9,Terra Jole,0.192733,19.273324,9.500000,存活,16071,16.071000
23,9,Calvin Johnson Jr.,0.192563,19.256265,9.250000,存活,16071,16.071000
23,9,Marilu Henner,0.003111,0.311119,9.000000,淘汰,16071,16.071000
23,10,Jana Kramer,0.278102,27.810209,9.666667,存活,9638,9.638000
23,10,Calvin Johnson Jr.,0.265967,26.596730,9.333333,存活,9638,9.638000
23,10,Laurie Hernandez,0.233376,23.337591,10.000000,存活,9638,9.638000
23,10,James Hinchcliffe,0.219794,21.979427,9.833333,存活,9638,9.638000
23,10,Terra Jole,0.002760,0.276043,10.000000,淘汰,9638,9.638000
23,11,Laurie Hernandez,0.270199,27.019853,9.833300,淘汰,100000,100.000000
23,11,Calvin Johnson Jr.,0.264720,26.471961,9.583275,淘汰,100000,100.000000
23,11,Jana Kramer,0.248764,24.876415,8.875000,淘汰,100000,100.000000
23,11,James Hinchcliffe,0.216318,21.631772,9.749950,淘汰,100000,100.000000
24,1,Simone Biles,0.106337,10.633708,8.000000,存活,100000,100.000000
24,1,Rashad Jennings,0.102741,10.274081,7.750000,存活,100000,100.000000
24,1,Heather Morris,0.095073,9.507337,7.000000,存活,100000,100.000000
24,1,Nancy Kerrigan,0.093571,9.357103,7.000000,存活,100000,100.000000
24,1,David Ross,0.093264,9.326360,7.000000,存活,100000,100.000000
24,1,Normani,0.090992,9.099225,6.750000,存活,100000,100.000000
24,1,Erika Jayne,0.081349,8.134926,6.000000,存活,100000,100.000000
24,1,Nick Viall,0.079012,7.901236,6.000000,存活,100000,100.000000
24,1,Bonner Bolton,0.074140,7.414020,5.500000,存活,100000,100.000000
24,1,Mr. T,0.068865,6.886532,5.000000,存活,100000,100.000000
24,1,Charo,0.057937,5.793716,5.250000,存活,100000,100.000000
24,1,Chris Kattan,0.056718,5.671756,4.250000,存活,100000,100.000000
24,2,Normani,0.103914,10.391374,8.000000,存活,24624,24.624000
24,2,Rashad Jennings,0.103537,10.353679,8.000000,存活,24624,24.624000
24,2,Heather Morris,0.098880,9.887995,7.500000,存活,24624,24.624000
24,2,Simone Biles,0.093648,9.364809,7.250000,存活,24624,24.624000
24,2,Erika Jayne,0.091445,9.144519,7.000000,存活,24624,24.624000
24,2,Bonner Bolton,0.090977,9.097706,7.000000,存活,24624,24.624000
24,2,Nancy Kerrigan,0.090643,9.064260,7.000000,存活,24624,24.624000
24,2,David Ross,0.087526,8.752609,6.750000,存活,24624,24.624000
24,2,Nick Viall,0.079822,7.982173,6.250000,存活,24624,24.624000
24,2,Mr. T,0.075800,7.580028,5.500000,存活,24624,24.624000
24,2,Charo,0.066626,6.662621,6.250000,存活,24624,24.624000
24,2,Chris Kattan,0.017182,1.718226,5.500000,淘汰,24624,24.624000
24,3,Normani,0.114332,11.433200,8.500000,存活,28436,28.436000
24,3,Heather Morris,0.112302,11.230172,8.250000,存活,28436,28.436000
24,3,Nancy Kerrigan,0.109839,10.983887,8.250000,存活,28436,28.436000
24,3,Simone Biles,0.106621,10.662123,8.000000,存活,28436,28.436000
24,3,David Ross,0.104231,10.423073,7.750000,存活,28436,28.436000
24,3,Rashad Jennings,0.093971,9.397130,7.000000,存活,28436,28.436000
24,3,Erika Jayne,0.088352,8.835189,6.500000,存活,28436,28.436000
24,3,Nick Viall,0.085761,8.576084,6.500000,存活,28436,28.436000
24,3,Mr. T,0.082697,8.269721,6.000000,存活,28436,28.436000
24,3,Bonner Bolton,0.081062,8.106205,6.000000,存活,28436,28.436000
24,3,Charo,0.020832,2.083216,6.000000,淘汰,28436,28.436000
24,4,Rashad Jennings,0.125991,12.599070,9.750000,存活,30756,30.756000
24,4,Simone Biles,0.116234,11.623411,9.000000,存活,30756,30.756000
24,4,Heather Morris,0.114757,11.475709,8.750000,存活,30756,30.756000
24,4,Nancy Kerrigan,0.107149,10.714938,8.250000,存活,30756,30.756000
24,4,Normani,0.105122,10.512182,8.000000,存活,30756,30.756000
24,4,Bonner Bolton,0.104067,10.406678,8.000000,存活,30756,30.756000
24,4,David Ross,0.100379,10.037898,7.750000,存活,30756,30.756000
24,4,Erika Jayne,0.098714,9.871422,7.500000,存活,30756,30.756000
24,4,Nick Viall,0.095802,9.580202,7.500000,存活,30756,30.756000
24,4,Mr. T,0.031785,3.178489,7.000000,淘汰,30756,30.756000
24,5,Normani,0.132234,13.223378,9.750000,存活,11315,11.315000
24,5,Bonner Bolton,0.131163,13.116321,7.500000,存活,11315,11.315000
24,5,Simone Biles,0.128799,12.879940,9.500000,存活,11315,11.315000
24,5,David Ross,0.126769,12.676871,7.250000,存活,11315,11.315000
24,5,Rashad Jennings,0.124653,12.465277,8.000000,存活,11315,11.315000
24,5,Nancy Kerrigan,0.122113,12.211327,9.000000,存活,11315,11.315000
24,5,Heather Morris,0.117780,11.777957,8.500000,存活,11315,11.315000
24,5,Nick Viall,0.114313,11.431314,8.500000,存活,11315,11.315000
24,5,Erika Jayne,0.002176,0.217615,8.000000,淘汰,11315,11.315000
24,6,Normani,0.156525,15.652509,9.000000,存活,4088,4.088000
24,6,Rashad Jennings,0.150935,15.093459,8.750000,存活,4088,4.088000
24,6,Simone Biles,0.148583,14.858325,8.625000,存活,4088,4.088000
24,6,Nancy Kerrigan,0.144277,14.427720,8.375000,存活,4088,4.088000
24,6,Bonner Bolton,0.135629,13.562932,7.875000,存活,4088,4.088000
24,6,David Ross,0.133409,13.340912,7.750000,存活,4088,4.088000
24,6,Nick Viall,0.128764,12.876363,7.625000,存活,4088,4.088000
24,6,Heather Morris,0.001878,0.187780,9.250000,淘汰,4088,4.088000
24,7,Normani,0.173530,17.352965,10.500000,存活,23192,23.192000
24,7,David Ross,0.172727,17.272713,8.000000,存活,23192,23.192000
24,7,Bonner Bolton,0.167338,16.733796,7.750000,存活,23192,23.192000
24,7,Rashad Jennings,0.161037,16.103685,9.750000,存活,23192,23.192000
24,7,Simone Biles,0.160432,16.043168,9.750000,存活,23192,23.192000
24,7,Nancy Kerrigan,0.085314,8.531354,9.000000,淘汰,23192,23.192000
24,7,Nick Viall,0.079623,7.962319,8.500000,淘汰,23192,23.192000
24,8,Normani,0.244441,24.444078,9.875000,存活,52837,52.837000
24,8,Rashad Jennings,0.229618,22.961835,9.375000,存活,52837,52.837000
24,8,Simone Biles,0.220577,22.057749,9.000000,存活,52837,52.837000
24,8,David Ross,0.201102,20.110228,8.125000,存活,52837,52.837000
24,8,Bonner Bolton,0.104261,10.426110,7.250000,淘汰,52837,52.837000
24,9,Rashad Jennings,0.342448,34.244844,9.625000,存活,10243,10.243000
24,9,Normani,0.341336,34.133650,9.500000,存活,10243,10.243000
24,9,David Ross,0.311501,31.150110,8.750000,存活,10243,10.243000
24,9,Simone Biles,0.004714,0.471397,10.000000,淘汰,10243,10.243000
24,10,Normani,0.341056,34.105639,9.833300,淘汰,100000,100.000000
24,10,Rashad Jennings,0.340435,34.043538,9.916650,淘汰,100000,100.000000
24,10,David Ross,0.318508,31.850823,9.083325,淘汰,100000,100.000000
25,1,Jordan Fisher,0.097741,9.774062,7.333333,存活,100000,100.000000
25,1,Lindsey Stirling,0.092962,9.296213,7.333333,存活,100000,100.000000
25,1,Nikki Bella,0.087709,8.770949,6.666667,存活,100000,100.000000
25,1,Frankie Muniz,0.084843,8.484303,6.333333,存活,100000,100.000000
25,1,Victoria Arlen,0.083309,8.330861,6.333333,存活,100000,100.000000
25,1,Nick Lachey,0.079960,7.995999,6.000000,存活,100000,100.000000
25,1,Derek Fisher,0.078851,7.885106,6.000000,存活,100000,100.000000
25,1,Debbie Gibson,0.075678,7.567778,5.666667,存活,100000,100.000000
25,1,Vanessa Lachey,0.072060,7.205973,7.000000,存活,100000,100.000000
25,1,Terrell Owens,0.066237,6.623721,5.000000,存活,100000,100.000000
25,1,Sasha Pieterse,0.064686,6.468649,6.000000,存活,100000,100.000000
25,1,Barbara Corcoran,0.060297,6.029655,4.666667,存活,100000,100.000000
25,1,Drew Scott,0.055667,5.566731,5.333333,存活,100000,100.000000
25,2,Jordan Fisher,0.097133,9.713293,8.000000,存活,30777,30.777000
25,2,Frankie Muniz,0.096756,9.675607,8.000000,存活,30777,30.777000
25,2,Victoria Arlen,0.087494,8.749377,7.333333,存活,30777,30.777000
25,2,Lindsey Stirling,0.086962,8.696245,7.500000,存活,30777,30.777000
25,2,Terrell Owens,0.081133,8.113272,6.500000,存活,30777,30.777000
25,2,Nikki Bella,0.080953,8.095283,6.500000,存活,30777,30.777000
25,2,Derek Fisher,0.079603,7.960269,6.333333,存活,30777,30.777000
25,2,Nick Lachey,0.079577,7.957689,6.333333,存活,30777,30.777000
25,2,Vanessa Lachey,0.073695,7.369482,7.833333,存活,30777,30.777000
25,2,Sasha Pieterse,0.073556,7.355646,7.500000,存活,30777,30.777000
25,2,Debbie Gibson,0.069891,6.989056,6.833333,淘汰,30777,30.777000
25,2,Drew Scott,0.067075,6.707504,6.833333,存活,30777,30.777000
25,2,Barbara Corcoran,0.026173,2.617277,5.666667,淘汰,30777,30.777000
25,3,Lindsey Stirling,0.112889,11.288911,9.000000,存活,100000,100.000000
25,3,Jordan Fisher,0.109431,10.943078,8.333333,存活,100000,100.000000
25,3,Victoria Arlen,0.095305,9.530498,7.333333,存活,100000,100.000000
25,3,Frankie Muniz,0.092756,9.275558,7.000000,存活,100000,100.000000
25,3,Nick Lachey,0.091842,9.184212,7.000000,存活,100000,100.000000
25,3,Nikki Bella,0.091173,9.117303,7.000000,存活,100000,100.000000
25,3,Terrell Owens,0.091037,9.103661,7.000000,存活,100000,100.000000
25,3,Derek Fisher,0.090930,9.093026,7.000000,存活,100000,100.000000
25,3,Vanessa Lachey,0.078795,7.879529,7.666667,存活,100000,100.000000
25,3,Drew Scott,0.078313,7.831317,7.666667,存活,100000,100.000000
25,3,Sasha Pieterse,0.067529,6.752908,6.333333,存活,100000,100.000000
25,4,Jordan Fisher,0.120880,12.088004,9.666667,存活,16113,16.113000
25,4,Nick Lachey,0.118389,11.838901,7.333333,存活,16113,16.113000
25,4,Victoria Arlen,0.111331,11.133101,9.000000,存活,16113,16.113000
25,4,Lindsey Stirling,0.105076,10.507575,8.666667,存活,16113,16.113000
25,4,Frankie Muniz,0.102177,10.217719,8.000000,存活,16113,16.113000
25,4,Terrell Owens,0.100347,10.034727,8.000000,存活,16113,16.113000
25,4,Nikki Bella,0.100247,10.024727,8.000000,存活,16113,16.113000
25,4,Sasha Pieterse,0.081918,8.191757,8.000000,存活,16113,16.113000
25,4,Drew Scott,0.079022,7.902178,8.000000,存活,16113,16.113000
25,4,Vanessa Lachey,0.078555,7.855460,8.000000,存活,16113,16.113000
25,4,Derek Fisher,0.002059,0.205852,7.666667,淘汰,16113,16.113000
25,5,Jordan Fisher,0.126915,12.691496,10.000000,存活,15304,15.304000
25,5,Frankie Muniz,0.123552,12.355165,9.666667,存活,15304,15.304000
25,5,Nick Lachey,0.116317,11.631721,7.333333,存活,15304,15.304000
25,5,Lindsey Stirling,0.113875,11.387454,9.333333,存活,15304,15.304000
25,5,Nikki Bella,0.113024,11.302415,9.000000,存活,15304,15.304000
25,5,Victoria Arlen,0.112261,11.226095,9.000000,存活,15304,15.304000
25,5,Terrell Owens,0.105847,10.584695,8.333333,存活,15304,15.304000
25,5,Vanessa Lachey,0.094265,9.426486,8.000000,存活,15304,15.304000
25,5,Drew Scott,0.082477,8.247709,8.333333,存活,15304,15.304000
25,5,Sasha Pieterse,0.011468,1.146764,8.000000,淘汰,15304,15.304000
25,6,Jordan Fisher,0.143154,14.315412,9.750000,存活,31250,31.250000
25,6,Lindsey Stirling,0.140314,14.031449,10.000000,存活,31250,31.250000
25,6,Terrell Owens,0.134247,13.424733,9.250000,存活,31250,31.250000
25,6,Nikki Bella,0.130065,13.006507,9.000000,存活,31250,31.250000
25,6,Frankie Muniz,0.115064,11.506379,7.750000,存活,31250,31.250000
25,6,Victoria Arlen,0.113583,11.358293,7.750000,存活,31250,31.250000
25,6,Vanessa Lachey,0.102846,10.284585,9.000000,存活,31250,31.250000
25,6,Drew Scott,0.086668,8.666806,7.500000,存活,31250,31.250000
25,6,Nick Lachey,0.034058,3.405836,6.500000,淘汰,31250,31.250000
25,7,Frankie Muniz,0.157690,15.768980,10.000000,存活,45854,45.854000
25,7,Victoria Arlen,0.148004,14.800426,9.500000,存活,45854,45.854000
25,7,Jordan Fisher,0.142470,14.247036,9.000000,存活,45854,45.854000
25,7,Lindsey Stirling,0.136814,13.681424,8.500000,存活,45854,45.854000
25,7,Terrell Owens,0.135573,13.557321,8.166667,存活,45854,45.854000
25,7,Drew Scott,0.116725,11.672537,9.500000,存活,45854,45.854000
25,7,Vanessa Lachey,0.087343,8.734327,9.000000,淘汰,45854,45.854000
25,7,Nikki Bella,0.075379,7.537948,8.000000,淘汰,45854,45.854000
25,8,Victoria Arlen,0.226929,22.692858,8.000000,存活,12769,12.769000
25,8,Jordan Fisher,0.216161,21.616053,10.000000,存活,12769,12.769000
25,8,Frankie Muniz,0.192491,19.249077,8.833333,存活,12769,12.769000
25,8,Lindsey Stirling,0.186790,18.678981,9.000000,存活,12769,12.769000
25,8,Drew Scott,0.174332,17.433203,7.833333,存活,12769,12.769000
25,8,Terrell Owens,0.003298,0.329828,8.500000,淘汰,12769,12.769000
25,9,Frankie Muniz,0.297524,29.752413,8.500000,存活,12979,12.979000
25,9,Jordan Fisher,0.250030,25.003022,9.666667,存活,12979,12.979000
25,9,Lindsey Stirling,0.233312,23.331217,9.500000,存活,12979,12.979000
25,9,Drew Scott,0.215494,21.549427,8.000000,存活,12979,12.979000
25,9,Victoria Arlen,0.003639,0.363921,9.333333,淘汰,12979,12.979000
25,10,Jordan Fisher,0.271046,27.104591,10.000000,淘汰,100000,100.000000
25,10,Frankie Muniz,0.265169,26.516944,9.722175,淘汰,100000,100.000000
25,10,Lindsey Stirling,0.261314,26.131428,10.000000,淘汰,100000,100.000000
25,10,Drew Scott,0.202470,20.247038,9.375000,淘汰,100000,100.000000
26,1,Josh Norman,0.120139,12.013923,8.000000,存活,28940,28.940000
26,1,Adam Rippon,0.120083,12.008326,8.000000,存活,28940,28.940000
26,1,Tonya Harding,0.115562,11.556156,7.666667,存活,28940,28.940000
26,1,Mirai Nagasu,0.115552,11.555187,7.666667,存活,28940,28.940000
26,1,Kareem Abdul-Jabbar,0.109595,10.959463,5.666667,存活,28940,28.940000
26,1,Chris Mazdzer,0.105645,10.564533,7.000000,存活,28940,28.940000
26,1,Jennie Finch Daigle,0.105390,10.539015,7.000000,存活,28940,28.940000
26,1,Arike Ogunbowale,0.100618,10.061795,6.666667,存活,28940,28.940000
26,1,Jamie Anderson,0.054846,5.484574,6.333333,淘汰,28940,28.940000
26,1,Johnny Damon,0.052570,5.257028,6.000000,淘汰,28940,28.940000
26,2,Mirai Nagasu,0.144627,14.462733,9.250000,存活,43117,43.117000
26,2,Adam Rippon,0.144159,14.415868,9.250000,存活,43117,43.117000
26,2,Chris Mazdzer,0.135551,13.555140,8.250000,存活,43117,43.117000
26,2,Tonya Harding,0.134919,13.491856,8.250000,存活,43117,43.117000
26,2,Jennie Finch Daigle,0.129009,12.900894,7.875000,存活,43117,43.117000
26,2,Josh Norman,0.128523,12.852264,7.875000,存活,43117,43.117000
26,2,Arike Ogunbowale,0.118610,11.861038,8.750000,淘汰,43117,43.117000
26,2,Kareem Abdul-Jabbar,0.064602,6.460207,7.375000,淘汰,43117,43.117000
26,3,Adam Rippon,0.207795,20.779484,10.250000,存活,73604,73.604000
26,3,Josh Norman,0.193585,19.358457,9.500000,存活,73604,73.604000
26,3,Tonya Harding,0.182734,18.273430,8.750000,存活,73604,73.604000
26,3,Mirai Nagasu,0.151512,15.151228,8.750000,淘汰,73604,73.604000
26,3,Chris Mazdzer,0.139252,13.925166,8.250000,淘汰,73604,73.604000
26,3,Jennie Finch Daigle,0.125122,12.512235,7.250000,淘汰,73604,73.604000
26,4,Adam Rippon,0.336800,33.679973,9.666667,淘汰,100000,100.000000
26,4,Josh Norman,0.334061,33.406116,9.500000,淘汰,100000,100.000000
26,4,Tonya Harding,0.329139,32.913911,9.333333,淘汰,100000,100.000000
27,1,Tinashe,0.097799,9.779895,7.666667,存活,16189,16.189000
27,1,DeMarcus Ware,0.096910,9.691003,7.666667,存活,16189,16.189000
27,1,Alexis Ren,0.095628,9.562799,7.333333,存活,16189,16.189000
27,1,Milo Manheim,0.086122,8.612232,6.666667,存活,16189,16.189000
27,1,Nancy McKeon,0.085153,8.515276,6.500000,存活,16189,16.189000
27,1,Mary Lou Retton,0.084391,8.439101,6.666667,存活,16189,16.189000
27,1,Bobby Bones,0.082864,8.286378,6.666667,存活,16189,16.189000
27,1,John Schneider,0.078492,7.849242,6.000000,存活,16189,16.189000
27,1,Danelle Umstead,0.076783,7.678348,6.000000,存活,16189,16.189000
27,1,Juan Pablo Di Pace,0.076680,7.668019,7.333333,存活,16189,16.189000
27,1,Joe Amabile,0.074101,7.410139,4.666667,存活,16189,16.189000
27,1,Evanna Lynch,0.062400,6.239971,6.000000,存活,16189,16.189000
27,1,Nikki Glaser,0.002676,0.267598,5.833333,淘汰,16189,16.189000
27,2,Milo Manheim,0.105344,10.534390,8.666667,存活,16031,16.031000
27,2,Tinashe,0.104979,10.497944,8.666667,存活,16031,16.031000
27,2,Alexis Ren,0.100478,10.047792,8.166667,存活,16031,16.031000
27,2,DeMarcus Ware,0.094053,9.405327,7.833333,存活,16031,16.031000
27,2,Mary Lou Retton,0.092601,9.260094,7.666667,存活,16031,16.031000
27,2,John Schneider,0.087920,8.791963,7.166667,存活,16031,16.031000
27,2,Joe Amabile,0.087739,8.773899,5.833333,存活,16031,16.031000
27,2,Juan Pablo Di Pace,0.085177,8.517667,8.666667,存活,16031,16.031000
27,2,Nancy McKeon,0.083917,8.391669,6.833333,存活,16031,16.031000
27,2,Evanna Lynch,0.079140,7.914029,8.000000,存活,16031,16.031000
27,2,Bobby Bones,0.076203,7.620288,6.500000,存活,16031,16.031000
27,2,Danelle Umstead,0.002449,0.244937,6.166667,淘汰,16031,16.031000
27,3,Milo Manheim,0.109901,10.990128,9.000000,存活,12906,12.906000
27,3,John Schneider,0.109321,10.932130,7.000000,存活,12906,12.906000
27,3,Tinashe,0.107856,10.785554,9.000000,存活,12906,12.906000
27,3,Alexis Ren,0.106265,10.626519,8.666667,存活,12906,12.906000
27,3,DeMarcus Ware,0.103120,10.311991,8.666667,存活,12906,12.906000
27,3,Juan Pablo Di Pace,0.096916,9.691580,10.000000,存活,12906,12.906000
27,3,Mary Lou Retton,0.096345,9.634513,8.000000,存活,12906,12.906000
27,3,Joe Amabile,0.090090,9.008961,6.000000,存活,12906,12.906000
27,3,Bobby Bones,0.089593,8.959260,7.666667,存活,12906,12.906000
27,3,Evanna Lynch,0.088493,8.849344,9.000000,存活,12906,12.906000
27,3,Nancy McKeon,0.002100,0.210020,7.333333,淘汰,12906,12.906000
27,4,Alexis Ren,0.136067,13.606669,8.333333,存活,3777,3.777000
27,4,Mary Lou Retton,0.123105,12.310509,8.666667,存活,3777,3.777000
27,4,Milo Manheim,0.122155,12.215510,9.666667,存活,3777,3.777000
27,4,DeMarcus Ware,0.116306,11.630629,7.333333,存活,3777,3.777000
27,4,John Schneider,0.113135,11.313550,7.000000,存活,3777,3.777000
27,4,Juan Pablo Di Pace,0.103532,10.353242,8.000000,存活,3777,3.777000
27,4,Evanna Lynch,0.103498,10.349769,8.000000,存活,3777,3.777000
27,4,Bobby Bones,0.102638,10.263848,6.666667,存活,3777,3.777000
27,4,Joe Amabile,0.077741,7.774146,5.000000,存活,3777,3.777000
27,4,Tinashe,0.001821,0.182128,8.666667,淘汰,3777,3.777000
27,5,Alexis Ren,0.139034,13.903432,9.666667,存活,100000,100.000000
27,5,Milo Manheim,0.128400,12.839955,9.000000,存活,100000,100.000000
27,5,DeMarcus Ware,0.121420,12.141954,8.666667,存活,100000,100.000000
27,5,Mary Lou Retton,0.117318,11.731812,8.333333,存活,100000,100.000000
27,5,John Schneider,0.114944,11.494443,8.000000,存活,100000,100.000000
27,5,Juan Pablo Di Pace,0.110665,11.066510,9.666667,存活,100000,100.000000
27,5,Bobby Bones,0.096311,9.631150,7.000000,存活,100000,100.000000
27,5,Evanna Lynch,0.092434,9.243356,8.000000,存活,100000,100.000000
27,5,Joe Amabile,0.079474,7.947388,5.666667,存活,100000,100.000000
27,6,Milo Manheim,0.142326,14.232559,10.000000,存活,10351,10.351000
27,6,Alexis Ren,0.131236,13.123576,9.000000,存活,10351,10.351000
27,6,Joe Amabile,0.130301,13.030140,7.333333,存活,10351,10.351000
27,6,Bobby Bones,0.129038,12.903751,7.333333,存活,10351,10.351000
27,6,DeMarcus Ware,0.122173,12.217273,8.666667,存活,10351,10.351000
27,6,John Schneider,0.116997,11.699654,6.333333,存活,10351,10.351000
27,6,Juan Pablo Di Pace,0.114316,11.431621,10.000000,存活,10351,10.351000
27,6,Evanna Lynch,0.111377,11.137706,9.666667,存活,10351,10.351000
27,6,Mary Lou Retton,0.002237,0.223720,8.000000,淘汰,10351,10.351000
27,7,Bobby Bones,0.162214,16.221403,8.833333,存活,23842,23.842000
27,7,Joe Amabile,0.151120,15.111992,7.833333,存活,23842,23.842000
27,7,Milo Manheim,0.149317,14.931739,9.666667,存活,23842,23.842000
27,7,Alexis Ren,0.143163,14.316276,9.166667,存活,23842,23.842000
27,7,Evanna Lynch,0.122081,12.208083,9.833333,存活,23842,23.842000
27,7,Juan Pablo Di Pace,0.116312,11.631218,9.333333,存活,23842,23.842000
27,7,John Schneider,0.081995,8.199546,9.000000,淘汰,23842,23.842000
27,7,DeMarcus Ware,0.073797,7.379743,8.833333,淘汰,23842,23.842000
27,8,Alexis Ren,0.220952,22.095220,9.666667,存活,25069,25.069000
27,8,Milo Manheim,0.208122,20.812234,9.166667,存活,25069,25.069000
27,8,Bobby Bones,0.196033,19.603260,7.500000,存活,25069,25.069000
27,8,Evanna Lynch,0.176421,17.642072,9.666667,存活,25069,25.069000
27,8,Juan Pablo Di Pace,0.133308,13.330777,10.000000,淘汰,25069,25.069000
27,8,Joe Amabile,0.065164,6.516438,7.666667,淘汰,25069,25.069000
27,9,Milo Manheim,0.272677,27.267662,10.000000,淘汰,100000,100.000000
27,9,Alexis Ren,0.263428,26.342801,9.500000,淘汰,100000,100.000000
27,9,Bobby Bones,0.238573,23.857265,9.000000,淘汰,100000,100.000000
27,9,Evanna Lynch,0.225323,22.532273,10.000000,淘汰,100000,100.000000
28,1,James Van Der Beek,0.107183,10.718343,7.000000,存活,100000,100.000000
28,1,Hannah Brown,0.098744,9.874367,6.666667,存活,100000,100.000000
28,1,Lauren Alaina,0.096724,9.672363,6.333333,存活,100000,100.000000
28,1,Sailor Brinkley-Cook,0.090297,9.029722,6.000000,存活,100000,100.000000
28,1,Mary Wilson,0.086928,8.692756,5.666667,存活,100000,100.000000
28,1,Karamo Brown,0.084607,8.460741,5.666667,存活,100000,100.000000
28,1,Kel Mitchell,0.082900,8.290039,5.333333,存活,100000,100.000000
28,1,Ally Brooke,0.082193,8.219263,5.333333,存活,100000,100.000000
28,1,Kate Flannery,0.077902,7.790189,5.000000,存活,100000,100.000000
28,1,Ray Lewis,0.076663,7.666317,5.000000,存活,100000,100.000000
28,1,Sean Spicer,0.058974,5.897393,4.000000,存活,100000,100.000000
28,1,Lamar Odom,0.056885,5.688509,3.666667,存活,100000,100.000000
28,2,Hannah Brown,0.113397,11.339682,8.000000,存活,19831,19.831000
28,2,Kate Flannery,0.104526,10.452569,7.000000,存活,19831,19.831000
28,2,James Van Der Beek,0.099882,9.988229,6.666667,存活,19831,19.831000
28,2,Kel Mitchell,0.099324,9.932375,6.666667,存活,19831,19.831000
28,2,Ally Brooke,0.098043,9.804317,6.666667,存活,19831,19.831000
28,2,Lauren Alaina,0.094088,9.408847,6.333333,存活,19831,19.831000
28,2,Karamo Brown,0.090946,9.094633,6.333333,存活,19831,19.831000
28,2,Sailor Brinkley-Cook,0.087425,8.742529,6.000000,存活,19831,19.831000
28,2,Sean Spicer,0.074819,7.481897,5.333333,存活,19831,19.831000
28,2,Mary Wilson,0.074281,7.428130,5.000000,淘汰,19831,19.831000
28,2,Lamar Odom,0.059615,5.961544,4.000000,存活,19831,19.831000
28,2,Ray Lewis,0.003652,0.365249,5.000000,淘汰,19831,19.831000
28,3,Kate Flannery,0.122548,12.254755,8.000000,存活,100000,100.000000
28,3,Ally Brooke,0.121613,12.161288,8.000000,存活,100000,100.000000
28,3,James Van Der Beek,0.117478,11.747754,7.666667,存活,100000,100.000000
28,3,Sailor Brinkley-Cook,0.114310,11.431013,7.666667,存活,100000,100.000000
28,3,Hannah Brown,0.103744,10.374421,7.000000,存活,100000,100.000000
28,3,Kel Mitchell,0.102659,10.265935,6.666667,存活,100000,100.000000
28,3,Lauren Alaina,0.102279,10.227860,6.666667,存活,100000,100.000000
28,3,Karamo Brown,0.080197,8.019706,5.333333,存活,100000,100.000000
28,3,Sean Spicer,0.073175,7.317477,5.000000,存活,100000,100.000000
28,3,Lamar Odom,0.061998,6.199792,4.000000,存活,100000,100.000000
28,4,Kel Mitchell,0.113107,11.310692,8.000000,存活,88877,88.877000
28,4,Lauren Alaina,0.112810,11.281002,8.000000,存活,88877,88.877000
28,4,Ally Brooke,0.112373,11.237326,8.000000,存活,88877,88.877000
28,4,Hannah Brown,0.109297,10.929711,8.000000,存活,88877,88.877000
28,4,Sailor Brinkley-Cook,0.106831,10.683148,7.750000,存活,88877,88.877000
28,4,Kate Flannery,0.105287,10.528669,6.500000,存活,88877,88.877000
28,4,James Van Der Beek,0.100698,10.069779,7.000000,存活,88877,88.877000
28,4,Karamo Brown,0.097014,9.701357,7.000000,存活,88877,88.877000
28,4,Sean Spicer,0.073076,7.307564,5.250000,存活,88877,88.877000
28,4,Lamar Odom,0.069508,6.950751,5.000000,淘汰,88877,88.877000
28,5,Ally Brooke,0.126108,12.610829,9.000000,存活,100000,100.000000
28,5,Kel Mitchell,0.122901,12.290117,8.666667,存活,100000,100.000000
28,5,James Van Der Beek,0.122872,12.287203,8.666667,存活,100000,100.000000
28,5,Kate Flannery,0.113945,11.394495,8.000000,存活,100000,100.000000
28,5,Hannah Brown,0.113834,11.383383,8.333333,存活,100000,100.000000
28,5,Sailor Brinkley-Cook,0.110765,11.076504,8.000000,存活,100000,100.000000
28,5,Lauren Alaina,0.108260,10.826037,7.666667,存活,100000,100.000000
28,5,Karamo Brown,0.096318,9.631767,7.000000,存活,100000,100.000000
28,5,Sean Spicer,0.084997,8.499666,6.333333,存活,100000,100.000000
28,6,Kate Flannery,0.111111,11.111111,9.000000,存活,0,0.000000
28,6,James Van Der Beek,0.111111,11.111111,9.000000,存活,0,0.000000
28,6,Kel Mitchell,0.111111,11.111111,8.666667,存活,0,0.000000
28,6,Sailor Brinkley-Cook,0.111111,11.111111,9.000000,淘汰,0,0.000000
28,6,Sean Spicer,0.111111,11.111111,7.000000,存活,0,0.000000
28,6,Lauren Alaina,0.111111,11.111111,8.666667,存活,0,0.000000
28,6,Ally Brooke,0.111111,11.111111,8.333333,存活,0,0.000000
28,6,Karamo Brown,0.111111,11.111111,8.333333,存活,0,0.000000
28,6,Hannah Brown,0.111111,11.111111,8.000000,存活,0,0.000000
28,7,Lauren Alaina,0.192845,19.284485,9.000000,存活,672,0.672000
28,7,Ally Brooke,0.181540,18.153984,9.000000,存活,672,0.672000
28,7,James Van Der Beek,0.166836,16.683641,9.000000,存活,672,0.672000
28,7,Hannah Brown,0.158517,15.851700,8.666667,存活,672,0.672000
28,7,Sean Spicer,0.152272,15.227221,7.000000,存活,672,0.672000
28,7,Kel Mitchell,0.073181,7.318108,8.500000,存活,672,0.672000
28,7,Kate Flannery,0.071476,7.147560,8.000000,存活,672,0.672000
28,7,Karamo Brown,0.003333,0.333300,8.166667,淘汰,672,0.672000
28,8,James Van Der Beek,0.222414,22.241432,10.666600,存活,3690,3.690000
28,8,Kel Mitchell,0.214508,21.450758,9.999933,存活,3690,3.690000
28,8,Ally Brooke,0.214358,21.435802,10.000000,存活,3690,3.690000
28,8,Hannah Brown,0.207867,20.786718,10.333267,存活,3690,3.690000
28,8,Sean Spicer,0.134273,13.427323,6.666667,存活,3690,3.690000
28,8,Lauren Alaina,0.003411,0.341095,8.000000,存活,3690,3.690000
28,8,Kate Flannery,0.003169,0.316871,8.666600,淘汰,3690,3.690000
28,9,Ally Brooke,0.186912,18.691202,10.000000,存活,96392,96.392000
28,9,Kel Mitchell,0.179158,17.915840,9.250000,存活,96392,96.392000
28,9,James Van Der Beek,0.177890,17.789003,9.000000,存活,96392,96.392000
28,9,Lauren Alaina,0.173812,17.381204,8.750000,存活,96392,96.392000
28,9,Hannah Brown,0.167690,16.768963,8.875000,存活,96392,96.392000
28,9,Sean Spicer,0.114538,11.453789,6.250000,淘汰,96392,96.392000
28,10,Ally Brooke,0.211077,21.107711,9.833333,存活,92618,92.618000
28,10,Lauren Alaina,0.208834,20.883404,9.000000,存活,92618,92.618000
28,10,Kel Mitchell,0.208188,20.818765,9.500000,存活,92618,92.618000
28,10,Hannah Brown,0.190393,19.039319,9.000000,存活,92618,92.618000
28,10,James Van Der Beek,0.181508,18.150801,8.500000,淘汰,92618,92.618000
28,11,Ally Brooke,0.256220,25.622026,10.000000,淘汰,100000,100.000000
28,11,Kel Mitchell,0.255483,25.548335,9.833333,淘汰,100000,100.000000
28,11,Lauren Alaina,0.245694,24.569361,9.500000,淘汰,100000,100.000000
28,11,Hannah Brown,0.242603,24.260279,9.666667,淘汰,100000,100.000000
29,1,Justina Machado,0.083030,8.303029,7.000000,存活,100000,100.000000
29,1,Skai Jackson,0.083002,8.300170,7.000000,存活,100000,100.000000
29,1,Nev Schulman,0.075513,7.551296,6.666667,存活,100000,100.000000
29,1,Monica Aldama,0.072373,7.237337,6.333333,存活,100000,100.000000
29,1,Jesse Metcalfe,0.071497,7.149692,6.000000,存活,100000,100.000000
29,1,Anne Heche,0.071342,7.134177,6.000000,存活,100000,100.000000
29,1,AJ McLean,0.071018,7.101825,6.000000,存活,100000,100.000000
29,1,Johnny Weir,0.070090,7.009042,6.000000,存活,100000,100.000000
29,1,Jeannie Mai,0.068824,6.882380,6.000000,存活,100000,100.000000
29,1,Veron Davis,0.066245,6.624528,5.666667,存活,100000,100.000000
29,1,Nelly,0.063282,6.328187,5.333333,存活,100000,100.000000
29,1,Kaitlyn Bristowe,0.061024,6.102438,6.666667,存活,100000,100.000000
29,1,Chrishell Stause,0.052353,5.235342,4.333333,存活,100000,100.000000
29,1,Charles Oakley,0.047520,4.752006,4.000000,存活,100000,100.000000
29,1,Carole Baskin,0.042886,4.288550,3.666667,存活,100000,100.000000
29,2,Justina Machado,0.076975,7.697484,7.000000,存活,21068,21.068000
29,2,Jesse Metcalfe,0.073591,7.359078,6.666667,存活,21068,21.068000
29,2,Nev Schulman,0.073551,7.355131,7.000000,存活,21068,21.068000
29,2,Skai Jackson,0.071593,7.159265,5.000000,存活,21068,21.068000
29,2,AJ McLean,0.069677,6.967669,6.333333,存活,21068,21.068000
29,2,Anne Heche,0.068820,6.881988,6.000000,存活,21068,21.068000
29,2,Chrishell Stause,0.067349,6.734899,6.000000,存活,21068,21.068000
29,2,Nelly,0.066887,6.688651,6.000000,存活,21068,21.068000
29,2,Johnny Weir,0.065623,6.562340,6.000000,存活,21068,21.068000
29,2,Veron Davis,0.065457,6.545695,6.000000,存活,21068,21.068000
29,2,Jeannie Mai,0.064425,6.442486,6.000000,存活,21068,21.068000
29,2,Kaitlyn Bristowe,0.062256,6.225613,7.333333,存活,21068,21.068000
29,2,Monica Aldama,0.062140,6.214003,5.333333,存活,21068,21.068000
29,2,Carole Baskin,0.062034,6.203391,5.333333,存活,21068,21.068000
29,2,Charles Oakley,0.049623,4.962306,5.000000,淘汰,21068,21.068000
29,3,Johnny Weir,0.084649,8.464909,8.000000,存活,78291,78.291000
29,3,Nev Schulman,0.082356,8.235577,8.000000,存活,78291,78.291000
29,3,Chrishell Stause,0.079442,7.944181,7.333333,存活,78291,78.291000
29,3,Veron Davis,0.078020,7.802034,7.333333,存活,78291,78.291000
29,3,Jeannie Mai,0.076266,7.626648,7.333333,存活,78291,78.291000
29,3,AJ McLean,0.074966,7.496567,7.000000,存活,78291,78.291000
29,3,Monica Aldama,0.073120,7.312045,7.000000,存活,78291,78.291000
29,3,Jesse Metcalfe,0.072697,7.269697,6.666667,存活,78291,78.291000
29,3,Justina Machado,0.069607,6.960687,6.333333,存活,78291,78.291000
29,3,Anne Heche,0.068861,6.886123,5.000000,存活,78291,78.291000
29,3,Skai Jackson,0.067116,6.711605,6.000000,存活,78291,78.291000
29,3,Nelly,0.066060,6.606031,6.000000,存活,78291,78.291000
29,3,Kaitlyn Bristowe,0.064357,6.435690,7.666667,存活,78291,78.291000
29,3,Carole Baskin,0.042482,4.248206,4.000000,淘汰,78291,78.291000
29,4,Skai Jackson,0.095541,9.554075,9.333333,存活,53145,53.145000
29,4,Jesse Metcalfe,0.083778,8.377794,7.000000,存活,53145,53.145000
29,4,Justina Machado,0.082260,8.225975,8.000000,存活,53145,53.145000
29,4,AJ McLean,0.081379,8.137891,8.000000,存活,53145,53.145000
29,4,Johnny Weir,0.081031,8.103096,8.000000,存活,53145,53.145000
29,4,Monica Aldama,0.079369,7.936941,8.000000,存活,53145,53.145000
29,4,Nev Schulman,0.078505,7.850480,8.000000,存活,53145,53.145000
29,4,Nelly,0.078319,7.831862,7.000000,存活,53145,53.145000
29,4,Chrishell Stause,0.076909,7.690878,7.333333,存活,53145,53.145000
29,4,Veron Davis,0.074199,7.419874,7.333333,存活,53145,53.145000
29,4,Jeannie Mai,0.070190,7.018950,7.000000,存活,53145,53.145000
29,4,Kaitlyn Bristowe,0.063278,6.327831,8.333333,存活,53145,53.145000
29,4,Anne Heche,0.055244,5.524352,7.000000,淘汰,53145,53.145000
29,5,Johnny Weir,0.102160,10.216038,9.666667,存活,97549,97.549000
29,5,Monica Aldama,0.089804,8.980421,8.666667,存活,97549,97.549000
29,5,Nev Schulman,0.089162,8.916222,8.666667,存活,97549,97.549000
29,5,Skai Jackson,0.087712,8.771169,8.000000,存活,97549,97.549000
29,5,Justina Machado,0.087376,8.737620,8.000000,存活,97549,97.549000
29,5,Nelly,0.086236,8.623562,8.000000,存活,97549,97.549000
29,5,AJ McLean,0.086137,8.613693,8.000000,存活,97549,97.549000
29,5,Jeannie Mai,0.083499,8.349944,8.000000,存活,97549,97.549000
29,5,Kaitlyn Bristowe,0.075047,7.504730,9.000000,存活,97549,97.549000
29,5,Veron Davis,0.074879,7.487898,7.000000,存活,97549,97.549000
29,5,Chrishell Stause,0.069280,6.928026,6.333333,存活,97549,97.549000
29,5,Jesse Metcalfe,0.068707,6.870678,6.333333,淘汰,97549,97.549000
29,6,AJ McLean,0.121928,12.192832,9.000000,存活,571,0.571000
29,6,Justina Machado,0.120466,12.046648,9.000000,存活,571,0.571000
29,6,Nev Schulman,0.118875,11.887473,8.666667,存活,571,0.571000
29,6,Monica Aldama,0.116612,11.661193,9.000000,存活,571,0.571000
29,6,Chrishell Stause,0.114450,11.445015,8.000000,存活,571,0.571000
29,6,Nelly,0.112471,11.247108,8.000000,存活,571,0.571000
29,6,Jeannie Mai,0.110665,11.066490,8.333333,存活,571,0.571000
29,6,Kaitlyn Bristowe,0.097131,9.713077,9.000000,存活,571,0.571000
29,6,Skai Jackson,0.082621,8.262102,6.000000,存活,571,0.571000
29,6,Johnny Weir,0.002411,0.241108,7.333333,存活,571,0.571000
29,6,Veron Davis,0.002370,0.236955,7.000000,淘汰,571,0.571000
29,7,Nev Schulman,0.121444,12.144354,10.000000,存活,19282,19.282000
29,7,Skai Jackson,0.114402,11.440163,9.000000,存活,19282,19.282000
29,7,Nelly,0.113973,11.397308,9.000000,存活,19282,19.282000
29,7,Johnny Weir,0.113813,11.381253,9.000000,存活,19282,19.282000
29,7,Chrishell Stause,0.109129,10.912867,8.666667,存活,19282,19.282000
29,7,Justina Machado,0.108596,10.859582,8.666667,存活,19282,19.282000
29,7,AJ McLean,0.108395,10.839460,8.666667,存活,19282,19.282000
29,7,Kaitlyn Bristowe,0.101860,10.186022,8.000000,存活,19282,19.282000
29,7,Jeannie Mai,0.083534,8.353432,8.333333,淘汰,19282,19.282000
29,7,Monica Aldama,0.024856,2.485558,7.333333,淘汰,19282,19.282000
29,8,Johnny Weir,0.149981,14.998126,10.000000,存活,12673,12.673000
29,8,Justina Machado,0.148721,14.872062,9.666600,存活,12673,12.673000
29,8,Skai Jackson,0.145428,14.542824,8.999933,存活,12673,12.673000
29,8,Nelly,0.145054,14.505419,8.000000,存活,12673,12.673000
29,8,Nev Schulman,0.144787,14.478669,10.000000,存活,12673,12.673000
29,8,Kaitlyn Bristowe,0.133519,13.351901,9.333333,存活,12673,12.673000
29,8,AJ McLean,0.130347,13.034677,9.000000,存活,12673,12.673000
29,8,Chrishell Stause,0.002163,0.216322,9.000000,淘汰,12673,12.673000
29,9,Justina Machado,0.179723,17.972275,8.666600,存活,23877,23.877000
29,9,Skai Jackson,0.171983,17.198334,9.666600,存活,23877,23.877000
29,9,Johnny Weir,0.165452,16.545185,10.000000,存活,23877,23.877000
29,9,Nev Schulman,0.156334,15.633359,9.666600,存活,23877,23.877000
29,9,Nelly,0.149218,14.921782,8.000000,存活,23877,23.877000
29,9,Kaitlyn Bristowe,0.128585,12.858499,10.000000,存活,23877,23.877000
29,9,AJ McLean,0.048706,4.870567,8.333267,淘汰,23877,23.877000
29,10,Nelly,0.211268,21.126767,9.333333,存活,44110,44.110000
29,10,Justina Machado,0.189699,18.969854,9.666667,存活,44110,44.110000
29,10,Nev Schulman,0.179998,17.999809,10.000000,存活,44110,44.110000
29,10,Kaitlyn Bristowe,0.149204,14.920362,10.000000,存活,44110,44.110000
29,10,Johnny Weir,0.147675,14.767524,9.500000,淘汰,44110,44.110000
29,10,Skai Jackson,0.122157,12.215683,9.500000,淘汰,44110,44.110000
29,11,Justina Machado,0.269491,26.949133,10.000000,淘汰,100000,100.000000
29,11,Nev Schulman,0.259271,25.927112,10.000000,淘汰,100000,100.000000
29,11,Nelly,0.256789,25.678935,9.500000,淘汰,100000,100.000000
29,11,Kaitlyn Bristowe,0.214448,21.444820,10.000000,淘汰,100000,100.000000
30,1,JoJo Siwa,0.083056,8.305605,7.250000,存活,100000,100.000000
30,1,Suni Lee,0.078182,7.818171,7.000000,存活,100000,100.000000
30,1,Amanda Kloots,0.076662,7.666240,7.000000,存活,100000,100.000000
30,1,Melora Hardin,0.074208,7.420810,6.500000,存活,100000,100.000000
30,1,Olivia Jade,0.071903,7.190321,6.250000,存活,100000,100.000000
30,1,Kenya Moore,0.071429,7.142867,6.500000,存活,100000,100.000000
30,1,Brian Austin Green,0.068319,6.831933,6.000000,存活,100000,100.000000
30,1,Matt James,0.067307,6.730680,6.000000,存活,100000,100.000000
30,1,"Mike ""The Miz"" Mizanin",0.067246,6.724602,6.000000,存活,100000,100.000000
30,1,Cody Rigsby,0.065797,6.579715,6.000000,存活,100000,100.000000
30,1,Jimmie Allen,0.062547,6.254731,5.500000,存活,100000,100.000000
30,1,Melanie C,0.060962,6.096161,6.750000,存活,100000,100.000000
30,1,Iman Shumpert,0.059174,5.917351,5.250000,存活,100000,100.000000
30,1,Christine Chiu,0.055186,5.518563,6.250000,存活,100000,100.000000
30,1,Martin Kove,0.038023,3.802251,3.250000,存活,100000,100.000000
30,2,JoJo Siwa,0.084195,8.419511,7.750000,存活,95777,95.777000
30,2,Amanda Kloots,0.081987,8.198669,8.000000,存活,95777,95.777000
30,2,Suni Lee,0.074232,7.423150,7.000000,存活,95777,95.777000
30,2,Olivia Jade,0.073808,7.380784,6.750000,存活,95777,95.777000
30,2,Melora Hardin,0.072974,7.297394,6.750000,存活,95777,95.777000
30,2,Jimmie Allen,0.072282,7.228214,6.750000,存活,95777,95.777000
30,2,"Mike ""The Miz"" Mizanin",0.068934,6.893423,6.500000,存活,95777,95.777000
30,2,Iman Shumpert,0.066595,6.659540,6.250000,存活,95777,95.777000
30,2,Melanie C,0.063692,6.369216,7.500000,存活,95777,95.777000
30,2,Brian Austin Green,0.063400,6.339970,5.750000,存活,95777,95.777000
30,2,Cody Rigsby,0.062992,6.299234,6.000000,存活,95777,95.777000
30,2,Kenya Moore,0.062856,6.285572,6.000000,存活,95777,95.777000
30,2,Matt James,0.059423,5.942268,5.500000,存活,95777,95.777000
30,2,Christine Chiu,0.051651,5.165085,6.000000,存活,95777,95.777000
30,2,Martin Kove,0.040980,4.097970,3.750000,淘汰,95777,95.777000
30,3,Cody Rigsby,0.107313,10.731267,6.000000,存活,369,0.369000
30,3,Brian Austin Green,0.091627,9.162744,6.333333,存活,369,0.369000
30,3,Melanie C,0.089013,8.901319,7.333333,存活,369,0.369000
30,3,Olivia Jade,0.078794,7.879444,8.000000,存活,369,0.369000
30,3,Amanda Kloots,0.076462,7.646167,8.000000,存活,369,0.369000
30,3,JoJo Siwa,0.075427,7.542685,8.000000,存活,369,0.369000
30,3,Melora Hardin,0.073822,7.382151,7.666667,存活,369,0.369000
30,3,"Mike ""The Miz"" Mizanin",0.070548,7.054797,7.333333,存活,369,0.369000
30,3,Iman Shumpert,0.070197,7.019677,6.333333,存活,369,0.369000
30,3,Jimmie Allen,0.069740,6.973967,6.666667,存活,369,0.369000
30,3,Matt James,0.066445,6.644495,6.666667,存活,369,0.369000
30,3,Suni Lee,0.066009,6.600887,7.000000,存活,369,0.369000
30,3,Kenya Moore,0.062358,6.235787,7.000000,存活,369,0.369000
30,3,Christine Chiu,0.002246,0.224612,7.000000,淘汰,369,0.369000
30,4,Melora Hardin,0.089681,8.968145,9.125000,存活,98661,98.661000
30,4,Olivia Jade,0.087089,8.708915,8.750000,存活,98661,98.661000
30,4,JoJo Siwa,0.086923,8.692311,8.750000,存活,98661,98.661000
30,4,Suni Lee,0.082042,8.204192,8.500000,存活,98661,98.661000
30,4,Amanda Kloots,0.080758,8.075840,8.500000,存活,98661,98.661000
30,4,Jimmie Allen,0.079539,7.953930,8.125000,存活,98661,98.661000
30,4,"Mike ""The Miz"" Mizanin",0.078554,7.855354,8.125000,存活,98661,98.661000
30,4,Iman Shumpert,0.076790,7.679008,7.875000,存活,98661,98.661000
30,4,Kenya Moore,0.070610,7.061010,7.375000,存活,98661,98.661000
30,4,Cody Rigsby,0.069776,6.977626,7.250000,存活,98661,98.661000
30,4,Matt James,0.069306,6.930629,7.125000,淘汰,98661,98.661000
30,4,Melanie C,0.064598,6.459798,8.250000,存活,98661,98.661000
30,4,Brian Austin Green,0.064332,6.433242,6.500000,淘汰,98661,98.661000
30,5,Olivia Jade,0.148533,14.853312,9.000000,存活,34,0.034000
30,5,Jimmie Allen,0.144947,14.494716,8.500000,存活,34,0.034000
30,5,Iman Shumpert,0.136932,13.693241,7.000000,存活,34,0.034000
30,5,Cody Rigsby,0.100514,10.051404,8.000000,存活,34,0.034000
30,5,"Mike ""The Miz"" Mizanin",0.086049,8.604893,8.000000,存活,34,0.034000
30,5,Amanda Kloots,0.084995,8.499491,9.750000,存活,34,0.034000
30,5,JoJo Siwa,0.084561,8.456070,10.000000,存活,34,0.034000
30,5,Kenya Moore,0.072742,7.274150,9.000000,存活,34,0.034000
30,5,Melora Hardin,0.069825,6.982459,9.000000,存活,34,0.034000
30,5,Suni Lee,0.067954,6.795436,9.000000,存活,34,0.034000
30,5,Melanie C,0.002948,0.294828,9.000000,淘汰,34,0.034000
30,6,Melora Hardin,0.115584,11.558380,8.500000,存活,79130,79.130000
30,6,JoJo Siwa,0.109098,10.909809,10.000000,存活,79130,79.130000
30,6,Iman Shumpert,0.106157,10.615656,10.000000,存活,79130,79.130000
30,6,Jimmie Allen,0.101863,10.186328,9.500000,存活,79130,79.130000
30,6,Olivia Jade,0.100730,10.072981,9.000000,存活,79130,79.130000
30,6,Amanda Kloots,0.098936,9.893553,9.500000,存活,79130,79.130000
30,6,Suni Lee,0.097905,9.790517,9.000000,存活,79130,79.130000
30,6,Cody Rigsby,0.094652,9.465218,9.000000,存活,79130,79.130000
30,6,"Mike ""The Miz"" Mizanin",0.093115,9.311542,8.500000,存活,79130,79.130000
30,6,Kenya Moore,0.081960,8.196016,8.000000,淘汰,79130,79.130000
30,7,Olivia Jade,0.129256,12.925601,10.500000,存活,92654,92.654000
30,7,JoJo Siwa,0.120281,12.028063,9.750000,存活,92654,92.654000
30,7,Melora Hardin,0.116316,11.631578,9.500000,存活,92654,92.654000
30,7,Jimmie Allen,0.115364,11.536351,9.500000,存活,92654,92.654000
30,7,Suni Lee,0.109479,10.947942,8.500000,存活,92654,92.654000
30,7,Cody Rigsby,0.106854,10.685360,9.000000,存活,92654,92.654000
30,7,Iman Shumpert,0.105177,10.517653,8.500000,存活,92654,92.654000
30,7,Amanda Kloots,0.101787,10.178684,8.500000,存活,92654,92.654000
30,7,"Mike ""The Miz"" Mizanin",0.095488,9.548769,8.000000,淘汰,92654,92.654000
30,8,Iman Shumpert,0.141248,14.124832,8.750000,存活,78378,78.378000
30,8,Melora Hardin,0.133453,13.345316,10.500000,存活,78378,78.378000
30,8,JoJo Siwa,0.131965,13.196547,10.250000,存活,78378,78.378000
30,8,Suni Lee,0.130871,13.087094,10.500000,存活,78378,78.378000
30,8,Amanda Kloots,0.128201,12.820055,10.500000,存活,78378,78.378000
30,8,Cody Rigsby,0.117193,11.719336,9.500000,存活,78378,78.378000
30,8,Olivia Jade,0.116254,11.625355,9.000000,淘汰,78378,78.378000
30,8,Jimmie Allen,0.100815,10.081464,8.000000,淘汰,78378,78.378000
30,9,Cody Rigsby,0.206941,20.694102,8.875000,存活,26425,26.425000
30,9,JoJo Siwa,0.194012,19.401236,10.000000,存活,26425,26.425000
30,9,Amanda Kloots,0.186758,18.675796,9.875000,存活,26425,26.425000
30,9,Iman Shumpert,0.172056,17.205647,9.375000,存活,26425,26.425000
30,9,Suni Lee,0.164765,16.476490,9.375000,淘汰,26425,26.425000
30,9,Melora Hardin,0.075467,7.546729,9.000000,淘汰,26425,26.425000
30,10,JoJo Siwa,0.260928,26.092791,10.000000,淘汰,100000,100.000000
30,10,Iman Shumpert,0.254375,25.437514,10.000000,淘汰,100000,100.000000
30,10,Amanda Kloots,0.245654,24.565365,9.750000,淘汰,100000,100.000000
30,10,Cody Rigsby,0.239043,23.904331,9.500000,淘汰,100000,100.000000
31,1,Charli D'Amelio,0.088066,8.806572,8.000000,存活,16259,16.259000
31,1,Selma Blair,0.076991,7.699144,7.000000,存活,16259,16.259000
31,1,Wayne Brady,0.076568,7.656841,7.250000,存活,16259,16.259000
31,1,Daniel Durant,0.074413,7.441337,6.750000,存活,16259,16.259000
31,1,Gabby Windey,0.074290,7.429049,7.000000,存活,16259,16.259000
31,1,Shangela,0.074092,7.409171,7.000000,存活,16259,16.259000
31,1,Jordin Sparks,0.071505,7.150497,6.500000,存活,16259,16.259000
31,1,Heidi D'Amelio,0.067498,6.749792,6.000000,存活,16259,16.259000
31,1,Joseph Baena,0.064654,6.465396,5.750000,存活,16259,16.259000
31,1,Trevor Donovan,0.060254,6.025406,5.250000,存活,16259,16.259000
31,1,Cheryl Ladd,0.060007,6.000711,5.250000,存活,16259,16.259000
31,1,Sam Champion,0.056685,5.668473,5.000000,存活,16259,16.259000
31,1,Teresa Giudice,0.055192,5.519218,5.000000,存活,16259,16.259000
31,1,Vinny Guadagnino,0.049096,4.909622,4.250000,存活,16259,16.259000
31,1,Jessie James Decker,0.047536,4.753623,5.000000,存活,16259,16.259000
31,1,Jason Lewis,0.003151,0.315146,4.500000,淘汰,16259,16.259000
31,2,Charli D'Amelio,0.081459,8.145930,8.000000,存活,10748,10.748000
31,2,Wayne Brady,0.079090,7.909005,8.000000,存活,10748,10.748000
31,2,Gabby Windey,0.078625,7.862490,8.000000,存活,10748,10.748000
31,2,Trevor Donovan,0.076122,7.612180,7.500000,存活,10748,10.748000
31,2,Daniel Durant,0.074489,7.448864,7.250000,存活,10748,10.748000
31,2,Selma Blair,0.072318,7.231834,7.000000,存活,10748,10.748000
31,2,Heidi D'Amelio,0.072027,7.202709,7.000000,存活,10748,10.748000
31,2,Shangela,0.068996,6.899577,7.000000,存活,10748,10.748000
31,2,Jordin Sparks,0.068981,6.898134,6.750000,存活,10748,10.748000
31,2,Vinny Guadagnino,0.066525,6.652524,6.750000,存活,10748,10.748000
31,2,Cheryl Ladd,0.065852,6.585224,5.250000,存活,10748,10.748000
31,2,Joseph Baena,0.065595,6.559512,6.000000,存活,10748,10.748000
31,2,Sam Champion,0.064179,6.417940,6.500000,存活,10748,10.748000
31,2,Jessie James Decker,0.063620,6.361997,6.250000,存活,10748,10.748000
31,2,Teresa Giudice,0.002121,0.212082,5.750000,淘汰,10748,10.748000
31,3,Charli D'Amelio,0.087233,8.723334,8.250000,存活,16721,16.721000
31,3,Heidi D'Amelio,0.085695,8.569508,8.000000,存活,16721,16.721000
31,3,Wayne Brady,0.083747,8.374739,8.250000,存活,16721,16.721000
31,3,Gabby Windey,0.083314,8.331426,8.250000,存活,16721,16.721000
31,3,Daniel Durant,0.082330,8.232987,7.750000,存活,16721,16.721000
31,3,Shangela,0.077671,7.767056,7.500000,存活,16721,16.721000
31,3,Joseph Baena,0.077220,7.721980,7.250000,存活,16721,16.721000
31,3,Jordin Sparks,0.077040,7.703981,7.250000,存活,16721,16.721000
31,3,Selma Blair,0.074893,7.489337,7.000000,存活,16721,16.721000
31,3,Trevor Donovan,0.072784,7.278417,6.750000,存活,16721,16.721000
31,3,Sam Champion,0.065624,6.562434,6.250000,存活,16721,16.721000
31,3,Vinny Guadagnino,0.065331,6.533115,5.750000,存活,16721,16.721000
31,3,Jessie James Decker,0.061616,6.161590,6.500000,存活,16721,16.721000
31,3,Cheryl Ladd,0.005501,0.550097,6.000000,淘汰,16721,16.721000
31,4,Charli D'Amelio,0.089168,8.916775,9.000000,存活,76774,76.774000
31,4,Joseph Baena,0.087000,8.699957,7.000000,存活,76774,76.774000
31,4,Gabby Windey,0.084959,8.495869,9.000000,存活,76774,76.774000
31,4,Wayne Brady,0.084881,8.488074,9.000000,存活,76774,76.774000
31,4,Heidi D'Amelio,0.084362,8.436169,8.500000,存活,76774,76.774000
31,4,Jordin Sparks,0.082780,8.278034,8.500000,存活,76774,76.774000
31,4,Selma Blair,0.078725,7.872539,8.000000,存活,76774,76.774000
31,4,Shangela,0.075930,7.592952,8.000000,存活,76774,76.774000
31,4,Trevor Donovan,0.072294,7.229425,7.000000,存活,76774,76.774000
31,4,Daniel Durant,0.071947,7.194706,7.250000,存活,76774,76.774000
31,4,Vinny Guadagnino,0.069172,6.917238,7.250000,存活,76774,76.774000
31,4,Jessie James Decker,0.060716,6.071639,7.750000,存活,76774,76.774000
31,4,Sam Champion,0.058066,5.806623,6.250000,淘汰,76774,76.774000
31,5,Charli D'Amelio,0.103850,10.384954,10.500000,存活,12327,12.327000
31,5,Selma Blair,0.098096,9.809571,10.000000,淘汰,12327,12.327000
31,5,Heidi D'Amelio,0.097174,9.717376,9.750000,存活,12327,12.327000
31,5,Gabby Windey,0.096844,9.684420,10.250000,存活,12327,12.327000
31,5,Wayne Brady,0.096364,9.636395,10.250000,存活,12327,12.327000
31,5,Shangela,0.089847,8.984692,9.625000,存活,12327,12.327000
31,5,Trevor Donovan,0.086754,8.675429,9.000000,存活,12327,12.327000
31,5,Vinny Guadagnino,0.086347,8.634693,7.750000,存活,12327,12.327000
31,5,Jordin Sparks,0.084796,8.479565,8.875000,存活,12327,12.327000
31,5,Jessie James Decker,0.082125,8.212519,9.000000,存活,12327,12.327000
31,5,Daniel Durant,0.076397,7.639665,8.375000,存活,12327,12.327000
31,5,Joseph Baena,0.001407,0.140723,8.750000,淘汰,12327,12.327000
31,6,Trevor Donovan,0.117417,11.741682,8.500000,存活,65448,65.448000
31,6,Charli D'Amelio,0.117337,11.733667,10.000000,存活,65448,65.448000
31,6,Heidi D'Amelio,0.106813,10.681252,9.000000,存活,65448,65.448000
31,6,Gabby Windey,0.103134,10.313418,9.250000,存活,65448,65.448000
31,6,Daniel Durant,0.101736,10.173558,8.500000,存活,65448,65.448000
31,6,Shangela,0.101379,10.137917,9.000000,存活,65448,65.448000
31,6,Jordin Sparks,0.099738,9.973812,8.500000,存活,65448,65.448000
31,6,Wayne Brady,0.096655,9.665542,8.500000,存活,65448,65.448000
31,6,Vinny Guadagnino,0.093387,9.338731,7.000000,存活,65448,65.448000
31,6,Jessie James Decker,0.062404,6.240422,8.000000,淘汰,65448,65.448000
31,7,Charli D'Amelio,0.136650,13.665035,9.750000,存活,19401,19.401000
31,7,Trevor Donovan,0.134947,13.494733,9.750000,存活,19401,19.401000
31,7,Daniel Durant,0.127538,12.753804,9.125000,存活,19401,19.401000
31,7,Wayne Brady,0.126131,12.613126,9.500000,存活,19401,19.401000
31,7,Heidi D'Amelio,0.123183,12.318299,8.750000,存活,19401,19.401000
31,7,Shangela,0.121685,12.168486,9.125000,存活,19401,19.401000
31,7,Gabby Windey,0.120077,12.007660,8.875000,存活,19401,19.401000
31,7,Vinny Guadagnino,0.107770,10.777025,7.875000,存活,19401,19.401000
31,7,Jordin Sparks,0.002018,0.201831,8.625000,淘汰,19401,19.401000
31,8,Charli D'Amelio,0.143368,14.336812,11.250000,存活,94049,94.049000
31,8,Wayne Brady,0.136808,13.680768,11.250000,存活,94049,94.049000
31,8,Trevor Donovan,0.134338,13.433770,9.750000,存活,94049,94.049000
31,8,Shangela,0.128227,12.822674,10.500000,存活,94049,94.049000
31,8,Daniel Durant,0.126648,12.664770,9.750000,存活,94049,94.049000
31,8,Gabby Windey,0.122540,12.254044,10.000000,存活,94049,94.049000
31,8,Heidi D'Amelio,0.118350,11.834982,8.750000,淘汰,94049,94.049000
31,8,Vinny Guadagnino,0.089722,8.972180,7.250000,淘汰,94049,94.049000
31,9,Charli D'Amelio,0.185129,18.512934,10.000000,存活,99223,99.223000
31,9,Gabby Windey,0.176074,17.607365,10.000000,存活,99223,99.223000
31,9,Wayne Brady,0.164090,16.408985,9.125000,存活,99223,99.223000
31,9,Shangela,0.163886,16.388597,9.125000,存活,99223,99.223000
31,9,Daniel Durant,0.160345,16.034499,8.625000,淘汰,99223,99.223000
31,9,Trevor Donovan,0.150476,15.047620,8.125000,淘汰,99223,99.223000
31,10,Charli D'Amelio,0.264655,26.465458,10.000000,淘汰,100000,100.000000
31,10,Gabby Windey,0.252213,25.221265,10.000000,淘汰,100000,100.000000
31,10,Wayne Brady,0.241754,24.175398,9.500000,淘汰,100000,100.000000
31,10,Shangela,0.241379,24.137878,9.500000,淘汰,100000,100.000000
32,1,Charity Lawson,0.095204,9.520440,7.333333,存活,64221,64.221000
32,1,Jason Mraz,0.093981,9.398106,7.000000,存活,64221,64.221000
32,1,Ariana Madix,0.090962,9.096249,7.000000,存活,64221,64.221000
32,1,Xochitl Gomez,0.082145,8.214475,6.000000,存活,64221,64.221000
32,1,Adrian Peterson,0.080373,8.037261,6.000000,存活,64221,64.221000
32,1,Mira Sorvino,0.077598,7.759768,5.666667,存活,64221,64.221000
32,1,Barry Williams,0.073860,7.385964,5.333333,存活,64221,64.221000
32,1,Jamie Lynn Spears,0.070006,7.000589,5.000000,存活,64221,64.221000
32,1,Lele Pons,0.069865,6.986544,6.333333,存活,64221,64.221000
32,1,Alyson Hannigan,0.064567,6.456705,4.333333,存活,64221,64.221000
32,1,Tyson Beckford,0.062005,6.200526,4.000000,存活,64221,64.221000
32,1,Mauricio Umansky,0.050659,5.065892,5.000000,存活,64221,64.221000
32,1,Matt Walsh,0.045909,4.590940,4.000000,淘汰,64221,64.221000
32,1,Harry Jowsey,0.042865,4.286542,4.000000,存活,64221,64.221000
32,2,Jamie Lynn Spears,0.076923,7.692308,5.333333,淘汰,0,0.000000
32,2,Mira Sorvino,0.076923,7.692308,6.000000,存活,0,0.000000
32,2,Barry Williams,0.076923,7.692308,5.000000,存活,0,0.000000
32,2,Alyson Hannigan,0.076923,7.692308,6.333333,存活,0,0.000000
32,2,Xochitl Gomez,0.076923,7.692308,8.000000,存活,0,0.000000
32,2,Adrian Peterson,0.076923,7.692308,5.000000,存活,0,0.000000
32,2,Tyson Beckford,0.076923,7.692308,6.000000,存活,0,0.000000
32,2,Jason Mraz,0.076923,7.692308,8.000000,存活,0,0.000000
32,2,Lele Pons,0.076923,7.692308,7.000000,存活,0,0.000000
32,2,Harry Jowsey,0.076923,7.692308,5.000000,存活,0,0.000000
32,2,Mauricio Umansky,0.076923,7.692308,4.000000,存活,0,0.000000
32,2,Charity Lawson,0.076923,7.692308,7.000000,存活,0,0.000000
32,2,Ariana Madix,0.076923,7.692308,6.666667,存活,0,0.000000
32,3,Jason Mraz,0.106452,10.645181,8.500000,存活,67113,67.113000
32,3,Ariana Madix,0.103230,10.323007,8.500000,存活,67113,67.113000
32,3,Xochitl Gomez,0.101849,10.184927,8.000000,存活,67113,67.113000
32,3,Charity Lawson,0.097571,9.757063,8.000000,存活,67113,67.113000
32,3,Adrian Peterson,0.087550,8.755012,5.500000,存活,67113,67.113000
32,3,Alyson Hannigan,0.087410,8.740968,6.000000,存活,67113,67.113000
32,3,Mira Sorvino,0.085922,8.592199,6.500000,存活,67113,67.113000
32,3,Barry Williams,0.082668,8.266832,6.250000,存活,67113,67.113000
32,3,Lele Pons,0.069838,6.983753,6.750000,存活,67113,67.113000
32,3,Mauricio Umansky,0.060431,6.043140,5.750000,存活,67113,67.113000
32,3,Tyson Beckford,0.059726,5.972590,5.000000,淘汰,67113,67.113000
32,3,Harry Jowsey,0.057353,5.735329,6.000000,存活,67113,67.113000
32,4,Mira Sorvino,0.090909,9.090909,7.000000,存活,0,0.000000
32,4,Barry Williams,0.090909,9.090909,6.000000,存活,0,0.000000
32,4,Alyson Hannigan,0.090909,9.090909,6.000000,存活,0,0.000000
32,4,Xochitl Gomez,0.090909,9.090909,9.000000,存活,0,0.000000
32,4,Adrian Peterson,0.090909,9.090909,7.000000,淘汰,0,0.000000
32,4,Jason Mraz,0.090909,9.090909,8.000000,存活,0,0.000000
32,4,Lele Pons,0.090909,9.090909,7.333333,存活,0,0.000000
32,4,Harry Jowsey,0.090909,9.090909,7.000000,存活,0,0.000000
32,4,Mauricio Umansky,0.090909,9.090909,6.333333,存活,0,0.000000
32,4,Charity Lawson,0.090909,9.090909,8.000000,存活,0,0.000000
32,4,Ariana Madix,0.090909,9.090909,8.333333,存活,0,0.000000
32,5,Xochitl Gomez,0.150868,15.086813,9.333333,存活,2572,2.572000
32,5,Charity Lawson,0.145349,14.534880,9.333333,存活,2572,2.572000
32,5,Jason Mraz,0.142449,14.244938,9.000000,存活,2572,2.572000
32,5,Ariana Madix,0.127180,12.718004,8.000000,存活,2572,2.572000
32,5,Barry Williams,0.127072,12.707214,8.000000,存活,2572,2.572000
32,5,Lele Pons,0.106426,10.642555,8.000000,存活,2572,2.572000
32,5,Mauricio Umansky,0.100233,10.023339,8.000000,存活,2572,2.572000
32,5,Harry Jowsey,0.093323,9.332295,6.000000,存活,2572,2.572000
32,5,Alyson Hannigan,0.004394,0.439350,7.000000,存活,2572,2.572000
32,5,Mira Sorvino,0.002706,0.270613,7.333333,淘汰,2572,2.572000
32,6,Lele Pons,0.184770,18.477031,9.250000,存活,964,0.964000
32,6,Harry Jowsey,0.140571,14.057130,7.250000,存活,964,0.964000
32,6,Ariana Madix,0.136000,13.599986,10.250000,存活,964,0.964000
32,6,Xochitl Gomez,0.131696,13.169650,10.500000,存活,964,0.964000
32,6,Jason Mraz,0.103870,10.386967,9.750000,存活,964,0.964000
32,6,Barry Williams,0.101601,10.160126,8.000000,存活,964,0.964000
32,6,Charity Lawson,0.099925,9.992516,9.500000,存活,964,0.964000
32,6,Alyson Hannigan,0.099122,9.912224,7.750000,存活,964,0.964000
32,6,Mauricio Umansky,0.002444,0.244371,8.250000,淘汰,964,0.964000
32,7,Harry Jowsey,0.313177,31.317700,8.000000,存活,68,0.068000
32,7,Barry Williams,0.261339,26.133896,8.125000,存活,68,0.068000
32,7,Jason Mraz,0.114231,11.423052,9.000000,存活,68,0.068000
32,7,Xochitl Gomez,0.095239,9.523909,9.250000,存活,68,0.068000
32,7,Alyson Hannigan,0.092863,9.286264,8.750000,存活,68,0.068000
32,7,Ariana Madix,0.065666,6.566551,9.250000,存活,68,0.068000
32,7,Charity Lawson,0.053023,5.302299,9.000000,存活,68,0.068000
32,7,Lele Pons,0.004463,0.446329,9.125000,淘汰,68,0.068000
32,8,Ariana Madix,0.220360,22.036048,10.500000,存活,3421,3.421000
32,8,Xochitl Gomez,0.210590,21.059005,10.000000,存活,3421,3.421000
32,8,Charity Lawson,0.204716,20.471618,9.750000,存活,3421,3.421000
32,8,Alyson Hannigan,0.159529,15.952856,9.000000,存活,3421,3.421000
32,8,Harry Jowsey,0.153924,15.392444,7.000000,存活,3421,3.421000
32,8,Jason Mraz,0.047648,4.764813,8.250000,存活,3421,3.421000
32,8,Barry Williams,0.003232,0.323215,8.750000,淘汰,3421,3.421000
32,9,Jason Mraz,0.194065,19.406494,10.750000,存活,83934,83.934000
32,9,Xochitl Gomez,0.188542,18.854152,10.250000,存活,83934,83.934000
32,9,Alyson Hannigan,0.181823,18.182342,8.000000,存活,83934,83.934000
32,9,Charity Lawson,0.168589,16.858880,9.500000,存活,83934,83.934000
32,9,Ariana Madix,0.164871,16.487075,9.250000,存活,83934,83.934000
32,9,Harry Jowsey,0.102111,10.211057,7.500000,淘汰,83934,83.934000
32,10,Xochitl Gomez,0.212714,21.271433,10.000000,存活,100000,100.000000
32,10,Charity Lawson,0.203200,20.320007,9.833333,存活,100000,100.000000
32,10,Jason Mraz,0.201533,20.153323,9.500000,存活,100000,100.000000
32,10,Ariana Madix,0.198961,19.896134,9.666667,存活,100000,100.000000
32,10,Alyson Hannigan,0.183591,18.359103,8.500000,存活,100000,100.000000
32,11,Xochitl Gomez,0.209344,20.934351,10.000000,淘汰,100000,100.000000
32,11,Jason Mraz,0.206675,20.667523,10.000000,淘汰,100000,100.000000
32,11,Ariana Madix,0.198832,19.883181,9.833333,淘汰,100000,100.000000
32,11,Charity Lawson,0.198662,19.866221,9.833333,淘汰,100000,100.000000
32,11,Alyson Hannigan,0.186487,18.648724,8.833333,淘汰,100000,100.000000
33,1,Chandler Kinney,0.095779,9.577850,7.666667,存活,100000,100.000000
33,1,Dwight Howard ,0.089991,8.999094,7.333333,存活,100000,100.000000
33,1,Stephen Nedoroscik,0.085901,8.590074,7.000000,存活,100000,100.000000
33,1,Joey Graziadei,0.084543,8.454283,7.000000,存活,100000,100.000000
33,1,Danny Amendola,0.082002,8.200203,6.666667,存活,100000,100.000000
33,1,Phaedra Parks,0.076703,7.670329,6.333333,存活,100000,100.000000
33,1,Jenn Tran,0.076574,7.657368,6.333333,存活,100000,100.000000
33,1,Ilona Maher,0.074239,7.423881,6.000000,存活,100000,100.000000
33,1,Brooks Nader,0.073887,7.388715,6.000000,存活,100000,100.000000
33,1,Tori Spelling,0.071372,7.137238,5.666667,存活,100000,100.000000
33,1,Reginald VelJohnson,0.067499,6.749889,5.333333,存活,100000,100.000000
33,1,Eric Roberts,0.063535,6.353467,5.000000,存活,100000,100.000000
33,1,Anna Delvey,0.057976,5.797608,6.000000,存活,100000,100.000000
33,2,Chandler Kinney,0.104146,10.414641,8.000000,存活,17009,17.009000
33,2,Dwight Howard ,0.091399,9.139949,7.333333,存活,17009,17.009000
33,2,Stephen Nedoroscik,0.091115,9.111520,7.333333,存活,17009,17.009000
33,2,Joey Graziadei,0.091044,9.104394,7.333333,存活,17009,17.009000
33,2,Ilona Maher,0.084446,8.444638,7.000000,存活,17009,17.009000
33,2,Danny Amendola,0.084271,8.427126,7.000000,存活,17009,17.009000
33,2,Phaedra Parks,0.083061,8.306098,7.000000,存活,17009,17.009000
33,2,Brooks Nader,0.079122,7.912250,6.666667,存活,17009,17.009000
33,2,Eric Roberts,0.074566,7.456572,5.000000,存活,17009,17.009000
33,2,Jenn Tran,0.072655,7.265532,6.333333,存活,17009,17.009000
33,2,Reginald VelJohnson,0.067809,6.780934,5.000000,存活,17009,17.009000
33,2,Tori Spelling,0.053186,5.318581,6.333333,淘汰,17009,17.009000
33,2,Anna Delvey,0.023178,2.317765,5.666667,淘汰,17009,17.009000
33,3,Chandler Kinney,0.110006,11.000630,8.625000,存活,99886,99.886000
33,3,Joey Graziadei,0.107281,10.728068,8.750000,存活,99886,99.886000
33,3,Stephen Nedoroscik,0.097426,9.742557,7.750000,存活,99886,99.886000
33,3,Jenn Tran,0.095524,9.552444,7.750000,存活,99886,99.886000
33,3,Brooks Nader,0.095309,9.530863,7.625000,存活,99886,99.886000
33,3,Danny Amendola,0.094503,9.450309,7.500000,存活,99886,99.886000
33,3,Ilona Maher,0.088447,8.844734,7.000000,存活,99886,99.886000
33,3,Phaedra Parks,0.086620,8.661956,7.000000,存活,99886,99.886000
33,3,Dwight Howard ,0.082263,8.226315,6.500000,存活,99886,99.886000
33,3,Eric Roberts,0.074581,7.458129,5.750000,淘汰,99886,99.886000
33,3,Reginald VelJohnson,0.068040,6.803994,5.250000,淘汰,99886,99.886000
33,4,Danny Amendola,0.207814,20.781427,9.000000,存活,168,0.168000
33,4,Joey Graziadei,0.185392,18.539224,9.000000,存活,168,0.168000
33,4,Dwight Howard ,0.165265,16.526459,7.250000,存活,168,0.168000
33,4,Phaedra Parks,0.094066,9.406557,8.000000,存活,168,0.168000
33,4,Stephen Nedoroscik,0.089891,8.989141,8.250000,存活,168,0.168000
33,4,Ilona Maher,0.086942,8.694237,8.000000,存活,168,0.168000
33,4,Chandler Kinney,0.085155,8.515549,8.000000,存活,168,0.168000
33,4,Jenn Tran,0.081901,8.190142,8.000000,存活,168,0.168000
33,4,Brooks Nader,0.003573,0.357264,8.000000,淘汰,168,0.168000
33,5,Dwight Howard ,0.151744,15.174384,8.000000,存活,2766,2.766000
33,5,Stephen Nedoroscik,0.137731,13.773051,8.000000,存活,2766,2.766000
33,5,Danny Amendola,0.132439,13.243914,8.500000,存活,2766,2.766000
33,5,Chandler Kinney,0.132182,13.218181,9.000000,存活,2766,2.766000
33,5,Jenn Tran,0.127931,12.793147,8.500000,存活,2766,2.766000
33,5,Joey Graziadei,0.125690,12.568961,8.666667,存活,2766,2.766000
33,5,Ilona Maher,0.117318,11.731762,8.666667,存活,2766,2.766000
33,5,Phaedra Parks,0.074966,7.496598,8.000000,淘汰,2766,2.766000
33,6,Ilona Maher,0.353576,35.357583,8.000000,存活,22,0.022000
33,6,Stephen Nedoroscik,0.191410,19.140999,9.333333,存活,22,0.022000
33,6,Joey Graziadei,0.189911,18.991055,10.666667,存活,22,0.022000
33,6,Dwight Howard ,0.106115,10.611477,10.333333,存活,22,0.022000
33,6,Chandler Kinney,0.081299,8.129910,10.666667,存活,22,0.022000
33,6,Danny Amendola,0.072099,7.209902,9.333333,存活,22,0.022000
33,6,Jenn Tran,0.005591,0.559073,10.333333,淘汰,22,0.022000
33,7,Chandler Kinney,0.187647,18.764748,10.000000,存活,97661,97.661000
33,7,Stephen Nedoroscik,0.168192,16.819235,9.000000,存活,97661,97.661000
33,7,Joey Graziadei,0.166764,16.676437,9.166667,存活,97661,97.661000
33,7,Ilona Maher,0.165509,16.550851,8.666667,存活,97661,97.661000
33,7,Danny Amendola,0.163227,16.322742,8.500000,存活,97661,97.661000
33,7,Dwight Howard ,0.148660,14.865987,8.000000,淘汰,97661,97.661000
33,8,Chandler Kinney,0.209389,20.938892,9.666667,存活,100000,100.000000
33,8,Ilona Maher,0.203285,20.328514,9.500000,存活,100000,100.000000
33,8,Joey Graziadei,0.202645,20.264542,9.666667,存活,100000,100.000000
33,8,Danny Amendola,0.193939,19.393917,9.000000,存活,100000,100.000000
33,8,Stephen Nedoroscik,0.190741,19.074135,8.833333,存活,100000,100.000000
33,9,Chandler Kinney,0.208808,20.880809,10.000000,淘汰,100000,100.000000
33,9,Stephen Nedoroscik,0.203145,20.314469,9.833333,淘汰,100000,100.000000
33,9,Joey Graziadei,0.198208,19.820840,9.833333,淘汰,100000,100.000000
33,9,Ilona Maher,0.196258,19.625843,9.500000,淘汰,100000,100.000000
33,9,Danny Amendola,0.193580,19.358039,9.333333,淘汰,100000,100.000000
34,1,Whitney Leavitt,0.091197,9.119712,7.500000,存活,100000,100.000000
34,1,Hilaria Baldwin,0.084338,8.433785,7.000000,存活,100000,100.000000
34,1,Lauren Jauregui,0.081851,8.185145,6.500000,存活,100000,100.000000
34,1,Alix Earle,0.078845,7.884527,6.500000,存活,100000,100.000000
34,1,Elaine Hendrix,0.076234,7.623371,6.000000,存活,100000,100.000000
34,1,Danielle Fishel,0.076212,7.621210,6.000000,存活,100000,100.000000
34,1,Jen Affleck,0.073624,7.362397,6.000000,存活,100000,100.000000
34,1,Robert Irwin,0.073256,7.325585,7.500000,存活,100000,100.000000
34,1,Scott Hoying,0.063491,6.349148,5.000000,存活,100000,100.000000
34,1,Jordan Chiles,0.062899,6.289895,5.000000,存活,100000,100.000000
34,1,Baron Davis,0.062751,6.275136,5.000000,存活,100000,100.000000
34,1,Dylan Efron,0.061704,6.170430,5.000000,存活,100000,100.000000
34,1,Corey Feldman,0.057910,5.791047,4.500000,存活,100000,100.000000
34,1,Andy Richter,0.055686,5.568614,4.500000,存活,100000,100.000000
34,2,Jordan Chiles,0.080403,8.040272,7.333333,存活,99904,99.904000
34,2,Whitney Leavitt,0.079029,7.902944,7.333333,存活,99904,99.904000
34,2,Jen Affleck,0.078784,7.878438,7.333333,存活,99904,99.904000
34,2,Elaine Hendrix,0.078464,7.846375,7.000000,存活,99904,99.904000
34,2,Lauren Jauregui,0.077912,7.791239,7.000000,存活,99904,99.904000
34,2,Hilaria Baldwin,0.075050,7.504971,7.000000,存活,99904,99.904000
34,2,Alix Earle,0.075025,7.502498,7.000000,存活,99904,99.904000
34,2,Dylan Efron,0.072058,7.205812,6.666667,存活,99904,99.904000
34,2,Danielle Fishel,0.071178,7.117751,6.333333,存活,99904,99.904000
34,2,Scott Hoying,0.067098,6.709828,6.000000,存活,99904,99.904000
34,2,Baron Davis,0.066387,6.638706,6.000000,淘汰,99904,99.904000
34,2,Robert Irwin,0.063728,6.372811,7.333333,存活,99904,99.904000
34,2,Andy Richter,0.058093,5.809286,5.333333,存活,99904,99.904000
34,2,Corey Feldman,0.056791,5.679069,5.000000,淘汰,99904,99.904000
34,3,Jordan Chiles,0.096002,9.600168,8.000000,存活,11990,11.990000
34,3,Whitney Leavitt,0.093084,9.308358,8.000000,存活,11990,11.990000
34,3,Danielle Fishel,0.092349,9.234891,7.000000,存活,11990,11.990000
34,3,Andy Richter,0.090664,9.066381,6.000000,存活,11990,11.990000
34,3,Dylan Efron,0.089360,8.936036,7.666667,存活,11990,11.990000
34,3,Scott Hoying,0.088980,8.898010,7.333333,存活,11990,11.990000
34,3,Elaine Hendrix,0.088102,8.810152,7.000000,存活,11990,11.990000
34,3,Alix Earle,0.087930,8.792975,7.666667,存活,11990,11.990000
34,3,Hilaria Baldwin,0.085375,8.537520,7.333333,存活,11990,11.990000
34,3,Robert Irwin,0.083307,8.330659,7.333333,存活,11990,11.990000
34,3,Jen Affleck,0.079102,7.910250,6.333333,存活,11990,11.990000
34,3,Lauren Jauregui,0.025746,2.574600,6.000000,淘汰,11990,11.990000
34,4,Whitney Leavitt,0.134294,13.429357,8.333333,存活,302,0.302000
34,4,Robert Irwin,0.133979,13.397934,7.333333,存活,302,0.302000
34,4,Andy Richter,0.123938,12.393803,6.000000,存活,302,0.302000
34,4,Danielle Fishel,0.116122,11.612184,7.000000,存活,302,0.302000
34,4,Alix Earle,0.105925,10.592506,8.000000,存活,302,0.302000
34,4,Elaine Hendrix,0.086831,8.683068,8.000000,存活,302,0.302000
34,4,Jordan Chiles,0.086244,8.624441,8.000000,存活,302,0.302000
34,4,Jen Affleck,0.073491,7.349098,7.666667,存活,302,0.302000
34,4,Scott Hoying,0.069458,6.945821,7.000000,存活,302,0.302000
34,4,Dylan Efron,0.066867,6.686692,7.666667,存活,302,0.302000
34,4,Hilaria Baldwin,0.002851,0.285097,7.666667,淘汰,302,0.302000
34,5,Dylan Efron,0.115567,11.556731,9.000000,存活,100000,100.000000
34,5,Alix Earle,0.111663,11.166274,8.750000,存活,100000,100.000000
34,5,Whitney Leavitt,0.106537,10.653709,8.250000,存活,100000,100.000000
34,5,Jordan Chiles,0.104946,10.494585,8.000000,存活,100000,100.000000
34,5,Elaine Hendrix,0.100638,10.063760,7.500000,存活,100000,100.000000
34,5,Scott Hoying,0.099861,9.986124,7.500000,存活,100000,100.000000
34,5,Danielle Fishel,0.097657,9.765698,7.250000,存活,100000,100.000000
34,5,Jen Affleck,0.093961,9.396128,7.250000,存活,100000,100.000000
34,5,Robert Irwin,0.090705,9.070542,8.750000,存活,100000,100.000000
34,5,Andy Richter,0.078464,7.846449,6.000000,存活,100000,100.000000
34,6,Whitney Leavitt,0.119515,11.951455,9.750000,存活,1130,1.130000
34,6,Jordan Chiles,0.117183,11.718335,9.750000,存活,1130,1.130000
34,6,Danielle Fishel,0.110784,11.078448,9.000000,存活,1130,1.130000
34,6,Elaine Hendrix,0.108304,10.830437,9.000000,存活,1130,1.130000
34,6,Andy Richter,0.107622,10.762240,6.750000,存活,1130,1.130000
34,6,Robert Irwin,0.106443,10.644251,9.000000,存活,1130,1.130000
34,6,Alix Earle,0.104992,10.499216,8.750000,存活,1130,1.130000
34,6,Dylan Efron,0.099083,9.908261,8.000000,存活,1130,1.130000
34,6,Jen Affleck,0.097476,9.747633,8.000000,存活,1130,1.130000
34,6,Scott Hoying,0.028597,2.859724,7.000000,淘汰,1130,1.130000
34,7,Alix Earle,0.186723,18.672251,10.750000,存活,534,0.534000
34,7,Whitney Leavitt,0.185640,18.563986,10.500000,存活,534,0.534000
34,7,Jordan Chiles,0.170507,17.050701,9.500000,存活,534,0.534000
34,7,Dylan Efron,0.168821,16.882083,9.500000,存活,534,0.534000
34,7,Robert Irwin,0.147643,14.764272,10.250000,存活,534,0.534000
34,7,Andy Richter,0.128886,12.888633,7.250000,存活,534,0.534000
34,7,Danielle Fishel,0.004726,0.472562,8.750000,存活,534,0.534000
34,7,Elaine Hendrix,0.004423,0.442279,8.000000,存活,534,0.534000
34,7,Jen Affleck,0.002632,0.263233,8.500000,淘汰,534,0.534000
34,8,Jordan Chiles,0.152438,15.243842,9.750000,存活,18472,18.472000
34,8,Whitney Leavitt,0.150775,15.077537,9.875000,存活,18472,18.472000
34,8,Elaine Hendrix,0.148617,14.861708,9.375000,存活,18472,18.472000
34,8,Alix Earle,0.145964,14.596414,9.625000,存活,18472,18.472000
34,8,Dylan Efron,0.145551,14.555118,9.500000,存活,18472,18.472000
34,8,Andy Richter,0.132407,13.240692,8.500000,存活,18472,18.472000
34,8,Robert Irwin,0.122085,12.208546,9.500000,存活,18472,18.472000
34,8,Danielle Fishel,0.002161,0.216142,9.250000,淘汰,18472,18.472000
34,9,Elaine Hendrix,0.176653,17.665280,9.000000,存活,79803,79.803000
34,9,Dylan Efron,0.152024,15.202390,10.500000,存活,79803,79.803000
34,9,Whitney Leavitt,0.151999,15.199915,10.500000,存活,79803,79.803000
34,9,Jordan Chiles,0.145260,14.526005,9.750000,存活,79803,79.803000
34,9,Alix Earle,0.144687,14.468731,10.000000,存活,79803,79.803000
34,9,Robert Irwin,0.122622,12.262159,10.500000,存活,79803,79.803000
34,9,Andy Richter,0.106755,10.675521,7.250000,淘汰,79803,79.803000
34,10,Elaine Hendrix,0.215398,21.539839,9.500000,存活,173,0.173000
34,10,Dylan Efron,0.206611,20.661056,9.166667,存活,173,0.173000
34,10,Jordan Chiles,0.204015,20.401472,9.500000,存活,173,0.173000
34,10,Alix Earle,0.200668,20.066835,9.666667,存活,173,0.173000
34,10,Robert Irwin,0.171084,17.108388,9.833333,存活,173,0.173000
34,10,Whitney Leavitt,0.002224,0.222410,9.666667,淘汰,173,0.173000
34,11,Jordan Chiles,0.210293,21.029346,9.888867,淘汰,100000,100.000000
34,11,Elaine Hendrix,0.209732,20.973243,9.666600,淘汰,100000,100.000000
34,11,Alix Earle,0.206644,20.664444,10.000000,淘汰,100000,100.000000
34,11,Dylan Efron,0.204546,20.454596,9.777733,淘汰,100000,100.000000
34,11,Robert Irwin,0.168784,16.878370,9.888867,淘汰,100000,100.000000
