season,week,celebrity_name,simulated_vote_share,vote_percentage,avg_judge_score,status,num_valid_simulations,valid_percentage
1,1,John O'Hurley,0.190866,19.086643,6.666667,存活,100000,100.000000
1,1,Joey McIntyre,0.189683,18.968274,6.666667,存活,100000,100.000000
1,1,Evander Holyfield,0.171778,17.177771,6.000000,存活,100000,100.000000
1,1,Trista Sutter,0.167851,16.785095,6.000000,存活,100000,100.000000
1,1,Rachel Hunter,0.151151,15.115121,6.666667,存活,100000,100.000000
1,1,Kelly Monaco,0.128671,12.867096,4.333333,存活,100000,100.000000
1,2,John O'Hurley,0.436002,43.600166,8.666667,存活,45,0.045000
1,2,Rachel Hunter,0.277796,27.779559,8.000000,存活,45,0.045000
1,2,Evander Holyfield,0.256891,25.689054,4.666667,存活,45,0.045000
1,2,Kelly Monaco,0.010987,1.098701,5.666667,存活,45,0.045000
1,2,Joey McIntyre,0.009202,0.920242,7.000000,存活,45,0.045000
1,2,Trista Sutter,0.009123,0.912279,6.333333,淘汰,45,0.045000
1,3,Kelly Monaco,0.260873,26.087343,7.000000,存活,80250,80.250000
1,3,John O'Hurley,0.221322,22.132164,8.000000,存活,80250,80.250000
1,3,Joey McIntyre,0.203338,20.333774,7.333333,存活,80250,80.250000
1,3,Rachel Hunter,0.190128,19.012761,8.666667,存活,80250,80.250000
1,3,Evander Holyfield,0.124340,12.433958,4.333333,淘汰,80250,80.250000
1,4,John O'Hurley,0.490685,49.068461,7.000000,存活,4028,4.028000
1,4,Joey McIntyre,0.475599,47.559880,6.666667,存活,4028,4.028000
1,4,Kelly Monaco,0.018667,1.866732,8.666667,存活,4028,4.028000
1,4,Rachel Hunter,0.015049,1.504926,8.333333,淘汰,4028,4.028000
1,5,Kelly Monaco,0.403177,40.317655,7.833333,存活,73875,73.875000
1,5,John O'Hurley,0.331396,33.139585,9.000000,存活,73875,73.875000
1,5,Joey McIntyre,0.265428,26.542759,7.500000,淘汰,73875,73.875000
1,6,Kelly Monaco,0.502261,50.226104,9.166667,淘汰,100000,100.000000
1,6,John O'Hurley,0.497739,49.773896,9.000000,淘汰,100000,100.000000
2,1,Tatum O'Neal,0.100000,10.000000,7.666667,存活,0,0.000000
2,1,Tia Carrere,0.100000,10.000000,6.666667,存活,0,0.000000
2,1,George Hamilton,0.100000,10.000000,6.000000,存活,0,0.000000
2,1,Lisa Rinna,0.100000,10.000000,6.333333,存活,0,0.000000
2,1,Stacy Keibler,0.100000,10.000000,7.333333,存活,0,0.000000
2,1,Jerry Rice,0.100000,10.000000,7.000000,存活,0,0.000000
2,1,Giselle Fernandez,0.100000,10.000000,7.666667,存活,0,0.000000
2,1,Master P,0.100000,10.000000,4.000000,存活,0,0.000000
2,1,Drew Lachey,0.100000,10.000000,8.000000,存活,0,0.000000
2,1,Kenny Mayne,0.100000,10.000000,4.333333,淘汰,0,0.000000
2,2,Stacy Keibler,0.155521,15.552090,9.666667,存活,22198,22.198000
2,2,Drew Lachey,0.146352,14.635167,9.000000,存活,22198,22.198000
2,2,Jerry Rice,0.125764,12.576419,7.666667,存活,22198,22.198000
2,2,Tia Carrere,0.123451,12.345104,7.333333,存活,22198,22.198000
2,2,George Hamilton,0.123231,12.323126,7.333333,存活,22198,22.198000
2,2,Lisa Rinna,0.112904,11.290444,6.666667,存活,22198,22.198000
2,2,Giselle Fernandez,0.102009,10.200949,8.000000,存活,22198,22.198000
2,2,Master P,0.094478,9.447753,5.333333,存活,22198,22.198000
2,2,Tatum O'Neal,0.016289,1.628947,5.666667,淘汰,22198,22.198000
2,3,Drew Lachey,0.153958,15.395816,9.000000,存活,4864,4.864000
2,3,Jerry Rice,0.153839,15.383885,6.333333,存活,4864,4.864000
2,3,Stacy Keibler,0.153471,15.347146,9.000000,存活,4864,4.864000
2,3,Tia Carrere,0.145101,14.510143,8.666667,存活,4864,4.864000
2,3,Lisa Rinna,0.143765,14.376472,8.333333,存活,4864,4.864000
2,3,George Hamilton,0.130797,13.079695,7.333333,存活,4864,4.864000
2,3,Master P,0.115767,11.576733,4.666667,存活,4864,4.864000
2,3,Giselle Fernandez,0.003301,0.330110,7.333333,淘汰,4864,4.864000
2,4,Drew Lachey,0.166817,16.681742,9.333333,存活,78640,78.640000
2,4,George Hamilton,0.166114,16.611372,7.000000,存活,78640,78.640000
2,4,Lisa Rinna,0.158679,15.867856,8.666667,存活,78640,78.640000
2,4,Tia Carrere,0.155251,15.525083,8.333333,存活,78640,78.640000
2,4,Stacy Keibler,0.154854,15.485421,8.666667,存活,78640,78.640000
2,4,Jerry Rice,0.146906,14.690557,8.000000,存活,78640,78.640000
2,4,Master P,0.051380,5.137969,2.666667,淘汰,78640,78.640000
2,5,Stacy Keibler,0.192918,19.291850,10.000000,存活,97937,97.937000
2,5,Drew Lachey,0.176553,17.655250,9.000000,存活,97937,97.937000
2,5,Lisa Rinna,0.166917,16.691701,8.333333,存活,97937,97.937000
2,5,George Hamilton,0.162630,16.263020,8.000000,存活,97937,97.937000
2,5,Jerry Rice,0.154405,15.440532,7.666667,存活,97937,97.937000
2,5,Tia Carrere,0.146576,14.657646,7.333333,淘汰,97937,97.937000
2,6,Drew Lachey,0.223608,22.360790,10.000000,存活,99685,99.685000
2,6,Stacy Keibler,0.222566,22.256581,10.000000,存活,99685,99.685000
2,6,Lisa Rinna,0.204774,20.477376,9.000000,存活,99685,99.685000
2,6,George Hamilton,0.175756,17.575627,7.666667,淘汰,99685,99.685000
2,6,Jerry Rice,0.173296,17.329625,7.666667,存活,99685,99.685000
2,7,Stacy Keibler,0.361539,36.153947,9.166667,存活,19598,19.598000
2,7,Drew Lachey,0.359989,35.998903,9.166667,存活,19598,19.598000
2,7,Jerry Rice,0.271405,27.140485,6.833333,存活,19598,19.598000
2,7,Lisa Rinna,0.007067,0.706665,8.833333,淘汰,19598,19.598000
2,8,Drew Lachey,0.344125,34.412478,9.666600,淘汰,100000,100.000000
2,8,Stacy Keibler,0.337468,33.746777,9.555500,淘汰,100000,100.000000
2,8,Jerry Rice,0.318407,31.840745,8.888867,淘汰,100000,100.000000
3,1,Mario Lopez,0.121054,12.105418,8.666667,存活,30475,30.475000
3,1,Emmitt Smith,0.117810,11.780994,8.000000,存活,30475,30.475000
3,1,Vivica A. Fox,0.111113,11.111280,7.333333,存活,30475,30.475000
3,1,Willa Ford,0.110597,11.059665,7.333333,存活,30475,30.475000
3,1,Joey Lawrence,0.106455,10.645470,7.000000,存活,30475,30.475000
3,1,Monique Coleman,0.096269,9.626932,6.333333,存活,30475,30.475000
3,1,Shanna Moakler,0.088638,8.863783,6.000000,存活,30475,30.475000
3,1,Harry Hamlin,0.086463,8.646294,5.666667,存活,30475,30.475000
3,1,Sara Evans,0.075608,7.560817,5.000000,存活,30475,30.475000
3,1,Jerry Springer,0.062634,6.263403,5.333333,存活,30475,30.475000
3,1,Tucker Carlson,0.023359,2.335943,4.000000,淘汰,30475,30.475000
3,2,Joey Lawrence,0.128402,12.840154,9.666667,存活,8154,8.154000
3,2,Mario Lopez,0.119771,11.977066,7.000000,存活,8154,8.154000
3,2,Harry Hamlin,0.119753,11.975258,7.000000,存活,8154,8.154000
3,2,Sara Evans,0.118629,11.862915,7.000000,存活,8154,8.154000
3,2,Monique Coleman,0.116416,11.641645,8.666667,存活,8154,8.154000
3,2,Vivica A. Fox,0.105913,10.591265,8.000000,存活,8154,8.154000
3,2,Emmitt Smith,0.104337,10.433715,8.000000,存活,8154,8.154000
3,2,Willa Ford,0.101157,10.115742,7.666667,存活,8154,8.154000
3,2,Jerry Springer,0.083385,8.338540,6.333333,存活,8154,8.154000
3,2,Shanna Moakler,0.002237,0.223699,7.333333,淘汰,8154,8.154000
3,3,Vivica A. Fox,0.136287,13.628678,9.000000,存活,9253,9.253000
3,3,Monique Coleman,0.136237,13.623670,9.000000,存活,9253,9.253000
3,3,Willa Ford,0.126327,12.632698,7.333333,存活,9253,9.253000
3,3,Sara Evans,0.125169,12.516896,8.333333,存活,9253,9.253000
3,3,Mario Lopez,0.123825,12.382509,7.333333,存活,9253,9.253000
3,3,Joey Lawrence,0.123125,12.312545,7.333333,存活,9253,9.253000
3,3,Emmitt Smith,0.121275,12.127486,6.333333,存活,9253,9.253000
3,3,Jerry Springer,0.105145,10.514550,7.000000,存活,9253,9.253000
3,3,Harry Hamlin,0.002610,0.260970,7.333333,淘汰,9253,9.253000
3,4,Mario Lopez,0.154450,15.444985,9.666667,存活,9904,9.904000
3,4,Emmitt Smith,0.149435,14.943539,8.000000,存活,9904,9.904000
3,4,Willa Ford,0.148019,14.801897,9.333333,存活,9904,9.904000
3,4,Monique Coleman,0.145809,14.580898,8.000000,存活,9904,9.904000
3,4,Joey Lawrence,0.143511,14.351138,9.000000,存活,9904,9.904000
3,4,Sara Evans,0.138168,13.816784,6.666667,存活,9904,9.904000
3,4,Jerry Springer,0.118036,11.803589,7.333333,存活,9904,9.904000
3,4,Vivica A. Fox,0.002572,0.257171,8.000000,淘汰,9904,9.904000
3,5,Mario Lopez,0.170755,17.075492,9.000000,存活,23698,23.698000
3,5,Emmitt Smith,0.169268,16.926751,9.000000,存活,23698,23.698000
3,5,Monique Coleman,0.168889,16.888866,9.000000,存活,23698,23.698000
3,5,Joey Lawrence,0.167181,16.718098,8.333333,存活,23698,23.698000
3,5,Jerry Springer,0.148980,14.898005,8.000000,存活,23698,23.698000
3,5,Willa Ford,0.116901,11.690126,9.000000,淘汰,23698,23.698000
3,5,Sara Evans,0.058027,5.802662,8.000000,淘汰,23698,23.698000
3,6,Mario Lopez,0.243078,24.307809,9.333333,存活,100000,100.000000
3,6,Emmitt Smith,0.215134,21.513396,8.333333,存活,100000,100.000000
3,6,Joey Lawrence,0.211845,21.184497,8.000000,存活,100000,100.000000
3,6,Monique Coleman,0.203101,20.310149,7.666667,存活,100000,100.000000
3,6,Jerry Springer,0.126841,12.684149,6.000000,存活,100000,100.000000
3,7,Joey Lawrence,0.232698,23.269763,9.500000,存活,52909,52.909000
3,7,Mario Lopez,0.229934,22.993354,9.333333,存活,52909,52.909000
3,7,Emmitt Smith,0.229084,22.908384,9.500000,存活,52909,52.909000
3,7,Monique Coleman,0.221800,22.179982,9.000000,存活,52909,52.909000
3,7,Jerry Springer,0.086485,8.648518,7.666667,淘汰,52909,52.909000
3,8,Mario Lopez,0.298660,29.866041,9.500000,存活,43989,43.989000
3,8,Joey Lawrence,0.285620,28.561955,9.000000,存活,43989,43.989000
3,8,Emmitt Smith,0.281586,28.158644,9.000000,存活,43989,43.989000
3,8,Monique Coleman,0.134134,13.413359,8.833333,淘汰,43989,43.989000
3,9,Emmitt Smith,0.430982,43.098224,9.833333,存活,27951,27.951000
3,9,Mario Lopez,0.420402,42.040231,9.833333,存活,27951,27.951000
3,9,Joey Lawrence,0.148615,14.861545,9.833333,淘汰,27951,27.951000
3,10,Mario Lopez,0.503967,50.396731,9.888867,淘汰,100000,100.000000
3,10,Emmitt Smith,0.496033,49.603269,9.888867,淘汰,100000,100.000000
4,1,Joey Fatone,0.120628,12.062771,8.000000,存活,100000,100.000000
4,1,Laila Ali,0.114694,11.469408,7.666667,存活,100000,100.000000
4,1,Ian Ziering,0.107270,10.726992,7.000000,存活,100000,100.000000
4,1,Apolo Anton Ohno,0.104985,10.498548,7.000000,存活,100000,100.000000
4,1,Shandi Finnessey,0.094387,9.438726,6.333333,存活,100000,100.000000
4,1,John Ratzenberger,0.087361,8.736124,5.666667,存活,100000,100.000000
4,1,Clyde Drexler,0.080827,8.082662,5.333333,存活,100000,100.000000
4,1,Paulina Porizkova,0.075834,7.583405,6.333333,存活,100000,100.000000
4,1,Leeza Gibbons,0.074553,7.455256,5.000000,存活,100000,100.000000
4,1,Heather Mills,0.072339,7.233850,6.000000,存活,100000,100.000000
4,1,Billy Ray Cyrus,0.067123,6.712259,4.333333,存活,100000,100.000000
4,2,Laila Ali,0.116229,11.622903,9.000000,存活,12967,12.967000
4,2,Apolo Anton Ohno,0.111686,11.168601,8.666667,存活,12967,12.967000
4,2,Shandi Finnessey,0.109845,10.984487,6.666667,存活,12967,12.967000
4,2,Joey Fatone,0.105849,10.584910,8.000000,存活,12967,12.967000
4,2,Clyde Drexler,0.099829,9.982850,6.000000,存活,12967,12.967000
4,2,Ian Ziering,0.097407,9.740687,7.333333,存活,12967,12.967000
4,2,Billy Ray Cyrus,0.092575,9.257476,7.000000,存活,12967,12.967000
4,2,John Ratzenberger,0.092332,9.233184,7.000000,存活,12967,12.967000
4,2,Leeza Gibbons,0.089784,8.978446,7.000000,存活,12967,12.967000
4,2,Heather Mills,0.082365,8.236475,8.000000,存活,12967,12.967000
4,2,Paulina Porizkova,0.002100,0.209980,7.000000,淘汰,12967,12.967000
4,3,John Ratzenberger,0.126110,12.611005,6.666667,存活,10948,10.948000
4,3,Ian Ziering,0.117440,11.743959,8.000000,存活,10948,10.948000
4,3,Joey Fatone,0.116411,11.641075,8.000000,存活,10948,10.948000
4,3,Leeza Gibbons,0.113916,11.391604,8.000000,存活,10948,10.948000
4,3,Apolo Anton Ohno,0.111792,11.179214,7.666667,存活,10948,10.948000
4,3,Laila Ali,0.111565,11.156451,7.000000,存活,10948,10.948000
4,3,Billy Ray Cyrus,0.109150,10.914967,7.000000,存活,10948,10.948000
4,3,Clyde Drexler,0.098989,9.898916,5.333333,存活,10948,10.948000
4,3,Heather Mills,0.092049,9.204924,8.000000,存活,10948,10.948000
4,3,Shandi Finnessey,0.002579,0.257885,7.000000,淘汰,10948,10.948000
4,4,Joey Fatone,0.158215,15.821503,9.333333,存活,15537,15.537000
4,4,Apolo Anton Ohno,0.146393,14.639318,8.666667,存活,15537,15.537000
4,4,Ian Ziering,0.138399,13.839884,8.000000,存活,15537,15.537000
4,4,Laila Ali,0.120670,12.066955,7.000000,存活,15537,15.537000
4,4,Billy Ray Cyrus,0.120404,12.040365,7.000000,存活,15537,15.537000
4,4,Clyde Drexler,0.110244,11.024409,5.000000,存活,15537,15.537000
4,4,Heather Mills,0.103535,10.353487,7.666667,存活,15537,15.537000
4,4,John Ratzenberger,0.098167,9.816668,5.333333,存活,15537,15.537000
4,4,Leeza Gibbons,0.003974,0.397411,5.333333,淘汰,15537,15.537000
4,5,Laila Ali,0.166512,16.651157,9.333333,存活,42131,42.131000
4,5,Apolo Anton Ohno,0.162368,16.236800,10.000000,存活,42131,42.131000
4,5,Joey Fatone,0.154561,15.456138,8.333333,存活,42131,42.131000
4,5,Ian Ziering,0.149970,14.996975,8.000000,存活,42131,42.131000
4,5,John Ratzenberger,0.113319,11.331884,6.000000,存活,42131,42.131000
4,5,Billy Ray Cyrus,0.106401,10.640058,5.666667,存活,42131,42.131000
4,5,Heather Mills,0.102964,10.296419,7.000000,存活,42131,42.131000
4,5,Clyde Drexler,0.043906,4.390568,4.333333,淘汰,42131,42.131000
4,6,Laila Ali,0.174133,17.413255,9.333333,存活,12618,12.618000
4,6,Apolo Anton Ohno,0.173634,17.363423,9.333333,存活,12618,12.618000
4,6,Billy Ray Cyrus,0.171734,17.173412,7.000000,存活,12618,12.618000
4,6,Joey Fatone,0.169000,16.899961,9.000000,存活,12618,12.618000
4,6,John Ratzenberger,0.156920,15.692009,6.333333,存活,12618,12.618000
4,6,Ian Ziering,0.152081,15.208121,8.000000,存活,12618,12.618000
4,6,Heather Mills,0.002498,0.249819,7.666667,淘汰,12618,12.618000
4,7,Joey Fatone,0.211141,21.114136,9.833333,存活,16031,16.031000
4,7,Laila Ali,0.210442,21.044164,9.833333,存活,16031,16.031000
4,7,Ian Ziering,0.198767,19.876717,9.000000,存活,16031,16.031000
4,7,Apolo Anton Ohno,0.193225,19.322533,9.000000,存活,16031,16.031000
4,7,Billy Ray Cyrus,0.182594,18.259401,6.333333,存活,16031,16.031000
4,7,John Ratzenberger,0.003830,0.383049,7.500000,淘汰,16031,16.031000
4,8,Apolo Anton Ohno,0.242982,24.298162,9.666667,存活,52487,52.487000
4,8,Joey Fatone,0.234235,23.423522,9.166667,存活,52487,52.487000
4,8,Laila Ali,0.223314,22.331406,8.833333,存活,52487,52.487000
4,8,Ian Ziering,0.202683,20.268276,7.833333,存活,52487,52.487000
4,8,Billy Ray Cyrus,0.096786,9.678634,6.333333,淘汰,52487,52.487000
4,9,Joey Fatone,0.293119,29.311940,10.000000,存活,43511,43.511000
4,9,Laila Ali,0.287758,28.775838,10.000000,存活,43511,43.511000
4,9,Apolo Anton Ohno,0.285461,28.546050,9.833333,存活,43511,43.511000
4,9,Ian Ziering,0.133662,13.366171,9.666667,淘汰,43511,43.511000
4,10,Apolo Anton Ohno,0.338535,33.853543,9.777733,淘汰,100000,100.000000
4,10,Joey Fatone,0.332336,33.233595,9.555500,淘汰,100000,100.000000
4,10,Laila Ali,0.329129,32.912862,9.444400,淘汰,100000,100.000000
5,1,Sabrina Bryan,0.115347,11.534733,8.666667,存活,26975,26.975000
5,1,Jennie Garth,0.094037,9.403736,7.000000,存活,26975,26.975000
5,1,Marie Osmond,0.092556,9.255618,7.000000,存活,26975,26.975000
5,1,Albert Reed,0.091326,9.132590,7.000000,存活,26975,26.975000
5,1,Mark Cuban,0.089995,8.999537,7.000000,存活,26975,26.975000
5,1,Jane Seymour,0.086366,8.636601,8.000000,存活,26975,26.975000
5,1,Helio Castroneves,0.085954,8.595393,8.333333,存活,26975,26.975000
5,1,Mel B,0.085022,8.502158,8.000000,存活,26975,26.975000
5,1,Wayne Newton,0.084540,8.454016,6.333333,存活,26975,26.975000
5,1,Floyd Mayweather Jr. ,0.079725,7.972458,6.000000,存活,26975,26.975000
5,1,Cameron Mathison,0.075666,7.566561,7.000000,存活,26975,26.975000
5,1,Josie Maran,0.019466,1.946599,5.333333,淘汰,26975,26.975000
5,2,Sabrina Bryan,0.118034,11.803438,8.666667,存活,7054,7.054000
5,2,Marie Osmond,0.108389,10.838864,8.000000,存活,7054,7.054000
5,2,Floyd Mayweather Jr. ,0.103502,10.350205,7.000000,存活,7054,7.054000
5,2,Mark Cuban,0.101872,10.187174,6.000000,存活,7054,7.054000
5,2,Jennie Garth,0.100897,10.089687,7.000000,存活,7054,7.054000
5,2,Cameron Mathison,0.098862,9.886239,7.000000,存活,7054,7.054000
5,2,Jane Seymour,0.098839,9.883920,7.000000,存活,7054,7.054000
5,2,Helio Castroneves,0.095178,9.517833,9.000000,存活,7054,7.054000
5,2,Wayne Newton,0.087443,8.744260,5.000000,存活,7054,7.054000
5,2,Mel B,0.084576,8.457624,7.666667,存活,7054,7.054000
5,2,Albert Reed,0.002408,0.240758,7.000000,淘汰,7054,7.054000
5,3,Sabrina Bryan,0.131057,13.105728,9.000000,存活,30604,30.604000
5,3,Jennie Garth,0.126766,12.676593,8.666667,存活,30604,30.604000
5,3,Marie Osmond,0.125197,12.519706,8.666667,存活,30604,30.604000
5,3,Jane Seymour,0.105788,10.578832,9.000000,存活,30604,30.604000
5,3,Mel B,0.104799,10.479907,9.000000,存活,30604,30.604000
5,3,Floyd Mayweather Jr. ,0.100743,10.074251,7.000000,存活,30604,30.604000
5,3,Mark Cuban,0.094370,9.436977,6.666667,存活,30604,30.604000
5,3,Helio Castroneves,0.090604,9.060442,8.000000,存活,30604,30.604000
5,3,Cameron Mathison,0.089918,8.991751,7.666667,存活,30604,30.604000
5,3,Wayne Newton,0.030758,3.075812,6.000000,淘汰,30604,30.604000
5,4,Sabrina Bryan,0.152630,15.262951,10.000000,存活,15858,15.858000
5,4,Mark Cuban,0.141018,14.101809,7.333333,存活,15858,15.858000
5,4,Jennie Garth,0.138730,13.873034,9.000000,存活,15858,15.858000
5,4,Marie Osmond,0.131583,13.158335,8.666667,存活,15858,15.858000
5,4,Cameron Mathison,0.111535,11.153465,9.000000,存活,15858,15.858000
5,4,Mel B,0.107543,10.754258,8.666667,存活,15858,15.858000
5,4,Jane Seymour,0.107479,10.747859,8.666667,存活,15858,15.858000
5,4,Helio Castroneves,0.106958,10.695773,9.000000,存活,15858,15.858000
5,4,Floyd Mayweather Jr. ,0.002525,0.252515,7.666667,淘汰,15858,15.858000
5,5,Sabrina Bryan,0.172361,17.236141,9.333333,存活,21971,21.971000
5,5,Jennie Garth,0.155335,15.533506,8.333333,存活,21971,21.971000
5,5,Mel B,0.144181,14.418102,9.666667,存活,21971,21.971000
5,5,Marie Osmond,0.137083,13.708317,7.000000,存活,21971,21.971000
5,5,Jane Seymour,0.130517,13.051719,8.666667,存活,21971,21.971000
5,5,Cameron Mathison,0.129864,12.986417,8.666667,存活,21971,21.971000
5,5,Helio Castroneves,0.112422,11.242169,7.666667,存活,21971,21.971000
5,5,Mark Cuban,0.018236,1.823628,7.000000,淘汰,21971,21.971000
5,6,Marie Osmond,0.196207,19.620718,7.666667,存活,10313,10.313000
5,6,Jennie Garth,0.176826,17.682622,9.000000,存活,10313,10.313000
5,6,Cameron Mathison,0.172326,17.232566,8.333333,存活,10313,10.313000
5,6,Mel B,0.156958,15.695809,10.000000,存活,10313,10.313000
5,6,Jane Seymour,0.151664,15.166391,7.333333,存活,10313,10.313000
5,6,Helio Castroneves,0.142953,14.295327,9.333333,存活,10313,10.313000
5,6,Sabrina Bryan,0.003066,0.306567,8.333333,淘汰,10313,10.313000
5,7,Jennie Garth,0.213967,21.396676,8.833333,存活,38988,38.988000
5,7,Marie Osmond,0.207686,20.768591,8.666667,存活,38988,38.988000
5,7,Mel B,0.174333,17.433322,9.000000,存活,38988,38.988000
5,7,Cameron Mathison,0.166793,16.679335,8.500000,存活,38988,38.988000
5,7,Helio Castroneves,0.163571,16.357057,8.666667,存活,38988,38.988000
5,7,Jane Seymour,0.073650,7.365018,8.333333,淘汰,38988,38.988000
5,8,Jennie Garth,0.242979,24.297882,8.333333,存活,45680,45.680000
5,8,Marie Osmond,0.236013,23.601288,8.166667,存活,45680,45.680000
5,8,Mel B,0.196795,19.679450,9.333333,存活,45680,45.680000
5,8,Helio Castroneves,0.194662,19.466224,9.500000,存活,45680,45.680000
5,8,Cameron Mathison,0.129552,12.955155,8.500000,淘汰,45680,45.680000
5,9,Marie Osmond,0.445895,44.589496,9.333333,存活,16074,16.074000
5,9,Mel B,0.279011,27.901103,10.000000,存活,16074,16.074000
5,9,Helio Castroneves,0.270152,27.015243,10.000000,存活,16074,16.074000
5,9,Jennie Garth,0.004942,0.494157,9.666667,淘汰,16074,16.074000
5,10,Marie Osmond,0.342007,34.200651,7.666667,淘汰,100000,100.000000
5,10,Mel B,0.333935,33.393531,9.444400,淘汰,100000,100.000000
5,10,Helio Castroneves,0.324058,32.405818,9.333300,淘汰,100000,100.000000
6,1,Kristi Yamaguchi,0.112775,11.277458,9.000000,存活,100000,100.000000
6,1,Priscilla Presley,0.102329,10.232887,8.000000,存活,100000,100.000000
6,1,Mario,0.101645,10.164528,8.000000,存活,100000,100.000000
6,1,Marlee Matlin,0.094118,9.411821,7.333333,存活,100000,100.000000
6,1,Jason Taylor,0.092422,9.242210,7.333333,存活,100000,100.000000
6,1,Shannon Elizabeth,0.090108,9.010841,7.000000,存活,100000,100.000000
6,1,Steve Guttenberg,0.077734,7.773381,6.000000,存活,100000,100.000000
6,1,Marissa Jaret Winokur,0.077638,7.763816,6.000000,存活,100000,100.000000
6,1,Cristian de la Fuente,0.072426,7.242639,7.000000,存活,100000,100.000000
6,1,Penn Jillette,0.065544,6.554399,5.333333,存活,100000,100.000000
6,1,Adam Carolla,0.061908,6.190817,5.000000,存活,100000,100.000000
6,1,Monica Seles,0.051352,5.135204,5.000000,存活,100000,100.000000
6,2,Jason Taylor,0.110388,11.038774,9.000000,存活,39747,39.747000
6,2,Kristi Yamaguchi,0.110268,11.026828,9.000000,存活,39747,39.747000
6,2,Mario,0.108091,10.809077,8.666667,存活,39747,39.747000
6,2,Marlee Matlin,0.100426,10.042571,8.000000,存活,39747,39.747000
6,2,Shannon Elizabeth,0.100263,10.026252,8.000000,存活,39747,39.747000
6,2,Priscilla Presley,0.088213,8.821308,7.000000,存活,39747,39.747000
6,2,Marissa Jaret Winokur,0.088108,8.810846,7.000000,存活,39747,39.747000
6,2,Adam Carolla,0.076436,7.643557,6.333333,存活,39747,39.747000
6,2,Steve Guttenberg,0.073596,7.359599,5.333333,存活,39747,39.747000
6,2,Cristian de la Fuente,0.067428,6.742824,6.666667,存活,39747,39.747000
6,2,Penn Jillette,0.046838,4.683755,5.666667,淘汰,39747,39.747000
6,2,Monica Seles,0.029946,2.994607,5.000000,淘汰,39747,39.747000
6,3,Kristi Yamaguchi,0.123408,12.340826,9.000000,存活,10585,10.585000
6,3,Priscilla Presley,0.119483,11.948269,8.666667,存活,10585,10.585000
6,3,Adam Carolla,0.113855,11.385517,7.000000,存活,10585,10.585000
6,3,Marissa Jaret Winokur,0.112720,11.271979,6.333333,存活,10585,10.585000
6,3,Shannon Elizabeth,0.111293,11.129262,8.000000,存活,10585,10.585000
6,3,Mario,0.110032,11.003214,7.000000,存活,10585,10.585000
6,3,Marlee Matlin,0.108657,10.865686,7.000000,存活,10585,10.585000
6,3,Jason Taylor,0.104722,10.472154,7.666667,存活,10585,10.585000
6,3,Cristian de la Fuente,0.093339,9.333852,8.333333,存活,10585,10.585000
6,3,Steve Guttenberg,0.002492,0.249241,7.000000,淘汰,10585,10.585000
6,4,Kristi Yamaguchi,0.137288,13.728834,9.666667,存活,33589,33.589000
6,4,Jason Taylor,0.136893,13.689294,9.666667,存活,33589,33.589000
6,4,Shannon Elizabeth,0.134767,13.476702,9.333333,存活,33589,33.589000
6,4,Marlee Matlin,0.116327,11.632725,8.000000,存活,33589,33.589000
6,4,Marissa Jaret Winokur,0.115802,11.580212,8.000000,存活,33589,33.589000
6,4,Mario,0.115120,11.512034,8.000000,存活,33589,33.589000
6,4,Priscilla Presley,0.107334,10.733372,7.333333,存活,33589,33.589000
6,4,Cristian de la Fuente,0.101063,10.106334,8.666667,存活,33589,33.589000
6,4,Adam Carolla,0.035405,3.540493,6.333333,淘汰,33589,33.589000
6,5,Kristi Yamaguchi,0.163796,16.379562,9.666667,存活,23664,23.664000
6,5,Mario,0.154567,15.456664,9.000000,存活,23664,23.664000
6,5,Jason Taylor,0.152222,15.222228,9.000000,存活,23664,23.664000
6,5,Marissa Jaret Winokur,0.139052,13.905162,8.000000,存活,23664,23.664000
6,5,Shannon Elizabeth,0.133493,13.349306,7.666667,存活,23664,23.664000
6,5,Marlee Matlin,0.128658,12.865753,7.333333,存活,23664,23.664000
6,5,Cristian de la Fuente,0.108836,10.883641,7.666667,存活,23664,23.664000
6,5,Priscilla Presley,0.019377,1.937684,7.000000,淘汰,23664,23.664000
6,6,Kristi Yamaguchi,0.180215,18.021480,10.000000,存活,40904,40.904000
6,6,Mario,0.169933,16.993297,9.333333,存活,40904,40.904000
6,6,Marissa Jaret Winokur,0.159382,15.938230,8.666667,存活,40904,40.904000
6,6,Shannon Elizabeth,0.148090,14.808989,8.000000,存活,40904,40.904000
6,6,Jason Taylor,0.145078,14.507811,8.000000,存活,40904,40.904000
6,6,Cristian de la Fuente,0.133545,13.354484,9.000000,存活,40904,40.904000
6,6,Marlee Matlin,0.063757,6.375711,7.000000,淘汰,40904,40.904000
6,7,Mario,0.219701,21.970126,8.500000,存活,14292,14.292000
6,7,Jason Taylor,0.200147,20.014670,9.166667,存活,14292,14.292000
6,7,Kristi Yamaguchi,0.198761,19.876075,9.000000,存活,14292,14.292000
6,7,Marissa Jaret Winokur,0.194701,19.470055,8.666667,存活,14292,14.292000
6,7,Cristian de la Fuente,0.183225,18.322507,7.666667,存活,14292,14.292000
6,7,Shannon Elizabeth,0.003466,0.346567,8.500000,淘汰,14292,14.292000
6,8,Jason Taylor,0.289094,28.909352,8.666667,存活,12692,12.692000
6,8,Marissa Jaret Winokur,0.283486,28.348574,8.333333,存活,12692,12.692000
6,8,Kristi Yamaguchi,0.230052,23.005250,9.166667,存活,12692,12.692000
6,8,Cristian de la Fuente,0.193597,19.359738,9.500000,存活,12692,12.692000
6,8,Mario,0.003771,0.377087,8.833333,淘汰,12692,12.692000
6,9,Kristi Yamaguchi,0.345066,34.506626,9.500000,存活,21387,21.387000
6,9,Jason Taylor,0.340625,34.062475,9.166667,存活,21387,21.387000
6,9,Cristian de la Fuente,0.289775,28.977463,9.333333,存活,21387,21.387000
6,9,Marissa Jaret Winokur,0.024534,2.453436,8.666667,淘汰,21387,21.387000
6,10,Kristi Yamaguchi,0.368255,36.825468,10.000000,淘汰,100000,100.000000
6,10,Jason Taylor,0.353348,35.334844,9.500000,淘汰,100000,100.000000
6,10,Cristian de la Fuente,0.278397,27.839688,8.666667,淘汰,100000,100.000000
7,1,Brooke Burke,0.095136,9.513604,8.166667,存活,33823,33.823000
7,1,Toni Braxton,0.092385,9.238496,7.500000,存活,33823,33.823000
7,1,Lance Bass,0.088843,8.884328,7.166667,存活,33823,33.823000
7,1,Warren Sapp,0.087339,8.733853,7.166667,存活,33823,33.823000
7,1,Misty May-Treanor,0.085594,8.559372,7.000000,存活,33823,33.823000
7,1,Cody Linley,0.085064,8.506411,6.833333,存活,33823,33.823000
7,1,Maurice Greene,0.079522,7.952174,6.500000,存活,33823,33.823000
7,1,Susan Lucci,0.078924,7.892405,6.166667,存活,33823,33.823000
7,1,Kim Kardashian,0.077076,7.707606,6.166667,存活,33823,33.823000
7,1,Rocco DiSpirito,0.074459,7.445894,5.833333,存活,33823,33.823000
7,1,Cloris Leachman,0.070831,7.083091,5.333333,存活,33823,33.823000
7,1,Ted McGinley,0.060351,6.035078,6.166667,淘汰,33823,33.823000
7,1,Jeffrey Ross,0.024477,2.447687,4.000000,淘汰,33823,33.823000
7,2,Warren Sapp,0.109957,10.995718,8.000000,存活,18568,18.568000
7,2,Brooke Burke,0.107342,10.734213,8.000000,存活,18568,18.568000
7,2,Toni Braxton,0.106115,10.611544,7.666667,存活,18568,18.568000
7,2,Susan Lucci,0.100653,10.065285,7.000000,存活,18568,18.568000
7,2,Lance Bass,0.100314,10.031351,6.666667,存活,18568,18.568000
7,2,Cody Linley,0.099799,9.979932,7.000000,存活,18568,18.568000
7,2,Maurice Greene,0.094791,9.479093,6.333333,存活,18568,18.568000
7,2,Rocco DiSpirito,0.091870,9.186961,5.333333,存活,18568,18.568000
7,2,Cloris Leachman,0.089501,8.950131,5.000000,存活,18568,18.568000
7,2,Misty May-Treanor,0.068507,6.850717,7.000000,淘汰,18568,18.568000
7,2,Kim Kardashian,0.031151,3.115053,5.666667,淘汰,18568,18.568000
7,3,Brooke Burke,0.136011,13.601086,9.333333,存活,100000,100.000000
7,3,Warren Sapp,0.124783,12.478294,8.333333,存活,100000,100.000000
7,3,Maurice Greene,0.120079,12.007870,8.000000,存活,100000,100.000000
7,3,Lance Bass,0.111444,11.144448,7.333333,存活,100000,100.000000
7,3,Toni Braxton,0.111324,11.132385,7.333333,存活,100000,100.000000
7,3,Cody Linley,0.107517,10.751724,7.000000,存活,100000,100.000000
7,3,Susan Lucci,0.107071,10.707051,7.000000,存活,100000,100.000000
7,3,Rocco DiSpirito,0.098790,9.879001,6.666667,存活,100000,100.000000
7,3,Cloris Leachman,0.082981,8.298141,5.333333,存活,100000,100.000000
7,4,Lance Bass,0.135471,13.547069,8.666667,存活,33515,33.515000
7,4,Brooke Burke,0.131480,13.147991,8.666667,存活,33515,33.515000
7,4,Susan Lucci,0.125880,12.588012,8.000000,存活,33515,33.515000
7,4,Cody Linley,0.121289,12.128892,7.666667,存活,33515,33.515000
7,4,Cloris Leachman,0.115883,11.588298,7.333333,存活,33515,33.515000
7,4,Toni Braxton,0.115109,11.510942,7.333333,存活,33515,33.515000
7,4,Warren Sapp,0.114094,11.409413,7.333333,存活,33515,33.515000
7,4,Maurice Greene,0.103833,10.383297,6.666667,存活,33515,33.515000
7,4,Rocco DiSpirito,0.036961,3.696088,6.000000,淘汰,33515,33.515000
7,5,Brooke Burke,0.150854,15.085384,9.666667,存活,11834,11.834000
7,5,Cody Linley,0.150068,15.006780,9.333333,存活,11834,11.834000
7,5,Cloris Leachman,0.146316,14.631626,7.000000,存活,11834,11.834000
7,5,Lance Bass,0.144979,14.497876,7.000000,存活,11834,11.834000
7,5,Maurice Greene,0.142705,14.270529,9.000000,存活,11834,11.834000
7,5,Warren Sapp,0.131199,13.119933,8.333333,存活,11834,11.834000
7,5,Susan Lucci,0.131046,13.104620,7.333333,存活,11834,11.834000
7,5,Toni Braxton,0.002833,0.283252,7.333333,淘汰,11834,11.834000
7,6,Lance Bass,0.176628,17.662813,9.000000,存活,41021,41.021000
7,6,Brooke Burke,0.165417,16.541744,8.666667,存活,41021,41.021000
7,6,Warren Sapp,0.162736,16.273634,8.333333,存活,41021,41.021000
7,6,Cody Linley,0.153214,15.321389,7.666667,存活,41021,41.021000
7,6,Susan Lucci,0.152970,15.296951,7.666667,存活,41021,41.021000
7,6,Maurice Greene,0.137620,13.762026,7.000000,存活,41021,41.021000
7,6,Cloris Leachman,0.051414,5.141443,5.000000,淘汰,41021,41.021000
7,7,Cody Linley,0.215826,21.582555,7.333333,存活,12783,12.783000
7,7,Brooke Burke,0.210789,21.078883,10.000000,存活,12783,12.783000
7,7,Warren Sapp,0.202022,20.202211,7.000000,存活,12783,12.783000
7,7,Lance Bass,0.184043,18.404293,8.333333,存活,12783,12.783000
7,7,Maurice Greene,0.183690,18.368991,8.333333,存活,12783,12.783000
7,7,Susan Lucci,0.003631,0.363066,8.000000,淘汰,12783,12.783000
7,8,Warren Sapp,0.230481,23.048140,9.000000,存活,40897,40.897000
7,8,Brooke Burke,0.229989,22.998949,9.166667,存活,40897,40.897000
7,8,Cody Linley,0.220915,22.091454,8.000000,存活,40897,40.897000
7,8,Lance Bass,0.215521,21.552118,8.333333,存活,40897,40.897000
7,8,Maurice Greene,0.103093,10.309338,8.000000,淘汰,40897,40.897000
7,9,Lance Bass,0.311279,31.127904,9.500000,存活,60442,60.442000
7,9,Warren Sapp,0.267560,26.756017,8.166667,存活,60442,60.442000
7,9,Brooke Burke,0.262751,26.275059,8.166667,存活,60442,60.442000
7,9,Cody Linley,0.158410,15.841020,7.666667,淘汰,60442,60.442000
7,10,Brooke Burke,0.344408,34.440791,10.000000,淘汰,100000,100.000000
7,10,Lance Bass,0.329617,32.961746,9.166667,淘汰,100000,100.000000
7,10,Warren Sapp,0.325975,32.597463,9.166667,淘汰,100000,100.000000
8,1,Shawn Johnson,0.097185,9.718520,7.666667,存活,100000,100.000000
8,1,Melissa Rycroft,0.095275,9.527454,7.666667,存活,100000,100.000000
8,1,Lil' Kim,0.090022,9.002185,7.000000,存活,100000,100.000000
8,1,Chuck Wicks,0.086130,8.613011,6.666667,存活,100000,100.000000
8,1,Gilles Marini,0.082976,8.297581,8.000000,存活,100000,100.000000
8,1,David Alan Grier,0.082205,8.220495,6.333333,存活,100000,100.000000
8,1,Denise Richards,0.077758,7.775795,6.000000,存活,100000,100.000000
8,1,Holly Madison,0.075232,7.523229,6.000000,存活,100000,100.000000
8,1,Belinda Carlisle,0.073149,7.314884,5.666667,存活,100000,100.000000
8,1,Lawrence Taylor,0.068403,6.840257,5.333333,存活,100000,100.000000
8,1,Ty Murray,0.060054,6.005384,4.666667,存活,100000,100.000000
8,1,Steve-O,0.057146,5.714630,5.666667,存活,100000,100.000000
8,1,Steve Wozniak,0.054466,5.446575,4.333333,存活,100000,100.000000
8,2,Melissa Rycroft,0.098672,9.867226,8.666667,存活,8698,8.698000
8,2,Shawn Johnson,0.094198,9.419762,8.000000,存活,8698,8.698000
8,2,Lil' Kim,0.090699,9.069865,7.666667,存活,8698,8.698000
8,2,Gilles Marini,0.086660,8.666003,9.000000,存活,8698,8.698000
8,2,David Alan Grier,0.086568,8.656791,5.666667,存活,8698,8.698000
8,2,Denise Richards,0.083837,8.383718,7.000000,存活,8698,8.698000
8,2,Holly Madison,0.082533,8.253326,6.000000,存活,8698,8.698000
8,2,Steve Wozniak,0.082402,8.240230,5.666667,存活,8698,8.698000
8,2,Chuck Wicks,0.079675,7.967476,6.666667,存活,8698,8.698000
8,2,Ty Murray,0.078961,7.896106,6.666667,存活,8698,8.698000
8,2,Lawrence Taylor,0.078485,7.848529,6.666667,存活,8698,8.698000
8,2,Steve-O,0.054834,5.483450,4.666667,存活,8698,8.698000
8,2,Belinda Carlisle,0.002475,0.247517,6.000000,淘汰,8698,8.698000
8,3,Shawn Johnson,0.113225,11.322510,9.000000,存活,12708,12.708000
8,3,Melissa Rycroft,0.112156,11.215567,9.000000,存活,12708,12.708000
8,3,Lil' Kim,0.107067,10.706708,8.333333,存活,12708,12.708000
8,3,David Alan Grier,0.103598,10.359825,8.000000,存活,12708,12.708000
8,3,Chuck Wicks,0.098595,9.859537,7.666667,存活,12708,12.708000
8,3,Ty Murray,0.097283,9.728327,7.666667,存活,12708,12.708000
8,3,Gilles Marini,0.093157,9.315675,9.000000,存活,12708,12.708000
8,3,Lawrence Taylor,0.085131,8.513088,6.666667,存活,12708,12.708000
8,3,Holly Madison,0.070798,7.079816,5.666667,存活,12708,12.708000
8,3,Steve-O,0.063535,6.353529,5.000000,存活,12708,12.708000
8,3,Steve Wozniak,0.052416,5.241594,3.333333,存活,12708,12.708000
8,3,Denise Richards,0.003038,0.303826,5.333333,淘汰,12708,12.708000
8,4,Melissa Rycroft,0.120219,12.021936,9.666667,存活,50532,50.532000
8,4,Lil' Kim,0.116176,11.617619,9.000000,存活,50532,50.532000
8,4,Ty Murray,0.111096,11.109611,8.333333,存活,50532,50.532000
8,4,Shawn Johnson,0.111008,11.100828,8.333333,存活,50532,50.532000
8,4,Gilles Marini,0.103385,10.338490,10.000000,存活,50532,50.532000
8,4,David Alan Grier,0.101450,10.145023,7.333333,存活,50532,50.532000
8,4,Chuck Wicks,0.100668,10.066753,7.333333,存活,50532,50.532000
8,4,Lawrence Taylor,0.086695,8.669519,6.333333,存活,50532,50.532000
8,4,Steve-O,0.057417,5.741724,5.000000,存活,50532,50.532000
8,4,Holly Madison,0.054717,5.471675,5.333333,淘汰,50532,50.532000
8,4,Steve Wozniak,0.037168,3.716823,4.000000,淘汰,50532,50.532000
8,5,Ty Murray,0.138729,13.872890,7.000000,存活,10265,10.265000
8,5,Lil' Kim,0.134848,13.484819,8.666667,存活,10265,10.265000
8,5,Shawn Johnson,0.132540,13.254014,8.666667,存活,10265,10.265000
8,5,Lawrence Taylor,0.132164,13.216411,6.666667,存活,10265,10.265000
8,5,Melissa Rycroft,0.124501,12.450078,8.333333,存活,10265,10.265000
8,5,Gilles Marini,0.122394,12.239435,9.666667,存活,10265,10.265000
8,5,Chuck Wicks,0.118789,11.878862,7.666667,存活,10265,10.265000
8,5,Steve-O,0.093317,9.331689,6.000000,存活,10265,10.265000
8,5,David Alan Grier,0.002718,0.271802,7.333333,淘汰,10265,10.265000
8,6,Lil' Kim,0.164370,16.437026,9.333333,存活,36910,36.910000
8,6,Melissa Rycroft,0.153662,15.366176,9.000000,存活,36910,36.910000
8,6,Shawn Johnson,0.151796,15.179566,8.666667,存活,36910,36.910000
8,6,Chuck Wicks,0.136231,13.623108,7.666667,存活,36910,36.910000
8,6,Lawrence Taylor,0.129259,12.925885,7.333333,存活,36910,36.910000
8,6,Gilles Marini,0.124159,12.415921,8.666667,存活,36910,36.910000
8,6,Ty Murray,0.106470,10.646980,6.000000,存活,36910,36.910000
8,6,Steve-O,0.034053,3.405339,5.333333,淘汰,36910,36.910000
8,7,Melissa Rycroft,0.170702,17.070245,9.666667,存活,40748,40.748000
8,7,Shawn Johnson,0.167474,16.747391,9.333333,存活,40748,40.748000
8,7,Chuck Wicks,0.163886,16.388603,9.000000,存活,40748,40.748000
8,7,Lil' Kim,0.158093,15.809252,8.666667,存活,40748,40.748000
8,7,Ty Murray,0.144600,14.460011,8.000000,存活,40748,40.748000
8,7,Gilles Marini,0.132673,13.267292,9.000000,存活,40748,40.748000
8,7,Lawrence Taylor,0.062572,6.257206,7.000000,淘汰,40748,40.748000
8,8,Melissa Rycroft,0.225224,22.522405,7.666667,存活,15927,15.927000
8,8,Lil' Kim,0.210885,21.088524,9.333333,存活,15927,15.927000
8,8,Ty Murray,0.195932,19.593225,8.666667,存活,15927,15.927000
8,8,Shawn Johnson,0.194160,19.415974,8.666667,存活,15927,15.927000
8,8,Gilles Marini,0.170281,17.028105,9.166667,存活,15927,15.927000
8,8,Chuck Wicks,0.003518,0.351767,8.500000,淘汰,15927,15.927000
8,9,Ty Murray,0.283381,28.338133,7.666667,存活,15933,15.933000
8,9,Shawn Johnson,0.251794,25.179418,9.333333,存活,15933,15.933000
8,9,Melissa Rycroft,0.251389,25.138894,9.500000,存活,15933,15.933000
8,9,Gilles Marini,0.209176,20.917641,9.333333,存活,15933,15.933000
8,9,Lil' Kim,0.004259,0.425914,8.666667,淘汰,15933,15.933000
8,10,Shawn Johnson,0.295569,29.556877,9.333333,存活,60839,60.839000
8,10,Melissa Rycroft,0.286454,28.645409,9.166667,存活,60839,60.839000
8,10,Gilles Marini,0.259760,25.976007,10.000000,存活,60839,60.839000
8,10,Ty Murray,0.158217,15.821707,8.000000,淘汰,60839,60.839000
8,11,Shawn Johnson,0.361048,36.104831,10.000000,淘汰,100000,100.000000
8,11,Melissa Rycroft,0.341336,34.133572,9.500000,淘汰,100000,100.000000
8,11,Gilles Marini,0.297616,29.761597,9.666667,淘汰,100000,100.000000
9,1,Aaron Carter,0.084364,8.436389,10.666633,存活,33171,33.171000
9,1,Mya,0.081849,8.184916,10.333300,存活,33171,33.171000
9,1,Donny Osmond,0.079132,7.913248,9.999967,存活,33171,33.171000
9,1,Mark Dacascos,0.077317,7.731735,9.666600,存活,33171,33.171000
9,1,Louie Vito,0.070990,7.099047,8.999933,存活,33171,33.171000
9,1,Joanna Krupa,0.070765,7.076517,11.333300,存活,33171,33.171000
9,1,Natalie Coughlin,0.070396,7.039619,8.999933,存活,33171,33.171000
9,1,Melissa Joan Hart,0.064350,6.435039,8.000000,存活,33171,33.171000
9,1,Kelly Osbourne,0.063861,6.386129,10.333267,存活,33171,33.171000
9,1,Debi Mazar,0.059088,5.908788,7.333333,存活,33171,33.171000
9,1,Chuck Liddell,0.058041,5.804052,7.333333,存活,33171,33.171000
9,1,Michael Irvin,0.057306,5.730616,6.333333,存活,33171,33.171000
9,1,Kathy Ireland,0.052260,5.225992,6.666633,存活,33171,33.171000
9,1,Tom DeLay,0.050316,5.031601,6.666633,存活,33171,33.171000
9,1,Ashley Hamiliton,0.030402,3.040159,6.333300,淘汰,33171,33.171000
9,1,Macy Gray,0.029562,2.956153,6.333300,淘汰,33171,33.171000
9,2,Mya,0.099417,9.941690,9.000000,存活,16636,16.636000
9,2,Aaron Carter,0.098922,9.892188,9.000000,存活,16636,16.636000
9,2,Donny Osmond,0.092375,9.237493,8.333333,存活,16636,16.636000
9,2,Debi Mazar,0.078330,7.832983,7.000000,存活,16636,16.636000
9,2,Mark Dacascos,0.077929,7.792887,7.000000,存活,16636,16.636000
9,2,Natalie Coughlin,0.076592,7.659208,7.000000,存活,16636,16.636000
9,2,Tom DeLay,0.075971,7.597109,6.000000,存活,16636,16.636000
9,2,Michael Irvin,0.072950,7.294986,6.666667,存活,16636,16.636000
9,2,Melissa Joan Hart,0.071375,7.137462,6.333333,存活,16636,16.636000
9,2,Chuck Liddell,0.070125,7.012495,6.333333,存活,16636,16.636000
9,2,Louie Vito,0.069982,6.998228,6.333333,存活,16636,16.636000
9,2,Joanna Krupa,0.058452,5.845242,6.666667,存活,16636,16.636000
9,2,Kelly Osbourne,0.055320,5.531993,6.333333,存活,16636,16.636000
9,2,Kathy Ireland,0.002260,0.226037,6.000000,淘汰,16636,16.636000
9,3,Mya,0.111668,11.166829,9.000000,存活,27124,27.124000
9,3,Natalie Coughlin,0.106714,10.671443,8.666667,存活,27124,27.124000
9,3,Aaron Carter,0.087831,8.783145,7.000000,存活,27124,27.124000
9,3,Donny Osmond,0.087703,8.770270,7.000000,存活,27124,27.124000
9,3,Louie Vito,0.082679,8.267868,6.666667,存活,27124,27.124000
9,3,Melissa Joan Hart,0.080535,8.053487,6.333333,存活,27124,27.124000
9,3,Mark Dacascos,0.076204,7.620443,6.000000,存活,27124,27.124000
9,3,Chuck Liddell,0.075634,7.563389,5.666667,存活,27124,27.124000
9,3,Joanna Krupa,0.075589,7.558900,7.666667,存活,27124,27.124000
9,3,Michael Irvin,0.073765,7.376478,4.666667,存活,27124,27.124000
9,3,Kelly Osbourne,0.065164,6.516392,6.666667,存活,27124,27.124000
9,3,Debi Mazar,0.044297,4.429690,5.666667,淘汰,27124,27.124000
9,3,Tom DeLay,0.032217,3.221667,5.000000,淘汰,27124,27.124000
9,4,Melissa Joan Hart,0.125701,12.570066,9.333333,存活,12805,12.805000
9,4,Mya,0.124821,12.482086,9.333333,存活,12805,12.805000
9,4,Donny Osmond,0.107113,10.711324,8.000000,存活,12805,12.805000
9,4,Natalie Coughlin,0.105649,10.564906,8.000000,存活,12805,12.805000
9,4,Mark Dacascos,0.099389,9.938853,7.333333,存活,12805,12.805000
9,4,Joanna Krupa,0.091343,9.134333,8.666667,存活,12805,12.805000
9,4,Michael Irvin,0.090746,9.074629,5.333333,存活,12805,12.805000
9,4,Louie Vito,0.090739,9.073923,5.333333,存活,12805,12.805000
9,4,Aaron Carter,0.081025,8.102483,6.000000,存活,12805,12.805000
9,4,Kelly Osbourne,0.080524,8.052363,7.666667,存活,12805,12.805000
9,4,Chuck Liddell,0.002950,0.295033,5.666667,淘汰,12805,12.805000
9,5,Donny Osmond,0.131240,13.123982,9.666667,存活,14251,14.251000
9,5,Mya,0.123510,12.350985,9.000000,存活,14251,14.251000
9,5,Michael Irvin,0.122268,12.226834,7.000000,存活,14251,14.251000
9,5,Mark Dacascos,0.121065,12.106488,8.666667,存活,14251,14.251000
9,5,Louie Vito,0.111073,11.107349,7.333333,存活,14251,14.251000
9,5,Aaron Carter,0.109385,10.938467,8.000000,存活,14251,14.251000
9,5,Melissa Joan Hart,0.106262,10.626234,7.666667,存活,14251,14.251000
9,5,Joanna Krupa,0.086766,8.676597,8.000000,存活,14251,14.251000
9,5,Kelly Osbourne,0.086031,8.603078,8.000000,存活,14251,14.251000
9,5,Natalie Coughlin,0.002400,0.239985,7.333333,淘汰,14251,14.251000
9,6,Aaron Carter,0.141600,14.159964,10.999933,存活,28853,28.853000
9,6,Mya,0.141076,14.107588,11.000000,存活,28853,28.853000
9,6,Mark Dacascos,0.137983,13.798306,10.666667,存活,28853,28.853000
9,6,Donny Osmond,0.132725,13.272453,10.333300,存活,28853,28.853000
9,6,Michael Irvin,0.121488,12.148832,7.333267,存活,28853,28.853000
9,6,Joanna Krupa,0.121140,12.113988,11.999967,存活,28853,28.853000
9,6,Kelly Osbourne,0.084733,8.473343,8.333267,存活,28853,28.853000
9,6,Louie Vito,0.059760,5.975995,8.000000,淘汰,28853,28.853000
9,6,Melissa Joan Hart,0.059495,5.949531,7.999967,淘汰,28853,28.853000
9,7,Aaron Carter,0.174491,17.449128,8.833333,存活,57154,57.154000
9,7,Donny Osmond,0.170971,17.097087,8.666667,存活,57154,57.154000
9,7,Mya,0.161465,16.146457,8.166667,存活,57154,57.154000
9,7,Joanna Krupa,0.143196,14.319581,9.166667,存活,57154,57.154000
9,7,Kelly Osbourne,0.134485,13.448528,8.666667,存活,57154,57.154000
9,7,Michael Irvin,0.110735,11.073507,7.833333,淘汰,57154,57.154000
9,7,Mark Dacascos,0.104657,10.465713,7.166667,淘汰,57154,57.154000
9,8,Mya,0.292358,29.235760,9.833333,存活,17883,17.883000
9,8,Donny Osmond,0.289978,28.997812,8.333333,存活,17883,17.883000
9,8,Joanna Krupa,0.208649,20.864916,8.666667,存活,17883,17.883000
9,8,Kelly Osbourne,0.204186,20.418642,8.500000,存活,17883,17.883000
9,8,Aaron Carter,0.004829,0.482870,8.333333,淘汰,17883,17.883000
9,9,Donny Osmond,0.374605,37.460488,8.222200,存活,12909,12.909000
9,9,Mya,0.310598,31.059823,9.666633,存活,12909,12.909000
9,9,Kelly Osbourne,0.307015,30.701499,8.666600,存活,12909,12.909000
9,9,Joanna Krupa,0.007782,0.778189,9.000000,淘汰,12909,12.909000
9,10,Donny Osmond,0.369586,36.958550,9.666600,淘汰,100000,100.000000
9,10,Mya,0.362711,36.271097,9.444400,淘汰,100000,100.000000
9,10,Kelly Osbourne,0.267704,26.770352,8.407400,淘汰,100000,100.000000
10,1,Nicole Scherzinger,0.123084,12.308425,8.333333,存活,100000,100.000000
10,1,Evan Lysacek,0.112451,11.245088,7.666667,存活,100000,100.000000
10,1,Erin Andrews,0.100489,10.048852,7.000000,存活,100000,100.000000
10,1,Jake Pavelka,0.096747,9.674655,6.666667,存活,100000,100.000000
10,1,Shannen Doherty,0.090912,9.091240,6.000000,存活,100000,100.000000
10,1,Niecy Nash,0.090464,9.046387,6.000000,存活,100000,100.000000
10,1,Chad Ochocinco,0.089233,8.923263,6.000000,存活,100000,100.000000
10,1,Pamela Anderson,0.082316,8.231621,7.000000,存活,100000,100.000000
10,1,Kate Gosselin,0.078103,7.810298,5.333333,存活,100000,100.000000
10,1,Buzz Aldrin,0.074825,7.482517,4.666667,存活,100000,100.000000
10,1,Aiden Turner,0.061377,6.137655,5.000000,存活,100000,100.000000
10,2,Nicole Scherzinger,0.131433,13.143283,9.333333,存活,6941,6.941000
10,2,Jake Pavelka,0.112322,11.232153,6.666667,存活,6941,6.941000
10,2,Evan Lysacek,0.111990,11.199007,8.000000,存活,6941,6.941000
10,2,Erin Andrews,0.104978,10.497806,7.666667,存活,6941,6.941000
10,2,Niecy Nash,0.100221,10.022139,7.000000,存活,6941,6.941000
10,2,Chad Ochocinco,0.096077,9.607700,5.333333,存活,6941,6.941000
10,2,Aiden Turner,0.092969,9.296869,6.333333,存活,6941,6.941000
10,2,Kate Gosselin,0.088248,8.824801,5.000000,存活,6941,6.941000
10,2,Pamela Anderson,0.082195,8.219514,7.333333,存活,6941,6.941000
10,2,Buzz Aldrin,0.076860,7.685985,4.000000,存活,6941,6.941000
10,2,Shannen Doherty,0.002707,0.270742,6.666667,淘汰,6941,6.941000
10,3,Evan Lysacek,0.138139,13.813903,8.666667,存活,30678,30.678000
10,3,Nicole Scherzinger,0.124469,12.446934,7.666667,存活,30678,30.678000
10,3,Erin Andrews,0.119278,11.927835,7.666667,存活,30678,30.678000
10,3,Niecy Nash,0.114885,11.488516,7.000000,存活,30678,30.678000
10,3,Jake Pavelka,0.110470,11.047027,7.000000,存活,30678,30.678000
10,3,Chad Ochocinco,0.107648,10.764757,6.666667,存活,30678,30.678000
10,3,Pamela Anderson,0.089515,8.951513,7.000000,存活,30678,30.678000
10,3,Aiden Turner,0.088106,8.810574,6.666667,存活,30678,30.678000
10,3,Kate Gosselin,0.079311,7.931092,5.000000,存活,30678,30.678000
10,3,Buzz Aldrin,0.028178,2.817850,4.333333,淘汰,30678,30.678000
10,4,Evan Lysacek,0.149889,14.988919,8.666667,存活,29472,29.472000
10,4,Nicole Scherzinger,0.146653,14.665297,8.333333,存活,29472,29.472000
10,4,Chad Ochocinco,0.127217,12.721697,7.333333,存活,29472,29.472000
10,4,Erin Andrews,0.110346,11.034606,6.500000,存活,29472,29.472000
10,4,Jake Pavelka,0.108679,10.867866,6.333333,存活,29472,29.472000
10,4,Pamela Anderson,0.108250,10.825021,7.833333,存活,29472,29.472000
10,4,Niecy Nash,0.106725,10.672509,6.000000,存活,29472,29.472000
10,4,Kate Gosselin,0.105969,10.596917,5.333333,存活,29472,29.472000
10,4,Aiden Turner,0.036272,3.627168,5.500000,淘汰,29472,29.472000
10,5,Nicole Scherzinger,0.181191,18.119097,9.666667,存活,36683,36.683000
10,5,Evan Lysacek,0.166829,16.682892,9.000000,存活,36683,36.683000
10,5,Jake Pavelka,0.141175,14.117458,7.666667,存活,36683,36.683000
10,5,Erin Andrews,0.134161,13.416073,7.333333,存活,36683,36.683000
10,5,Niecy Nash,0.115738,11.573759,6.000000,存活,36683,36.683000
10,5,Chad Ochocinco,0.113345,11.334454,6.000000,存活,36683,36.683000
10,5,Pamela Anderson,0.104954,10.495412,7.000000,存活,36683,36.683000
10,5,Kate Gosselin,0.042609,4.260856,5.000000,淘汰,36683,36.683000
10,6,Nicole Scherzinger,0.189442,18.944172,11.999967,存活,41034,41.034000
10,6,Erin Andrews,0.173809,17.380927,11.333333,存活,41034,41.034000
10,6,Chad Ochocinco,0.164108,16.410789,10.333300,存活,41034,41.034000
10,6,Evan Lysacek,0.143058,14.305784,9.000000,存活,41034,41.034000
10,6,Niecy Nash,0.139902,13.990187,8.666600,存活,41034,41.034000
10,6,Pamela Anderson,0.126324,12.632383,9.999933,存活,41034,41.034000
10,6,Jake Pavelka,0.063358,6.335757,8.333300,淘汰,41034,41.034000
10,7,Niecy Nash,0.193931,19.393114,8.166667,存活,42133,42.133000
10,7,Nicole Scherzinger,0.187389,18.738905,9.000000,存活,42133,42.133000
10,7,Evan Lysacek,0.185216,18.521616,9.000000,存活,42133,42.133000
10,7,Chad Ochocinco,0.178430,17.843044,8.666667,存活,42133,42.133000
10,7,Erin Andrews,0.170469,17.046916,8.500000,存活,42133,42.133000
10,7,Pamela Anderson,0.084564,8.456406,8.500000,淘汰,42133,42.133000
10,8,Nicole Scherzinger,0.251883,25.188267,9.833333,存活,51252,51.252000
10,8,Evan Lysacek,0.225948,22.594780,8.833333,存活,51252,51.252000
10,8,Erin Andrews,0.220053,22.005265,8.833333,存活,51252,51.252000
10,8,Chad Ochocinco,0.194651,19.465110,7.500000,存活,51252,51.252000
10,8,Niecy Nash,0.107466,10.746579,7.166667,淘汰,51252,51.252000
10,9,Nicole Scherzinger,0.289969,28.996929,9.833333,存活,61003,61.003000
10,9,Evan Lysacek,0.286807,28.680671,9.833333,存活,61003,61.003000
10,9,Erin Andrews,0.265804,26.580402,9.333333,存活,61003,61.003000
10,9,Chad Ochocinco,0.157420,15.741998,8.666667,淘汰,61003,61.003000
10,10,Nicole Scherzinger,0.349552,34.955172,9.592567,淘汰,100000,100.000000
10,10,Evan Lysacek,0.327642,32.764177,8.962900,淘汰,100000,100.000000
10,10,Erin Andrews,0.322807,32.280651,8.999933,淘汰,100000,100.000000
11,1,Jennifer Grey,0.112555,11.255499,8.000000,存活,14393,14.393000
11,1,Kyle Massey,0.107969,10.796899,7.666667,存活,14393,14.393000
11,1,Brandy,0.107018,10.701765,7.666667,存活,14393,14.393000
11,1,Kurt Warner,0.088531,8.853070,6.333333,存活,14393,14.393000
11,1,Audrina Patridge,0.086572,8.657180,6.333333,存活,14393,14.393000
11,1,Florence Henderson,0.085842,8.584165,6.000000,存活,14393,14.393000
11,1,Bristol Palin,0.082878,8.287786,6.000000,存活,14393,14.393000
11,1,Margaret Cho,0.082399,8.239871,5.000000,存活,14393,14.393000
11,1,The Situation,0.082369,8.236935,5.000000,存活,14393,14.393000
11,1,Rick Fox,0.082201,8.220097,7.333333,存活,14393,14.393000
11,1,Michael Bolton,0.075761,7.576056,5.333333,存活,14393,14.393000
11,1,David Hasselhoff,0.005907,0.590677,5.000000,淘汰,14393,14.393000
11,2,Jennifer Grey,0.116333,11.633288,8.000000,存活,28709,28.709000
11,2,Audrina Patridge,0.107881,10.788080,7.666667,存活,28709,28.709000
11,2,Kyle Massey,0.106908,10.690821,7.333333,存活,28709,28.709000
11,2,Bristol Palin,0.102992,10.299213,7.333333,存活,28709,28.709000
11,2,Brandy,0.101533,10.153345,7.000000,存活,28709,28.709000
11,2,Kurt Warner,0.100552,10.055165,7.000000,存活,28709,28.709000
11,2,Florence Henderson,0.093078,9.307774,6.333333,存活,28709,28.709000
11,2,The Situation,0.084858,8.485805,6.000000,存活,28709,28.709000
11,2,Margaret Cho,0.084802,8.480155,6.000000,存活,28709,28.709000
11,2,Rick Fox,0.080862,8.086228,7.000000,存活,28709,28.709000
11,2,Michael Bolton,0.020201,2.020127,4.000000,淘汰,28709,28.709000
11,3,Audrina Patridge,0.123842,12.384188,8.666667,存活,30751,30.751000
11,3,Jennifer Grey,0.119457,11.945691,8.000000,存活,30751,30.751000
11,3,Brandy,0.118280,11.828044,8.000000,存活,30751,30.751000
11,3,Kyle Massey,0.113671,11.367096,7.666667,存活,30751,30.751000
11,3,Kurt Warner,0.112042,11.204186,7.666667,存活,30751,30.751000
11,3,Florence Henderson,0.099797,9.979653,6.666667,存活,30751,30.751000
11,3,The Situation,0.096760,9.676011,6.666667,存活,30751,30.751000
11,3,Rick Fox,0.094365,9.436497,8.000000,存活,30751,30.751000
11,3,Bristol Palin,0.091431,9.143133,6.333333,存活,30751,30.751000
11,3,Margaret Cho,0.030355,3.035503,6.000000,淘汰,30751,30.751000
11,4,Jennifer Grey,0.168793,16.879299,9.333333,存活,33336,33.336000
11,4,Brandy,0.144167,14.416725,8.000000,存活,33336,33.336000
11,4,Audrina Patridge,0.134318,13.431756,7.666667,存活,33336,33.336000
11,4,Kyle Massey,0.121517,12.151708,6.666667,存活,33336,33.336000
11,4,Florence Henderson,0.107024,10.702362,5.833333,存活,33336,33.336000
11,4,Kurt Warner,0.101771,10.177098,5.666667,存活,33336,33.336000
11,4,Bristol Palin,0.094619,9.461860,5.333333,存活,33336,33.336000
11,4,Rick Fox,0.093569,9.356946,6.500000,存活,33336,33.336000
11,4,The Situation,0.034222,3.422247,4.666667,淘汰,33336,33.336000
11,5,Brandy,0.160482,16.048183,9.000000,存活,12843,12.843000
11,5,Kyle Massey,0.156825,15.682504,6.666667,存活,12843,12.843000
11,5,Jennifer Grey,0.151083,15.108271,8.333333,存活,12843,12.843000
11,5,Kurt Warner,0.143189,14.318936,8.000000,存活,12843,12.843000
11,5,Bristol Palin,0.135883,13.588267,6.000000,存活,12843,12.843000
11,5,Audrina Patridge,0.134788,13.478849,7.666667,存活,12843,12.843000
11,5,Rick Fox,0.114435,11.443547,8.000000,存活,12843,12.843000
11,5,Florence Henderson,0.003314,0.331443,7.000000,淘汰,12843,12.843000
11,6,Kyle Massey,0.189067,18.906726,9.999967,存活,6465,6.465000
11,6,Jennifer Grey,0.182805,18.280514,9.666667,存活,6465,6.465000
11,6,Brandy,0.172160,17.216023,11.999967,存活,6465,6.465000
11,6,Bristol Palin,0.169872,16.987231,9.333267,存活,6465,6.465000
11,6,Rick Fox,0.148406,14.840574,10.000000,存活,6465,6.465000
11,6,Kurt Warner,0.136000,13.599962,7.333300,存活,6465,6.465000
11,6,Audrina Patridge,0.001690,0.168969,10.666600,淘汰,6465,6.465000
11,7,Kyle Massey,0.189025,18.902462,8.375000,存活,38435,38.435000
11,7,Jennifer Grey,0.185485,18.548459,9.125000,存活,38435,38.435000
11,7,Brandy,0.182915,18.291505,9.125000,存活,38435,38.435000
11,7,Bristol Palin,0.176496,17.649619,8.125000,存活,38435,38.435000
11,7,Kurt Warner,0.174362,17.436166,8.750000,存活,38435,38.435000
11,7,Rick Fox,0.091718,9.171789,8.625000,淘汰,38435,38.435000
11,8,Bristol Palin,0.253717,25.371667,7.833333,存活,18404,18.404000
11,8,Jennifer Grey,0.243591,24.359096,9.500000,存活,18404,18.404000
11,8,Kyle Massey,0.238312,23.831166,9.333333,存活,18404,18.404000
11,8,Brandy,0.238196,23.819565,9.500000,存活,18404,18.404000
11,8,Kurt Warner,0.026185,2.618506,8.000000,淘汰,18404,18.404000
11,9,Bristol Palin,0.378274,37.827401,8.833333,存活,16019,16.019000
11,9,Jennifer Grey,0.312859,31.285905,10.000000,存活,16019,16.019000
11,9,Kyle Massey,0.303763,30.376274,9.666667,存活,16019,16.019000
11,9,Brandy,0.005104,0.510421,9.500000,淘汰,16019,16.019000
11,10,Jennifer Grey,0.359221,35.922089,10.000000,淘汰,100000,100.000000
11,10,Kyle Massey,0.333123,33.312262,9.111067,淘汰,100000,100.000000
11,10,Bristol Palin,0.307656,30.765649,8.555533,淘汰,100000,100.000000
12,1,Ralph Macchio,0.120821,12.082098,8.000000,存活,100000,100.000000
12,1,Kirstie Alley,0.116578,11.657752,7.666667,存活,100000,100.000000
12,1,Chelsea Kane,0.106790,10.679007,7.000000,存活,100000,100.000000
12,1,Romeo,0.096209,9.620866,6.333333,存活,100000,100.000000
12,1,Chris Jericho,0.095300,9.529986,6.333333,存活,100000,100.000000
12,1,Kendra Wilkinson,0.088648,8.864821,6.000000,存活,100000,100.000000
12,1,Sugar Ray Leonard,0.085433,8.543269,5.666667,存活,100000,100.000000
12,1,Hines Ward,0.084291,8.429056,7.000000,存活,100000,100.000000
12,1,Petra Nemcova,0.071730,7.173002,6.000000,存活,100000,100.000000
12,1,Wendy Williams,0.069828,6.982756,4.666667,存活,100000,100.000000
12,1,Mike Catherwood,0.064374,6.437387,4.333333,存活,100000,100.000000
12,2,Romeo,0.118162,11.816162,7.666667,存活,17797,17.797000
12,2,Chris Jericho,0.117259,11.725943,7.666667,存活,17797,17.797000
12,2,Ralph Macchio,0.109523,10.952324,7.000000,存活,17797,17.797000
12,2,Kirstie Alley,0.104754,10.475413,6.666667,存活,17797,17.797000
12,2,Kendra Wilkinson,0.096006,9.600607,6.333333,存活,17797,17.797000
12,2,Chelsea Kane,0.095385,9.538459,6.000000,存活,17797,17.797000
12,2,Hines Ward,0.094536,9.453601,7.666667,存活,17797,17.797000
12,2,Wendy Williams,0.094073,9.407333,5.666667,存活,17797,17.797000
12,2,Sugar Ray Leonard,0.092745,9.274542,5.666667,存活,17797,17.797000
12,2,Petra Nemcova,0.073741,7.374112,6.000000,存活,17797,17.797000
12,2,Mike Catherwood,0.003815,0.381505,5.666667,淘汰,17797,17.797000
12,3,Chelsea Kane,0.119495,11.949503,7.666667,存活,30682,30.682000
12,3,Kendra Wilkinson,0.114613,11.461294,7.666667,存活,30682,30.682000
12,3,Ralph Macchio,0.109947,10.994750,7.000000,存活,30682,30.682000
12,3,Kirstie Alley,0.109651,10.965058,7.000000,存活,30682,30.682000
12,3,Chris Jericho,0.108247,10.824704,7.000000,存活,30682,30.682000
12,3,Romeo,0.103081,10.308115,6.666667,存活,30682,30.682000
12,3,Sugar Ray Leonard,0.102912,10.291200,6.666667,存活,30682,30.682000
12,3,Hines Ward,0.102909,10.290935,8.333333,存活,30682,30.682000
12,3,Petra Nemcova,0.101479,10.147906,8.333333,存活,30682,30.682000
12,3,Wendy Williams,0.027665,2.766535,5.000000,淘汰,30682,30.682000
12,4,Chelsea Kane,0.143959,14.395909,8.666667,存活,16042,16.042000
12,4,Ralph Macchio,0.139518,13.951828,8.333333,存活,16042,16.042000
12,4,Chris Jericho,0.127194,12.719446,7.666667,存活,16042,16.042000
12,4,Romeo,0.126352,12.635184,7.666667,存活,16042,16.042000
12,4,Kendra Wilkinson,0.125513,12.551327,6.000000,存活,16042,16.042000
12,4,Kirstie Alley,0.124029,12.402863,7.333333,存活,16042,16.042000
12,4,Hines Ward,0.110245,11.024500,8.333333,存活,16042,16.042000
12,4,Petra Nemcova,0.100184,10.018414,7.666667,存活,16042,16.042000
12,4,Sugar Ray Leonard,0.003005,0.300530,7.000000,淘汰,16042,16.042000
12,5,Chelsea Kane,0.150547,15.054740,8.666667,存活,37019,37.019000
12,5,Romeo,0.149000,14.899970,8.666667,存活,37019,37.019000
12,5,Chris Jericho,0.147530,14.753047,8.666667,存活,37019,37.019000
12,5,Kirstie Alley,0.133834,13.383432,7.666667,存活,37019,37.019000
12,5,Ralph Macchio,0.127805,12.780534,7.333333,存活,37019,37.019000
12,5,Hines Ward,0.123709,12.370904,9.000000,存活,37019,37.019000
12,5,Kendra Wilkinson,0.123274,12.327413,7.333333,存活,37019,37.019000
12,5,Petra Nemcova,0.044300,4.429960,7.333333,淘汰,37019,37.019000
12,6,Chelsea Kane,0.171831,17.183103,9.333333,存活,41104,41.104000
12,6,Romeo,0.171034,17.103353,9.333333,存活,41104,41.104000
12,6,Kirstie Alley,0.160603,16.060331,8.666667,存活,41104,41.104000
12,6,Kendra Wilkinson,0.149435,14.943532,8.333333,存活,41104,41.104000
12,6,Ralph Macchio,0.149346,14.934554,8.000000,存活,41104,41.104000
12,6,Hines Ward,0.132070,13.207016,9.000000,存活,41104,41.104000
12,6,Chris Jericho,0.065681,6.568111,7.333333,淘汰,41104,41.104000
12,7,Kirstie Alley,0.218970,21.896976,7.500000,存活,16252,16.252000
12,7,Romeo,0.217156,21.715552,7.500000,存活,16252,16.252000
12,7,Ralph Macchio,0.190022,19.002241,8.250000,存活,16252,16.252000
12,7,Chelsea Kane,0.186042,18.604176,8.000000,存活,16252,16.252000
12,7,Hines Ward,0.152382,15.238237,8.250000,存活,16252,16.252000
12,7,Kendra Wilkinson,0.035428,3.542819,7.625000,淘汰,16252,16.252000
12,8,Ralph Macchio,0.292364,29.236385,7.666667,存活,15968,15.968000
12,8,Chelsea Kane,0.254454,25.445355,9.166667,存活,15968,15.968000
12,8,Kirstie Alley,0.246870,24.686987,8.833333,存活,15968,15.968000
12,8,Hines Ward,0.202003,20.200329,9.000000,存活,15968,15.968000
12,8,Romeo,0.004309,0.430944,8.666667,淘汰,15968,15.968000
12,9,Chelsea Kane,0.351948,35.194831,12.166667,存活,60882,60.882000
12,9,Kirstie Alley,0.266207,26.620698,9.000000,存活,60882,60.882000
12,9,Hines Ward,0.234557,23.455657,10.000000,存活,60882,60.882000
12,9,Ralph Macchio,0.147288,14.728814,8.000000,淘汰,60882,60.882000
12,10,Chelsea Kane,0.360794,36.079391,9.888867,淘汰,100000,100.000000
12,10,Kirstie Alley,0.344228,34.422843,9.333300,淘汰,100000,100.000000
12,10,Hines Ward,0.294978,29.497765,9.888867,淘汰,100000,100.000000
13,1,J.R. Martinez,0.110424,11.042396,7.333333,存活,20391,20.391000
13,1,Chynna Phillips,0.110244,11.024378,7.333333,存活,20391,20.391000
13,1,Hope Solo,0.103519,10.351856,7.000000,存活,20391,20.391000
13,1,Ricki Lake,0.100767,10.076734,6.666667,存活,20391,20.391000
13,1,Kristin Cavallari,0.091917,9.191704,6.333333,存活,20391,20.391000
13,1,David Arquette,0.091660,9.166043,6.000000,存活,20391,20.391000
13,1,Carson Kressley,0.083617,8.361699,5.666667,存活,20391,20.391000
13,1,Chaz Bono,0.083416,8.341580,5.666667,存活,20391,20.391000
13,1,Nancy Grace,0.078750,7.874988,5.333333,存活,20391,20.391000
13,1,Rob Kardashian,0.078458,7.845834,5.333333,存活,20391,20.391000
13,1,Elisabetta Canalis,0.061637,6.163681,5.000000,存活,20391,20.391000
13,1,Metta World Peace (Ron),0.005591,0.559109,4.666667,淘汰,20391,20.391000
13,2,Hope Solo,0.109430,10.943037,6.333333,存活,8265,8.265000
13,2,Ricki Lake,0.105824,10.582367,7.666667,存活,8265,8.265000
13,2,David Arquette,0.105719,10.571873,6.000000,存活,8265,8.265000
13,2,Carson Kressley,0.101711,10.171139,6.000000,存活,8265,8.265000
13,2,J.R. Martinez,0.099891,9.989119,7.333333,存活,8265,8.265000
13,2,Kristin Cavallari,0.097640,9.764041,7.333333,存活,8265,8.265000
13,2,Chaz Bono,0.096025,9.602477,5.666667,存活,8265,8.265000
13,2,Chynna Phillips,0.095802,9.580201,7.000000,存活,8265,8.265000
13,2,Nancy Grace,0.093120,9.311980,7.000000,存活,8265,8.265000
13,2,Rob Kardashian,0.092852,9.285233,7.000000,存活,8265,8.265000
13,2,Elisabetta Canalis,0.001985,0.198534,7.000000,淘汰,8265,8.265000
13,3,Carson Kressley,0.122671,12.267052,7.666667,存活,8427,8.427000
13,3,Ricki Lake,0.116660,11.666023,9.000000,存活,8427,8.427000
13,3,Nancy Grace,0.111970,11.197014,7.000000,存活,8427,8.427000
13,3,J.R. Martinez,0.111366,11.136601,8.666667,存活,8427,8.427000
13,3,Rob Kardashian,0.110956,11.095576,8.000000,存活,8427,8.427000
13,3,Chynna Phillips,0.110762,11.076190,8.666667,存活,8427,8.427000
13,3,Hope Solo,0.109737,10.973739,8.000000,存活,8427,8.427000
13,3,David Arquette,0.107931,10.793115,8.000000,存活,8427,8.427000
13,3,Chaz Bono,0.095981,9.598150,6.000000,存活,8427,8.427000
13,3,Kristin Cavallari,0.001965,0.196541,8.000000,淘汰,8427,8.427000
13,4,Ricki Lake,0.145302,14.530234,9.666667,存活,11717,11.717000
13,4,J.R. Martinez,0.130444,13.044419,8.666667,存活,11717,11.717000
13,4,Carson Kressley,0.125404,12.540409,6.666667,存活,11717,11.717000
13,4,Chaz Bono,0.123189,12.318918,7.000000,存活,11717,11.717000
13,4,Nancy Grace,0.122457,12.245664,7.000000,存活,11717,11.717000
13,4,Hope Solo,0.118225,11.822482,8.000000,存活,11717,11.717000
13,4,Rob Kardashian,0.116659,11.665892,8.000000,存活,11717,11.717000
13,4,David Arquette,0.115600,11.560023,7.666667,存活,11717,11.717000
13,4,Chynna Phillips,0.002720,0.271957,7.000000,淘汰,11717,11.717000
13,5,J.R. Martinez,0.159462,15.946183,9.333333,存活,36672,36.672000
13,5,David Arquette,0.143981,14.398140,8.333333,存活,36672,36.672000
13,5,Rob Kardashian,0.137792,13.779232,8.333333,存活,36672,36.672000
13,5,Ricki Lake,0.137785,13.778519,8.000000,存活,36672,36.672000
13,5,Hope Solo,0.135540,13.553988,8.000000,存活,36672,36.672000
13,5,Nancy Grace,0.121529,12.152858,7.333333,存活,36672,36.672000
13,5,Chaz Bono,0.116451,11.645084,7.000000,存活,36672,36.672000
13,5,Carson Kressley,0.047460,4.745996,6.333333,淘汰,36672,36.672000
13,6,Ricki Lake,0.187465,18.746523,9.666667,存活,40779,40.779000
13,6,J.R. Martinez,0.186839,18.683943,9.666667,存活,40779,40.779000
13,6,Nancy Grace,0.150486,15.048558,8.000000,存活,40779,40.779000
13,6,David Arquette,0.149893,14.989278,7.666667,存活,40779,40.779000
13,6,Rob Kardashian,0.137575,13.757463,7.333333,存活,40779,40.779000
13,6,Hope Solo,0.128359,12.835884,6.666667,存活,40779,40.779000
13,6,Chaz Bono,0.059383,5.938350,6.333333,淘汰,40779,40.779000
13,7,Nancy Grace,0.218803,21.880323,7.333333,存活,16069,16.069000
13,7,Ricki Lake,0.205746,20.574586,8.833333,存活,16069,16.069000
13,7,Rob Kardashian,0.191539,19.153914,8.500000,存活,16069,16.069000
13,7,Hope Solo,0.191285,19.128463,8.333333,存活,16069,16.069000
13,7,J.R. Martinez,0.188716,18.871610,8.000000,存活,16069,16.069000
13,7,David Arquette,0.003911,0.391105,7.833333,淘汰,16069,16.069000
13,8,J.R. Martinez,0.251482,25.148214,10.000000,存活,52585,52.585000
13,8,Ricki Lake,0.220214,22.021397,8.666667,存活,52585,52.585000
13,8,Hope Solo,0.216259,21.625868,8.666667,存活,52585,52.585000
13,8,Rob Kardashian,0.207205,20.720519,8.500000,存活,52585,52.585000
13,8,Nancy Grace,0.104840,10.484001,7.333333,淘汰,52585,52.585000
13,9,Ricki Lake,0.308459,30.845868,11.166633,存活,61088,61.088000
13,9,Rob Kardashian,0.289801,28.980057,10.833267,存活,61088,61.088000
13,9,J.R. Martinez,0.261622,26.162179,9.333333,存活,61088,61.088000
13,9,Hope Solo,0.140119,14.011896,8.166600,淘汰,61088,61.088000
13,10,J.R. Martinez,0.336597,33.659694,9.388833,淘汰,100000,100.000000
13,10,Ricki Lake,0.334954,33.495361,9.333300,淘汰,100000,100.000000
13,10,Rob Kardashian,0.328449,32.844945,9.444400,淘汰,100000,100.000000
14,1,Jaleel White,0.101908,10.190846,8.666667,存活,100000,100.000000
14,1,Roshon Fegan,0.090530,9.052964,7.666667,存活,100000,100.000000
14,1,Sherri Sheperd,0.090440,9.043977,7.666667,存活,100000,100.000000
14,1,Jack Wagner,0.090348,9.034752,7.666667,存活,100000,100.000000
14,1,Gladys Knight,0.089684,8.968448,7.666667,存活,100000,100.000000
14,1,Donald Driver,0.081303,8.130255,7.000000,存活,100000,100.000000
14,1,Katherine Jenkins,0.080943,8.094312,8.666667,存活,100000,100.000000
14,1,Maria Menounos,0.079642,7.964184,7.000000,存活,100000,100.000000
14,1,Melissa Gilbert,0.079055,7.905458,6.666667,存活,100000,100.000000
14,1,Gavin DeGraw,0.078019,7.801867,6.666667,存活,100000,100.000000
14,1,William Levy,0.075804,7.580382,8.000000,存活,100000,100.000000
14,1,Martina Navratilova,0.062326,6.232556,6.666667,存活,100000,100.000000
14,2,Roshon Fegan,0.106427,10.642676,8.666667,存活,27059,27.059000
14,2,Maria Menounos,0.098244,9.824445,8.333333,存活,27059,27.059000
14,2,Donald Driver,0.096243,9.624290,8.000000,存活,27059,27.059000
14,2,Sherri Sheperd,0.094622,9.462157,7.666667,存活,27059,27.059000
14,2,Jaleel White,0.090218,9.021768,7.333333,存活,27059,27.059000
14,2,Jack Wagner,0.086615,8.661469,7.000000,存活,27059,27.059000
14,2,Gavin DeGraw,0.085329,8.532923,7.000000,存活,27059,27.059000
14,2,Katherine Jenkins,0.084335,8.433503,8.666667,存活,27059,27.059000
14,2,Melissa Gilbert,0.082623,8.262255,6.666667,存活,27059,27.059000
14,2,William Levy,0.082343,8.234274,8.333333,存活,27059,27.059000
14,2,Gladys Knight,0.078074,7.807382,6.333333,存活,27059,27.059000
14,2,Martina Navratilova,0.014929,1.492859,5.666667,淘汰,27059,27.059000
14,3,Gladys Knight,0.104679,10.467863,8.000000,存活,14184,14.184000
14,3,Gavin DeGraw,0.104235,10.423456,8.000000,存活,14184,14.184000
14,3,Sherri Sheperd,0.103200,10.320019,8.000000,存活,14184,14.184000
14,3,Melissa Gilbert,0.103175,10.317518,8.000000,存活,14184,14.184000
14,3,Maria Menounos,0.101233,10.123308,9.000000,存活,14184,14.184000
14,3,Donald Driver,0.099588,9.958788,8.666667,存活,14184,14.184000
14,3,Roshon Fegan,0.098306,9.830562,8.333333,存活,14184,14.184000
14,3,Jaleel White,0.097735,9.773488,8.333333,存活,14184,14.184000
14,3,Katherine Jenkins,0.090200,9.019966,9.666667,存活,14184,14.184000
14,3,William Levy,0.087814,8.781400,9.333333,存活,14184,14.184000
14,3,Jack Wagner,0.009836,0.983633,8.000000,淘汰,14184,14.184000
14,4,Donald Driver,0.126402,12.640177,9.000000,存活,16106,16.106000
14,4,Roshon Fegan,0.125104,12.510361,8.666667,存活,16106,16.106000
14,4,Gladys Knight,0.123157,12.315684,6.666667,存活,16106,16.106000
14,4,Maria Menounos,0.120227,12.022719,8.666667,存活,16106,16.106000
14,4,Gavin DeGraw,0.110043,11.004320,7.666667,存活,16106,16.106000
14,4,Jaleel White,0.107341,10.734103,7.333333,存活,16106,16.106000
14,4,Melissa Gilbert,0.106625,10.662464,7.333333,存活,16106,16.106000
14,4,Katherine Jenkins,0.092734,9.273381,8.000000,存活,16106,16.106000
14,4,William Levy,0.085741,8.574114,7.333333,存活,16106,16.106000
14,4,Sherri Sheperd,0.002627,0.262679,7.000000,淘汰,16106,16.106000
14,5,Donald Driver,0.132888,13.288774,9.000000,存活,33613,33.613000
14,5,Maria Menounos,0.130226,13.022577,9.000000,存活,33613,33.613000
14,5,Roshon Fegan,0.130171,13.017073,8.666667,存活,33613,33.613000
14,5,Jaleel White,0.120532,12.053175,8.000000,存活,33613,33.613000
14,5,William Levy,0.116576,11.657566,9.666667,存活,33613,33.613000
14,5,Katherine Jenkins,0.115518,11.551790,9.666667,存活,33613,33.613000
14,5,Gladys Knight,0.109928,10.992785,7.333333,存活,33613,33.613000
14,5,Melissa Gilbert,0.106282,10.628158,7.000000,存活,33613,33.613000
14,5,Gavin DeGraw,0.037881,3.788102,6.333333,淘汰,33613,33.613000
14,6,Jaleel White,0.162042,16.204197,12.333267,存活,36659,36.659000
14,6,Donald Driver,0.146373,14.637325,11.333300,存活,36659,36.659000
14,6,Katherine Jenkins,0.135929,13.592886,12.999967,存活,36659,36.659000
14,6,Melissa Gilbert,0.132006,13.200575,10.000000,存活,36659,36.659000
14,6,William Levy,0.127029,12.702935,12.000000,存活,36659,36.659000
14,6,Maria Menounos,0.126701,12.670093,9.999967,存活,36659,36.659000
14,6,Roshon Fegan,0.123751,12.375077,9.333267,存活,36659,36.659000
14,6,Gladys Knight,0.046169,4.616911,8.000000,淘汰,36659,36.659000
14,7,Melissa Gilbert,0.200759,20.075867,7.833333,存活,16165,16.165000
14,7,Maria Menounos,0.177736,17.773562,9.500000,存活,16165,16.165000
14,7,Roshon Fegan,0.168495,16.849451,8.666667,存活,16165,16.165000
14,7,Donald Driver,0.168094,16.809356,8.833333,存活,16165,16.165000
14,7,Katherine Jenkins,0.142208,14.220752,9.000000,存活,16165,16.165000
14,7,William Levy,0.139730,13.972988,8.833333,存活,16165,16.165000
14,7,Jaleel White,0.002980,0.298026,8.500000,淘汰,16165,16.165000
14,8,Donald Driver,0.218558,21.855847,9.166667,存活,28689,28.689000
14,8,Maria Menounos,0.206147,20.614676,8.833333,存活,28689,28.689000
14,8,Katherine Jenkins,0.177733,17.773309,9.166667,存活,28689,28.689000
14,8,William Levy,0.171983,17.198331,9.500000,存活,28689,28.689000
14,8,Roshon Fegan,0.158444,15.844388,9.333333,淘汰,28689,28.689000
14,8,Melissa Gilbert,0.067134,6.713449,8.500000,淘汰,28689,28.689000
14,9,Donald Driver,0.379594,37.959435,9.500000,存活,10170,10.170000
14,9,William Levy,0.315104,31.510408,9.666667,存活,10170,10.170000
14,9,Katherine Jenkins,0.301357,30.135676,9.333333,存活,10170,10.170000
14,9,Maria Menounos,0.003945,0.394482,9.833333,淘汰,10170,10.170000
14,10,Donald Driver,0.370470,37.046965,9.888867,淘汰,100000,100.000000
14,10,William Levy,0.315117,31.511717,9.888867,淘汰,100000,100.000000
14,10,Katherine Jenkins,0.314413,31.441317,10.000000,淘汰,100000,100.000000
15,1,Emmitt Smith,0.096312,9.631178,8.166667,存活,25601,25.601000
15,1,Sabrina Bryan,0.089350,8.934963,7.500000,存活,25601,25.601000
15,1,Apolo Anton Ohno,0.086595,8.659464,7.333333,存活,25601,25.601000
15,1,Kelly Monaco,0.086279,8.627879,7.166667,存活,25601,25.601000
15,1,Shawn Johnson,0.086073,8.607275,7.333333,存活,25601,25.601000
15,1,Drew Lachey,0.085318,8.531767,7.166667,存活,25601,25.601000
15,1,Joey Fatone,0.081535,8.153491,6.833333,存活,25601,25.601000
15,1,Melissa Rycroft,0.080850,8.085031,7.000000,存活,25601,25.601000
15,1,Gilles Marini,0.076814,7.681428,8.000000,存活,25601,25.601000
15,1,Kirstie Alley,0.076193,7.619262,6.333333,存活,25601,25.601000
15,1,Bristol Palin,0.075470,7.547022,6.500000,存活,25601,25.601000
15,1,Helio Castroneves,0.066594,6.659355,7.166667,存活,25601,25.601000
15,1,Pamela Anderson,0.012619,1.261886,5.666667,淘汰,25601,25.601000
15,2,Kelly Monaco,0.106831,10.683084,7.333333,存活,8278,8.278000
15,2,Kirstie Alley,0.101969,10.196929,7.000000,存活,8278,8.278000
15,2,Sabrina Bryan,0.098678,9.867784,8.666667,存活,8278,8.278000
15,2,Emmitt Smith,0.096251,9.625057,7.500000,存活,8278,8.278000
15,2,Drew Lachey,0.094107,9.410657,7.500000,存活,8278,8.278000
15,2,Shawn Johnson,0.093206,9.320634,8.333333,存活,8278,8.278000
15,2,Apolo Anton Ohno,0.091693,9.169274,8.166667,存活,8278,8.278000
15,2,Melissa Rycroft,0.085560,8.555960,7.833333,存活,8278,8.278000
15,2,Bristol Palin,0.084063,8.406276,6.000000,存活,8278,8.278000
15,2,Gilles Marini,0.077829,7.782866,8.500000,存活,8278,8.278000
15,2,Helio Castroneves,0.067925,6.792542,7.666667,存活,8278,8.278000
15,2,Joey Fatone,0.001889,0.188937,7.500000,淘汰,8278,8.278000
15,3,Kirstie Alley,0.107310,10.730987,8.000000,存活,24195,24.195000
15,3,Bristol Palin,0.106599,10.659857,7.500000,存活,24195,24.195000
15,3,Kelly Monaco,0.104835,10.483468,9.000000,存活,24195,24.195000
15,3,Emmitt Smith,0.103915,10.391513,8.333333,存活,24195,24.195000
15,3,Shawn Johnson,0.101402,10.140194,8.833333,存活,24195,24.195000
15,3,Melissa Rycroft,0.101153,10.115300,9.000000,存活,24195,24.195000
15,3,Sabrina Bryan,0.099013,9.901306,8.500000,存活,24195,24.195000
15,3,Apolo Anton Ohno,0.097942,9.794187,8.500000,存活,24195,24.195000
15,3,Gilles Marini,0.080639,8.063878,8.500000,存活,24195,24.195000
15,3,Helio Castroneves,0.053536,5.353644,8.500000,淘汰,24195,24.195000
15,3,Drew Lachey,0.043657,4.365666,8.000000,淘汰,24195,24.195000
15,4,Kirstie Alley,0.134834,13.483431,7.500000,存活,16262,16.262000
15,4,Shawn Johnson,0.133397,13.339684,9.875000,存活,16262,16.262000
15,4,Kelly Monaco,0.130291,13.029095,9.375000,存活,16262,16.262000
15,4,Melissa Rycroft,0.123985,12.398539,9.250000,存活,16262,16.262000
15,4,Sabrina Bryan,0.123743,12.374319,8.875000,存活,16262,16.262000
15,4,Emmitt Smith,0.122729,12.272857,9.000000,存活,16262,16.262000
15,4,Apolo Anton Ohno,0.118147,11.814661,8.625000,存活,16262,16.262000
15,4,Gilles Marini,0.110298,11.029783,9.875000,存活,16262,16.262000
15,4,Bristol Palin,0.002576,0.257633,8.000000,淘汰,16262,16.262000
15,5,Sabrina Bryan,0.136396,13.639641,9.750000,存活,100000,100.000000
15,5,Apolo Anton Ohno,0.129390,12.939010,9.416667,存活,100000,100.000000
15,5,Shawn Johnson,0.129105,12.910483,9.416667,存活,100000,100.000000
15,5,Emmitt Smith,0.128165,12.816528,9.333333,存活,100000,100.000000
15,5,Melissa Rycroft,0.126881,12.688126,9.416667,存活,100000,100.000000
15,5,Kirstie Alley,0.123011,12.301133,8.750000,存活,100000,100.000000
15,5,Kelly Monaco,0.120673,12.067328,8.583333,存活,100000,100.000000
15,5,Gilles Marini,0.106378,10.637751,9.416667,存活,100000,100.000000
15,6,Melissa Rycroft,0.153146,15.314572,9.833333,存活,4634,4.634000
15,6,Kirstie Alley,0.148328,14.832806,9.166667,存活,4634,4.634000
15,6,Shawn Johnson,0.148256,14.825617,9.333333,存活,4634,4.634000
15,6,Kelly Monaco,0.145490,14.548960,9.000000,存活,4634,4.634000
15,6,Apolo Anton Ohno,0.144333,14.433261,10.000000,存活,4634,4.634000
15,6,Emmitt Smith,0.140242,14.024159,8.833333,存活,4634,4.634000
15,6,Gilles Marini,0.118605,11.860531,9.166667,存活,4634,4.634000
15,6,Sabrina Bryan,0.001601,0.160094,10.000000,淘汰,4634,4.634000
15,7,Melissa Rycroft,0.160589,16.058858,12.999967,存活,100000,100.000000
15,7,Shawn Johnson,0.159746,15.974560,12.666600,存活,100000,100.000000
15,7,Kelly Monaco,0.154781,15.478106,12.000000,存活,100000,100.000000
15,7,Emmitt Smith,0.146098,14.609754,11.499967,存活,100000,100.000000
15,7,Apolo Anton Ohno,0.140105,14.010536,11.000000,存活,100000,100.000000
15,7,Kirstie Alley,0.121813,12.181265,9.333300,存活,100000,100.000000
15,7,Gilles Marini,0.116869,11.686921,11.166600,存活,100000,100.000000
15,8,Emmitt Smith,0.164861,16.486055,9.685133,存活,49104,49.104000
15,8,Kelly Monaco,0.163427,16.342672,9.444433,存活,49104,49.104000
15,8,Melissa Rycroft,0.159113,15.911252,10.000000,存活,49104,49.104000
15,8,Apolo Anton Ohno,0.158594,15.859437,9.759233,存活,49104,49.104000
15,8,Shawn Johnson,0.157486,15.748569,9.277767,存活,49104,49.104000
15,8,Gilles Marini,0.110602,11.060222,9.759233,淘汰,49104,49.104000
15,8,Kirstie Alley,0.085918,8.591793,8.500000,淘汰,49104,49.104000
15,9,Kelly Monaco,0.232602,23.260203,9.037000,存活,57036,57.036000
15,9,Shawn Johnson,0.229702,22.970153,9.833333,存活,57036,57.036000
15,9,Melissa Rycroft,0.219017,21.901654,9.592567,存活,57036,57.036000
15,9,Apolo Anton Ohno,0.175188,17.518838,9.537000,淘汰,57036,57.036000
15,9,Emmitt Smith,0.143492,14.349151,9.000000,淘汰,57036,57.036000
15,10,Kelly Monaco,0.338611,33.861102,9.703633,淘汰,100000,100.000000
15,10,Shawn Johnson,0.331384,33.138390,9.648100,淘汰,100000,100.000000
15,10,Melissa Rycroft,0.330005,33.000508,9.777700,淘汰,100000,100.000000
16,1,Zendaya,0.109441,10.944098,8.000000,存活,100000,100.000000
16,1,Kellie Pickler,0.095603,9.560261,7.000000,存活,100000,100.000000
16,1,Dorothy Hamill,0.094546,9.454630,7.000000,存活,100000,100.000000
16,1,Alexandra Raisman,0.094454,9.445352,7.000000,存活,100000,100.000000
16,1,Jacoby Jones,0.090083,9.008296,6.666667,存活,100000,100.000000
16,1,Sean Lowe,0.084312,8.431189,6.333333,存活,100000,100.000000
16,1,Wynonna Judd,0.082335,8.233519,6.000000,存活,100000,100.000000
16,1,Victor Ortiz,0.081368,8.136806,6.000000,存活,100000,100.000000
16,1,Andy Dick,0.075566,7.556589,5.666667,存活,100000,100.000000
16,1,Ingo Rademacher,0.073991,7.399093,6.666667,存活,100000,100.000000
16,1,Lisa Vanderpump,0.064191,6.419144,6.000000,存活,100000,100.000000
16,1,D. L. Hughley,0.054110,5.411022,4.000000,存活,100000,100.000000
16,2,Zendaya,0.116356,11.635595,8.666667,存活,26871,26.871000
16,2,Kellie Pickler,0.115411,11.541080,8.666667,存活,26871,26.871000
16,2,Alexandra Raisman,0.105899,10.589931,8.000000,存活,26871,26.871000
16,2,Jacoby Jones,0.101369,10.136922,7.666667,存活,26871,26.871000
16,2,Andy Dick,0.087198,8.719796,6.666667,存活,26871,26.871000
16,2,Sean Lowe,0.087170,8.716989,6.666667,存活,26871,26.871000
16,2,Wynonna Judd,0.081241,8.124082,6.000000,存活,26871,26.871000
16,2,Victor Ortiz,0.080008,8.000800,6.000000,存活,26871,26.871000
16,2,Ingo Rademacher,0.072957,7.295664,6.666667,存活,26871,26.871000
16,2,D. L. Hughley,0.070230,7.023020,5.333333,存活,26871,26.871000
16,2,Lisa Vanderpump,0.063333,6.333268,6.000000,存活,26871,26.871000
16,2,Dorothy Hamill,0.018829,1.882851,5.000000,淘汰,26871,26.871000
16,3,Zendaya,0.121878,12.187780,8.666600,存活,28601,28.601000
16,3,Jacoby Jones,0.119503,11.950314,8.666600,存活,28601,28.601000
16,3,Kellie Pickler,0.116075,11.607530,8.333333,存活,28601,28.601000
16,3,Alexandra Raisman,0.106531,10.653131,7.666667,存活,28601,28.601000
16,3,Victor Ortiz,0.105670,10.566963,7.666667,存活,28601,28.601000
16,3,Sean Lowe,0.095572,9.557167,7.000000,存活,28601,28.601000
16,3,Andy Dick,0.082130,8.213033,6.000000,存活,28601,28.601000
16,3,Ingo Rademacher,0.079737,7.973706,7.000000,存活,28601,28.601000
16,3,Lisa Vanderpump,0.076778,7.677825,7.000000,存活,28601,28.601000
16,3,D. L. Hughley,0.073640,7.364026,5.333333,存活,28601,28.601000
16,3,Wynonna Judd,0.022485,2.248526,5.000000,淘汰,28601,28.601000
16,4,Alexandra Raisman,0.130030,13.003010,9.000000,存活,30819,30.819000
16,4,Zendaya,0.127830,12.782951,8.666667,存活,30819,30.819000
16,4,Kellie Pickler,0.127139,12.713902,8.666667,存活,30819,30.819000
16,4,Jacoby Jones,0.115945,11.594465,8.000000,存活,30819,30.819000
16,4,D. L. Hughley,0.100431,10.043068,7.000000,存活,30819,30.819000
16,4,Andy Dick,0.100131,10.013145,7.000000,存活,30819,30.819000
16,4,Sean Lowe,0.094895,9.489453,6.666667,存活,30819,30.819000
16,4,Ingo Rademacher,0.091014,9.101392,7.666667,存活,30819,30.819000
16,4,Victor Ortiz,0.087948,8.794765,6.000000,存活,30819,30.819000
16,4,Lisa Vanderpump,0.024638,2.463849,6.000000,淘汰,30819,30.819000
16,5,Zendaya,0.150656,15.065582,9.666667,存活,24930,24.930000
16,5,Kellie Pickler,0.140424,14.042377,9.000000,存活,24930,24.930000
16,5,Jacoby Jones,0.134462,13.446178,8.666667,存活,24930,24.930000
16,5,Alexandra Raisman,0.128077,12.807656,8.333333,存活,24930,24.930000
16,5,Sean Lowe,0.121105,12.110503,8.000000,存活,24930,24.930000
16,5,Victor Ortiz,0.109505,10.950504,7.000000,存活,24930,24.930000
16,5,Andy Dick,0.100636,10.063560,6.000000,存活,24930,24.930000
16,5,Ingo Rademacher,0.089416,8.941616,7.000000,存活,24930,24.930000
16,5,D. L. Hughley,0.025720,2.572023,6.000000,淘汰,24930,24.930000
16,6,Kellie Pickler,0.156825,15.682475,9.000000,存活,36948,36.948000
16,6,Zendaya,0.150265,15.026459,8.500000,存活,36948,36.948000
16,6,Alexandra Raisman,0.149945,14.994468,8.666667,存活,36948,36.948000
16,6,Sean Lowe,0.130331,13.033096,7.666667,存活,36948,36.948000
16,6,Jacoby Jones,0.130235,13.023528,7.500000,存活,36948,36.948000
16,6,Andy Dick,0.122200,12.219960,7.166667,存活,36948,36.948000
16,6,Ingo Rademacher,0.109406,10.940618,7.666667,存活,36948,36.948000
16,6,Victor Ortiz,0.050794,5.079396,6.666667,淘汰,36948,36.948000
16,7,Alexandra Raisman,0.185942,18.594247,10.666667,存活,40929,40.929000
16,7,Zendaya,0.178102,17.810226,10.000000,存活,40929,40.929000
16,7,Kellie Pickler,0.169843,16.984272,9.666667,存活,40929,40.929000
16,7,Jacoby Jones,0.157844,15.784448,9.000000,存活,40929,40.929000
16,7,Sean Lowe,0.138436,13.843591,8.000000,存活,40929,40.929000
16,7,Ingo Rademacher,0.120298,12.029761,8.333333,存活,40929,40.929000
16,7,Andy Dick,0.049535,4.953454,5.666667,淘汰,40929,40.929000
16,8,Zendaya,0.206905,20.690459,9.666667,存活,45995,45.995000
16,8,Alexandra Raisman,0.196361,19.636083,9.333333,存活,45995,45.995000
16,8,Kellie Pickler,0.195324,19.532386,9.166667,存活,45995,45.995000
16,8,Jacoby Jones,0.182824,18.282407,8.666667,存活,45995,45.995000
16,8,Ingo Rademacher,0.139481,13.948064,8.000000,存活,45995,45.995000
16,8,Sean Lowe,0.079106,7.910601,7.000000,淘汰,45995,45.995000
16,9,Alexandra Raisman,0.229566,22.956626,9.833333,存活,53198,53.198000
16,9,Jacoby Jones,0.229539,22.953919,9.833333,存活,53198,53.198000
16,9,Kellie Pickler,0.227378,22.737752,9.666667,存活,53198,53.198000
16,9,Zendaya,0.218123,21.812313,9.166667,存活,53198,53.198000
16,9,Ingo Rademacher,0.095394,9.539390,8.500000,淘汰,53198,53.198000
16,10,Zendaya,0.258604,25.860393,10.000000,淘汰,100000,100.000000
16,10,Kellie Pickler,0.255869,25.586875,10.000000,淘汰,100000,100.000000
16,10,Alexandra Raisman,0.246946,24.694637,9.666667,淘汰,100000,100.000000
16,10,Jacoby Jones,0.238581,23.858096,9.333300,淘汰,100000,100.000000
17,1,Amber Riley,0.110042,11.004172,9.000000,存活,100000,100.000000
17,1,Corbin Bleu,0.098090,9.808999,8.000000,存活,100000,100.000000
17,1,Elizabeth Berkley Lauren,0.097790,9.779000,8.000000,存活,100000,100.000000
17,1,Brant Daugherty,0.090063,9.006292,7.333333,存活,100000,100.000000
17,1,Christina Milian,0.089396,8.939578,7.333333,存活,100000,100.000000
17,1,Valerie Harper,0.086318,8.631830,7.000000,存活,100000,100.000000
17,1,Leah Remini,0.085860,8.586048,7.000000,存活,100000,100.000000
17,1,Jack Osbourne,0.072949,7.294871,7.666667,存活,100000,100.000000
17,1,"Nicole ""Snooki"" Polizzi",0.072546,7.254590,7.666667,存活,100000,100.000000
17,1,Bill Engvall,0.071518,7.151774,6.000000,存活,100000,100.000000
17,1,Keyshawn Johnson,0.069118,6.911844,5.666667,存活,100000,100.000000
17,1,Bill Nye,0.056310,5.631001,4.666667,存活,100000,100.000000
17,2,Corbin Bleu,0.107432,10.743184,8.666667,存活,16034,16.034000
17,2,Elizabeth Berkley Lauren,0.103411,10.341061,8.333333,存活,16034,16.034000
17,2,Christina Milian,0.102674,10.267406,8.333333,存活,16034,16.034000
17,2,Leah Remini,0.098741,9.874081,8.000000,存活,16034,16.034000
17,2,Amber Riley,0.098594,9.859398,8.000000,存活,16034,16.034000
17,2,Brant Daugherty,0.095366,9.536579,7.666667,存活,16034,16.034000
17,2,Bill Nye,0.086309,8.630860,5.666667,存活,16034,16.034000
17,2,Bill Engvall,0.084379,8.437935,7.000000,存活,16034,16.034000
17,2,Valerie Harper,0.079074,7.907400,6.333333,存活,16034,16.034000
17,2,Jack Osbourne,0.076761,7.676058,8.000000,存活,16034,16.034000
17,2,"Nicole ""Snooki"" Polizzi",0.064715,6.471504,6.666667,存活,16034,16.034000
17,2,Keyshawn Johnson,0.002545,0.254535,6.000000,淘汰,16034,16.034000
17,3,Brant Daugherty,0.115587,11.558711,9.000000,存活,26056,26.056000
17,3,Corbin Bleu,0.111832,11.183159,8.666667,存活,26056,26.056000
17,3,Christina Milian,0.110436,11.043648,8.666667,存活,26056,26.056000
17,3,Elizabeth Berkley Lauren,0.107599,10.759928,8.333333,存活,26056,26.056000
17,3,Amber Riley,0.103918,10.391785,8.000000,存活,26056,26.056000
17,3,Leah Remini,0.102967,10.296726,8.000000,存活,26056,26.056000
17,3,Bill Engvall,0.099471,9.947074,8.000000,存活,26056,26.056000
17,3,"Nicole ""Snooki"" Polizzi",0.083039,8.303942,8.333333,存活,26056,26.056000
17,3,Jack Osbourne,0.073703,7.370307,7.333333,存活,26056,26.056000
17,3,Valerie Harper,0.072595,7.259461,5.333333,存活,26056,26.056000
17,3,Bill Nye,0.018853,1.885259,5.333333,淘汰,26056,26.056000
17,4,Amber Riley,0.126434,12.643352,9.000000,存活,30965,30.965000
17,4,Corbin Bleu,0.126087,12.608680,9.000000,存活,30965,30.965000
17,4,Elizabeth Berkley Lauren,0.125866,12.586624,9.000000,存活,30965,30.965000
17,4,Leah Remini,0.112093,11.209346,8.000000,存活,30965,30.965000
17,4,Christina Milian,0.111408,11.140789,8.000000,存活,30965,30.965000
17,4,Brant Daugherty,0.098687,9.868651,7.000000,存活,30965,30.965000
17,4,Bill Engvall,0.094974,9.497386,7.000000,存活,30965,30.965000
17,4,Jack Osbourne,0.087348,8.734824,8.000000,存活,30965,30.965000
17,4,"Nicole ""Snooki"" Polizzi",0.087285,8.728493,8.000000,存活,30965,30.965000
17,4,Valerie Harper,0.029819,2.981855,6.000000,淘汰,30965,30.965000
17,5,Brant Daugherty,0.142069,14.206864,9.000000,存活,3807,3.807000
17,5,Elizabeth Berkley Lauren,0.136905,13.690460,8.666667,存活,3807,3.807000
17,5,Amber Riley,0.136819,13.681945,8.666667,存活,3807,3.807000
17,5,Corbin Bleu,0.126377,12.637720,9.333333,存活,3807,3.807000
17,5,Bill Engvall,0.121590,12.159003,8.000000,存活,3807,3.807000
17,5,Leah Remini,0.115831,11.583067,7.333333,存活,3807,3.807000
17,5,Jack Osbourne,0.109388,10.938781,9.000000,存活,3807,3.807000
17,5,"Nicole ""Snooki"" Polizzi",0.109366,10.936567,9.000000,存活,3807,3.807000
17,5,Christina Milian,0.001656,0.165593,9.333333,淘汰,3807,3.807000
17,6,Amber Riley,0.146422,14.642150,10.666633,存活,100000,100.000000
17,6,Elizabeth Berkley Lauren,0.145968,14.596791,10.666600,存活,100000,100.000000
17,6,Brant Daugherty,0.141981,14.198088,10.333333,存活,100000,100.000000
17,6,Leah Remini,0.129224,12.922361,9.333300,存活,100000,100.000000
17,6,Corbin Bleu,0.124879,12.487902,8.999967,存活,100000,100.000000
17,6,"Nicole ""Snooki"" Polizzi",0.107439,10.743879,10.000000,存活,100000,100.000000
17,6,Bill Engvall,0.107161,10.716070,7.999967,存活,100000,100.000000
17,6,Jack Osbourne,0.096928,9.692760,8.999933,存活,100000,100.000000
17,7,Leah Remini,0.146751,14.675083,8.833333,存活,28546,28.546000
17,7,Amber Riley,0.143403,14.340300,9.833333,存活,28546,28.546000
17,7,Corbin Bleu,0.143066,14.306567,9.833333,存活,28546,28.546000
17,7,Brant Daugherty,0.139051,13.905063,9.500000,存活,28546,28.546000
17,7,Bill Engvall,0.133350,13.335034,8.333333,存活,28546,28.546000
17,7,Elizabeth Berkley Lauren,0.131510,13.151009,9.000000,存活,28546,28.546000
17,7,Jack Osbourne,0.107689,10.768938,9.500000,存活,28546,28.546000
17,7,"Nicole ""Snooki"" Polizzi",0.055180,5.518006,9.000000,淘汰,28546,28.546000
17,8,Elizabeth Berkley Lauren,0.190298,19.029830,8.333333,存活,12667,12.667000
17,8,Bill Engvall,0.175677,17.567710,8.000000,存活,12667,12.667000
17,8,Corbin Bleu,0.172181,17.218147,10.000000,存活,12667,12.667000
17,8,Leah Remini,0.163924,16.392427,9.333333,存活,12667,12.667000
17,8,Amber Riley,0.160460,16.046026,9.333333,存活,12667,12.667000
17,8,Jack Osbourne,0.134950,13.495049,10.000000,存活,12667,12.667000
17,8,Brant Daugherty,0.002508,0.250812,9.000000,淘汰,12667,12.667000
17,9,Leah Remini,0.233813,23.381334,9.000000,存活,8195,8.195000
17,9,Amber Riley,0.220755,22.075477,8.500000,存活,8195,8.195000
17,9,Corbin Bleu,0.187856,18.785571,9.666667,存活,8195,8.195000
17,9,Jack Osbourne,0.179951,17.995112,9.000000,存活,8195,8.195000
17,9,Bill Engvall,0.174871,17.487088,7.000000,存活,8195,8.195000
17,9,Elizabeth Berkley Lauren,0.002754,0.275418,9.333333,淘汰,8195,8.195000
17,10,Bill Engvall,0.273878,27.387769,7.500000,存活,16040,16.040000
17,10,Amber Riley,0.270580,27.058046,9.875000,存活,16040,16.040000
17,10,Corbin Bleu,0.256858,25.685790,9.375000,存活,16040,16.040000
17,10,Jack Osbourne,0.194067,19.406652,8.875000,存活,16040,16.040000
17,10,Leah Remini,0.004617,0.461743,8.125000,淘汰,16040,16.040000
17,11,Amber Riley,0.288009,28.800879,10.444400,淘汰,100000,100.000000
17,11,Corbin Bleu,0.273401,27.340067,9.888800,淘汰,100000,100.000000
17,11,Bill Engvall,0.232379,23.237872,8.499967,淘汰,100000,100.000000
17,11,Jack Osbourne,0.206212,20.621182,9.333300,淘汰,100000,100.000000
18,1,Charlie White,0.110905,11.090536,9.000000,存活,16020,16.020000
18,1,Candace Cameron Bure,0.105080,10.507997,8.333333,存活,16020,16.020000
18,1,Danica McKellar,0.100350,10.035023,8.000000,存活,16020,16.020000
18,1,Amy Purdy,0.099616,9.961635,8.000000,存活,16020,16.020000
18,1,Meryl Davis,0.099129,9.912903,8.000000,存活,16020,16.020000
18,1,James Maslow,0.089122,8.912190,7.000000,存活,16020,16.020000
18,1,NeNe Leakes,0.086132,8.613153,7.000000,存活,16020,16.020000
18,1,Drew Carey,0.085398,8.539819,7.000000,存活,16020,16.020000
18,1,Billy Dee Williams,0.080815,8.081502,5.000000,存活,16020,16.020000
18,1,Cody Simpson,0.073622,7.362189,7.333333,存活,16020,16.020000
18,1,Sean Avery,0.067232,6.723238,6.666667,存活,16020,16.020000
18,1,Diana Nyad,0.002598,0.259814,6.000000,淘汰,16020,16.020000
18,2,James Maslow,0.112583,11.258264,8.333333,存活,44630,44.630000
18,2,Charlie White,0.110731,11.073070,8.333333,存活,44630,44.630000
18,2,Meryl Davis,0.110323,11.032301,8.333333,存活,44630,44.630000
18,2,Danica McKellar,0.108585,10.858545,8.000000,存活,44630,44.630000
18,2,Amy Purdy,0.106284,10.628363,8.000000,存活,44630,44.630000
18,2,Candace Cameron Bure,0.095329,9.532877,7.000000,存活,44630,44.630000
18,2,Drew Carey,0.091607,9.160682,7.000000,存活,44630,44.630000
18,2,NeNe Leakes,0.091452,9.145179,7.000000,存活,44630,44.630000
18,2,Cody Simpson,0.079169,7.916893,7.333333,存活,44630,44.630000
18,2,Sean Avery,0.048733,4.873321,7.000000,淘汰,44630,44.630000
18,2,Billy Dee Williams,0.045205,4.520505,5.000000,淘汰,44630,44.630000
18,3,Meryl Davis,0.126900,12.689978,9.750000,存活,100000,100.000000
18,3,James Maslow,0.120243,12.024271,9.000000,存活,100000,100.000000
18,3,Danica McKellar,0.120185,12.018545,9.000000,存活,100000,100.000000
18,3,Amy Purdy,0.117815,11.781488,9.000000,存活,100000,100.000000
18,3,Charlie White,0.117464,11.746362,9.000000,存活,100000,100.000000
18,3,Candace Cameron Bure,0.107419,10.741885,8.000000,存活,100000,100.000000
18,3,NeNe Leakes,0.100117,10.011665,7.750000,存活,100000,100.000000
18,3,Drew Carey,0.096804,9.680386,7.500000,存活,100000,100.000000
18,3,Cody Simpson,0.093054,9.305421,8.750000,存活,100000,100.000000
18,4,Meryl Davis,0.132750,13.275038,9.750000,存活,100000,100.000000
18,4,James Maslow,0.121743,12.174300,8.750000,存活,100000,100.000000
18,4,Amy Purdy,0.116331,11.633127,8.500000,存活,100000,100.000000
18,4,Charlie White,0.113519,11.351895,8.250000,存活,100000,100.000000
18,4,Danica McKellar,0.112064,11.206441,8.000000,存活,100000,100.000000
18,4,Drew Carey,0.110969,11.096872,8.250000,存活,100000,100.000000
18,4,NeNe Leakes,0.107741,10.774070,8.000000,存活,100000,100.000000
18,4,Candace Cameron Bure,0.098414,9.841444,7.000000,存活,100000,100.000000
18,4,Cody Simpson,0.086468,8.646814,7.750000,存活,100000,100.000000
18,5,James Maslow,0.136187,13.618700,10.000000,存活,16055,16.055000
18,5,Danica McKellar,0.133864,13.386445,9.750000,存活,16055,16.055000
18,5,Charlie White,0.124405,12.440459,9.250000,存活,16055,16.055000
18,5,Amy Purdy,0.124299,12.429944,9.250000,存活,16055,16.055000
18,5,Meryl Davis,0.121043,12.104349,9.000000,存活,16055,16.055000
18,5,Candace Cameron Bure,0.119735,11.973452,8.750000,存活,16055,16.055000
18,5,Drew Carey,0.119442,11.944222,7.000000,存活,16055,16.055000
18,5,NeNe Leakes,0.119390,11.939026,9.000000,存活,16055,16.055000
18,5,Cody Simpson,0.001634,0.163403,8.500000,淘汰,16055,16.055000
18,6,Meryl Davis,0.150795,15.079479,10.000000,存活,32156,32.156000
18,6,Amy Purdy,0.143770,14.376978,9.500000,存活,32156,32.156000
18,6,Danica McKellar,0.138872,13.887176,9.000000,存活,32156,32.156000
18,6,Charlie White,0.136367,13.636717,9.000000,存活,32156,32.156000
18,6,James Maslow,0.134978,13.497754,8.750000,存活,32156,32.156000
18,6,Candace Cameron Bure,0.127398,12.739836,8.000000,存活,32156,32.156000
18,6,NeNe Leakes,0.122452,12.245175,8.250000,存活,32156,32.156000
18,6,Drew Carey,0.045369,4.536887,8.000000,淘汰,32156,32.156000
18,7,Meryl Davis,0.163715,16.371515,9.750000,存活,41169,41.169000
18,7,Candace Cameron Bure,0.158849,15.884890,9.250000,存活,41169,41.169000
18,7,Amy Purdy,0.157969,15.796889,9.375000,存活,41169,41.169000
18,7,Danica McKellar,0.153753,15.375311,9.000000,存活,41169,41.169000
18,7,James Maslow,0.149894,14.989406,8.750000,存活,41169,41.169000
18,7,Charlie White,0.149654,14.965405,8.875000,存活,41169,41.169000
18,7,NeNe Leakes,0.066166,6.616585,8.250000,淘汰,41169,41.169000
18,8,Candace Cameron Bure,0.215607,21.560728,9.000000,存活,10175,10.175000
18,8,James Maslow,0.215508,21.550772,9.000000,存活,10175,10.175000
18,8,Meryl Davis,0.211558,21.155822,9.000000,存活,10175,10.175000
18,8,Charlie White,0.177539,17.753949,10.000000,存活,10175,10.175000
18,8,Amy Purdy,0.177291,17.729096,10.000000,存活,10175,10.175000
18,8,Danica McKellar,0.002496,0.249633,9.500000,淘汰,10175,10.175000
18,9,Candace Cameron Bure,0.288548,28.854774,9.000000,存活,15198,15.198000
18,9,James Maslow,0.245910,24.591039,9.500000,存活,15198,15.198000
18,9,Meryl Davis,0.232139,23.213860,10.000000,存活,15198,15.198000
18,9,Amy Purdy,0.227534,22.753374,9.750000,存活,15198,15.198000
18,9,Charlie White,0.005870,0.586953,9.500000,淘汰,15198,15.198000
18,10,Meryl Davis,0.258663,25.866345,10.000000,淘汰,100000,100.000000
18,10,James Maslow,0.255277,25.527671,9.666667,淘汰,100000,100.000000
18,10,Amy Purdy,0.254863,25.486298,9.888867,淘汰,100000,100.000000
18,10,Candace Cameron Bure,0.231197,23.119686,8.666600,淘汰,100000,100.000000
19,1,Alfonso Ribeiro,0.104828,10.482801,9.000000,存活,16045,16.045000
19,1,Sadie Robertson,0.095995,9.599461,8.500000,存活,16045,16.045000
19,1,Bethany Mota,0.094612,9.461198,8.000000,存活,16045,16.045000
19,1,Lea Thompson,0.094547,9.454729,8.000000,存活,16045,16.045000
19,1,Randy Couture,0.089369,8.936912,7.750000,存活,16045,16.045000
19,1,Jonathan Bennett,0.088062,8.806159,7.500000,存活,16045,16.045000
19,1,Janel Parrish,0.085514,8.551420,7.250000,存活,16045,16.045000
19,1,Tavis Smiley,0.081411,8.141086,7.250000,存活,16045,16.045000
19,1,Michael Waltrip,0.071593,7.159278,6.250000,存活,16045,16.045000
19,1,Betsey Johnson,0.070822,7.082158,5.000000,存活,16045,16.045000
19,1,Tommy Chong,0.061336,6.133557,6.750000,存活,16045,16.045000
19,1,Antonio Sabato Jr.,0.059281,5.928122,6.250000,存活,16045,16.045000
19,1,Lolo Jones,0.002631,0.263119,5.500000,淘汰,16045,16.045000
19,2,Lea Thompson,0.102887,10.288699,8.750000,存活,10893,10.893000
19,2,Janel Parrish,0.101611,10.161107,8.500000,存活,10893,10.893000
19,2,Bethany Mota,0.099188,9.918782,8.250000,存活,10893,10.893000
19,2,Alfonso Ribeiro,0.094854,9.485429,8.000000,存活,10893,10.893000
19,2,Betsey Johnson,0.090808,9.080836,7.000000,存活,10893,10.893000
19,2,Sadie Robertson,0.089918,8.991758,7.750000,存活,10893,10.893000
19,2,Jonathan Bennett,0.089151,8.915119,7.500000,存活,10893,10.893000
19,2,Michael Waltrip,0.087707,8.770740,6.000000,存活,10893,10.893000
19,2,Randy Couture,0.085980,8.598017,7.000000,存活,10893,10.893000
19,2,Tommy Chong,0.081864,8.186448,7.000000,存活,10893,10.893000
19,2,Antonio Sabato Jr.,0.073999,7.399893,7.750000,存活,10893,10.893000
19,2,Tavis Smiley,0.002032,0.203171,7.000000,淘汰,10893,10.893000
19,3,Bethany Mota,0.126767,12.676716,10.000000,存活,26151,26.151000
19,3,Janel Parrish,0.125759,12.575902,10.000000,存活,26151,26.151000
19,3,Alfonso Ribeiro,0.101346,10.134643,8.000000,存活,26151,26.151000
19,3,Jonathan Bennett,0.101170,10.116965,8.000000,存活,26151,26.151000
19,3,Lea Thompson,0.098204,9.820419,7.750000,存活,26151,26.151000
19,3,Sadie Robertson,0.097681,9.768082,8.000000,存活,26151,26.151000
19,3,Betsey Johnson,0.086641,8.664051,7.250000,存活,26151,26.151000
19,3,Michael Waltrip,0.085553,8.555298,7.000000,存活,26151,26.151000
19,3,Tommy Chong,0.083453,8.345303,8.500000,存活,26151,26.151000
19,3,Antonio Sabato Jr.,0.074191,7.419057,7.250000,存活,26151,26.151000
19,3,Randy Couture,0.019236,1.923564,6.500000,淘汰,26151,26.151000
19,4,Alfonso Ribeiro,0.130581,13.058076,10.000000,存活,8115,8.115000
19,4,Lea Thompson,0.128003,12.800336,9.750000,存活,8115,8.115000
19,4,Janel Parrish,0.117938,11.793813,9.000000,存活,8115,8.115000
19,4,Sadie Robertson,0.116801,11.680138,9.250000,存活,8115,8.115000
19,4,Bethany Mota,0.110311,11.031067,8.250000,存活,8115,8.115000
19,4,Michael Waltrip,0.102189,10.218929,6.250000,存活,8115,8.115000
19,4,Jonathan Bennett,0.101989,10.198949,6.000000,存活,8115,8.115000
19,4,Antonio Sabato Jr.,0.098521,9.852104,7.250000,存活,8115,8.115000
19,4,Tommy Chong,0.091485,9.148483,7.000000,存活,8115,8.115000
19,4,Betsey Johnson,0.002181,0.218105,7.250000,淘汰,8115,8.115000
19,5,Sadie Robertson,0.136572,13.657183,9.000000,存活,100000,100.000000
19,5,Alfonso Ribeiro,0.134468,13.446802,8.500000,存活,100000,100.000000
19,5,Lea Thompson,0.134192,13.419231,8.500000,存活,100000,100.000000
19,5,Janel Parrish,0.130685,13.068481,8.250000,存活,100000,100.000000
19,5,Bethany Mota,0.127860,12.786048,8.000000,存活,100000,100.000000
19,5,Jonathan Bennett,0.096253,9.625299,6.000000,存活,100000,100.000000
19,5,Antonio Sabato Jr.,0.090133,9.013254,7.000000,存活,100000,100.000000
19,5,Michael Waltrip,0.078029,7.802928,5.000000,存活,100000,100.000000
19,5,Tommy Chong,0.071808,7.180774,5.750000,存活,100000,100.000000
19,6,Alfonso Ribeiro,0.141180,14.117952,9.750000,存活,9334,9.334000
19,6,Michael Waltrip,0.136861,13.686096,7.500000,存活,9334,9.334000
19,6,Bethany Mota,0.132730,13.273046,9.000000,存活,9334,9.334000
19,6,Lea Thompson,0.132645,13.264488,8.000000,存活,9334,9.334000
19,6,Sadie Robertson,0.123757,12.375715,8.750000,存活,9334,9.334000
19,6,Janel Parrish,0.122065,12.206464,8.250000,存活,9334,9.334000
19,6,Antonio Sabato Jr.,0.106259,10.625933,7.000000,存活,9334,9.334000
19,6,Tommy Chong,0.102166,10.216565,7.000000,存活,9334,9.334000
19,6,Jonathan Bennett,0.002337,0.233740,8.000000,淘汰,9334,9.334000
19,7,Bethany Mota,0.160481,16.048080,9.375000,存活,24157,24.157000
19,7,Lea Thompson,0.149650,14.964952,8.750000,存活,24157,24.157000
19,7,Alfonso Ribeiro,0.145051,14.505122,8.500000,存活,24157,24.157000
19,7,Janel Parrish,0.143328,14.332774,8.375000,存活,24157,24.157000
19,7,Michael Waltrip,0.138901,13.890116,7.000000,存活,24157,24.157000
19,7,Sadie Robertson,0.128260,12.826017,7.750000,存活,24157,24.157000
19,7,Tommy Chong,0.100595,10.059526,7.500000,存活,24157,24.157000
19,7,Antonio Sabato Jr.,0.033734,3.373414,7.375000,淘汰,24157,24.157000
19,8,Janel Parrish,0.187461,18.746098,10.750000,存活,41193,41.193000
19,8,Alfonso Ribeiro,0.180044,18.004367,10.250000,存活,41193,41.193000
19,8,Bethany Mota,0.177149,17.714857,10.000000,存活,41193,41.193000
19,8,Sadie Robertson,0.160774,16.077387,9.500000,存活,41193,41.193000
19,8,Lea Thompson,0.141707,14.170719,8.000000,存活,41193,41.193000
19,8,Tommy Chong,0.099421,9.942096,7.250000,存活,41193,41.193000
19,8,Michael Waltrip,0.053445,5.344477,6.250000,淘汰,41193,41.193000
19,9,Janel Parrish,0.213442,21.344185,9.625000,存活,16117,16.117000
19,9,Alfonso Ribeiro,0.212245,21.224458,9.625000,存活,16117,16.117000
19,9,Bethany Mota,0.210704,21.070382,9.250000,存活,16117,16.117000
19,9,Sadie Robertson,0.196109,19.610865,9.125000,存活,16117,16.117000
19,9,Tommy Chong,0.164119,16.411899,7.125000,存活,16117,16.117000
19,9,Lea Thompson,0.003382,0.338211,8.750000,淘汰,16117,16.117000
19,10,Janel Parrish,0.236021,23.602088,9.750000,存活,52928,52.928000
19,10,Bethany Mota,0.233229,23.322876,9.500000,存活,52928,52.928000
19,10,Alfonso Ribeiro,0.228256,22.825558,9.375000,存活,52928,52.928000
19,10,Sadie Robertson,0.216544,21.654355,9.250000,存活,52928,52.928000
19,10,Tommy Chong,0.085951,8.595122,7.750000,淘汰,52928,52.928000
19,11,Alfonso Ribeiro,0.255775,25.577486,10.000000,淘汰,100000,100.000000
19,11,Janel Parrish,0.251469,25.146947,9.749950,淘汰,100000,100.000000
19,11,Bethany Mota,0.247306,24.730608,9.500000,淘汰,100000,100.000000
19,11,Sadie Robertson,0.245450,24.544958,9.833300,淘汰,100000,100.000000
20,1,Rumer Willis,0.105209,10.520873,8.000000,存活,100000,100.000000
20,1,Riker Lynch,0.102108,10.210802,7.750000,存活,100000,100.000000
20,1,Michael Sam,0.084752,8.475154,6.500000,存活,100000,100.000000
20,1,Willow Shields,0.083215,8.321545,6.250000,存活,100000,100.000000
20,1,Noah Galloway,0.083091,8.309105,6.500000,存活,100000,100.000000
20,1,Chris Soules,0.082987,8.298666,6.500000,存活,100000,100.000000
20,1,Suzanne Somers,0.082910,8.290980,6.250000,存活,100000,100.000000
20,1,Patti LaBelle,0.082329,8.232882,6.250000,存活,100000,100.000000
20,1,Nastia Liukin,0.078244,7.824392,7.500000,存活,100000,100.000000
20,1,Redfoo,0.072758,7.275834,5.500000,存活,100000,100.000000
20,1,Charlotte McKinney,0.071487,7.148732,5.500000,存活,100000,100.000000
20,1,Robert Herjavec,0.070910,7.091034,7.000000,存活,100000,100.000000
20,2,Suzanne Somers,0.102520,10.251999,7.000000,存活,4253,4.253000
20,2,Patti LaBelle,0.101501,10.150083,7.000000,存活,4253,4.253000
20,2,Michael Sam,0.100623,10.062272,7.000000,存活,4253,4.253000
20,2,Noah Galloway,0.095145,9.514540,6.750000,存活,4253,4.253000
20,2,Riker Lynch,0.092962,9.296209,8.000000,存活,4253,4.253000
20,2,Willow Shields,0.092573,9.257296,8.000000,存活,4253,4.253000
20,2,Charlotte McKinney,0.092538,9.253826,6.500000,存活,4253,4.253000
20,2,Rumer Willis,0.092311,9.231123,8.000000,存活,4253,4.253000
20,2,Robert Herjavec,0.078098,7.809772,7.000000,存活,4253,4.253000
20,2,Nastia Liukin,0.075903,7.590263,8.500000,存活,4253,4.253000
20,2,Chris Soules,0.073978,7.397827,5.250000,存活,4253,4.253000
20,2,Redfoo,0.001848,0.184789,7.750000,淘汰,4253,4.253000
20,3,Riker Lynch,0.121006,12.100572,8.500000,存活,24421,24.421000
20,3,Rumer Willis,0.116900,11.690000,8.250000,存活,24421,24.421000
20,3,Willow Shields,0.113744,11.374399,8.000000,存活,24421,24.421000
20,3,Noah Galloway,0.102970,10.296972,7.500000,存活,24421,24.421000
20,3,Chris Soules,0.096100,9.609979,7.000000,存活,24421,24.421000
20,3,Nastia Liukin,0.094685,9.468506,8.500000,存活,24421,24.421000
20,3,Suzanne Somers,0.089093,8.909290,6.250000,存活,24421,24.421000
20,3,Michael Sam,0.084522,8.452218,6.000000,存活,24421,24.421000
20,3,Patti LaBelle,0.082803,8.280306,5.500000,存活,24421,24.421000
20,3,Robert Herjavec,0.078681,7.868116,7.250000,存活,24421,24.421000
20,3,Charlotte McKinney,0.019496,1.949642,5.500000,淘汰,24421,24.421000
20,4,Willow Shields,0.130990,13.099035,9.750000,存活,11851,11.851000
20,4,Suzanne Somers,0.121714,12.171354,7.000000,存活,11851,11.851000
20,4,Rumer Willis,0.117334,11.733394,8.750000,存活,11851,11.851000
20,4,Riker Lynch,0.115044,11.504350,8.500000,存活,11851,11.851000
20,4,Chris Soules,0.112881,11.288074,6.750000,存活,11851,11.851000
20,4,Patti LaBelle,0.110890,11.088985,7.500000,存活,11851,11.851000
20,4,Noah Galloway,0.104199,10.419908,8.000000,存活,11851,11.851000
20,4,Nastia Liukin,0.096391,9.639117,9.000000,存活,11851,11.851000
20,4,Robert Herjavec,0.088317,8.831674,8.500000,存活,11851,11.851000
20,4,Michael Sam,0.002241,0.224109,7.500000,淘汰,11851,11.851000
20,5,Rumer Willis,0.143246,14.324605,9.750000,存活,8586,8.586000
20,5,Riker Lynch,0.142509,14.250851,9.500000,存活,8586,8.586000
20,5,Willow Shields,0.130543,13.054268,8.500000,存活,8586,8.586000
20,5,Patti LaBelle,0.129737,12.973693,6.750000,存活,8586,8.586000
20,5,Chris Soules,0.125959,12.595933,6.750000,存活,8586,8.586000
20,5,Noah Galloway,0.124285,12.428451,7.000000,存活,8586,8.586000
20,5,Nastia Liukin,0.112302,11.230219,9.500000,存活,8586,8.586000
20,5,Robert Herjavec,0.088689,8.868949,6.000000,存活,8586,8.586000
20,5,Suzanne Somers,0.002730,0.273031,7.000000,淘汰,8586,8.586000
20,6,Noah Galloway,0.161413,16.141318,8.500000,存活,13432,13.432000
20,6,Riker Lynch,0.154180,15.417964,9.500000,存活,13432,13.432000
20,6,Willow Shields,0.148205,14.820550,9.125000,存活,13432,13.432000
20,6,Rumer Willis,0.143681,14.368097,8.875000,存活,13432,13.432000
20,6,Chris Soules,0.137212,13.721177,8.750000,存活,13432,13.432000
20,6,Robert Herjavec,0.135136,13.513613,8.375000,存活,13432,13.432000
20,6,Nastia Liukin,0.117737,11.773679,9.125000,存活,13432,13.432000
20,6,Patti LaBelle,0.002436,0.243603,8.500000,淘汰,13432,13.432000
20,7,Rumer Willis,0.195465,19.546471,9.250000,存活,6539,6.539000
20,7,Riker Lynch,0.195451,19.545077,9.250000,存活,6539,6.539000
20,7,Noah Galloway,0.193072,19.307235,9.500000,存活,6539,6.539000
20,7,Chris Soules,0.157535,15.753462,7.750000,存活,6539,6.539000
20,7,Nastia Liukin,0.131588,13.158759,10.250000,存活,6539,6.539000
20,7,Robert Herjavec,0.124743,12.474301,7.750000,存活,6539,6.539000
20,7,Willow Shields,0.002147,0.214695,9.750000,淘汰,6539,6.539000
20,8,Rumer Willis,0.217592,21.759235,10.000000,存活,58937,58.937000
20,8,Riker Lynch,0.212180,21.218024,9.750000,存活,58937,58.937000
20,8,Noah Galloway,0.178919,17.891878,7.875000,存活,58937,58.937000
20,8,Nastia Liukin,0.164924,16.492369,9.500000,存活,58937,58.937000
20,8,Chris Soules,0.133499,13.349928,8.000000,淘汰,58937,58.937000
20,8,Robert Herjavec,0.092886,9.288566,7.750000,淘汰,58937,58.937000
20,9,Rumer Willis,0.290566,29.056637,9.750000,存活,53635,53.635000
20,9,Riker Lynch,0.273440,27.343984,10.000000,存活,53635,53.635000
20,9,Noah Galloway,0.272437,27.243659,9.500000,存活,53635,53.635000
20,9,Nastia Liukin,0.163557,16.355721,10.000000,淘汰,53635,53.635000
20,10,Rumer Willis,0.345837,34.583655,10.000000,淘汰,100000,100.000000
20,10,Riker Lynch,0.345575,34.557475,10.000000,淘汰,100000,100.000000
20,10,Noah Galloway,0.308589,30.858870,9.000000,淘汰,100000,100.000000
21,1,Nick Carter,0.098850,9.884965,8.000000,存活,100000,100.000000
21,1,Carlos PenaVega,0.095790,9.579015,7.666667,存活,100000,100.000000
21,1,Tamar Braxton,0.094633,9.463257,7.666667,存活,100000,100.000000
21,1,Alexa PenaVega,0.091681,9.168057,7.333333,存活,100000,100.000000
21,1,Alek Skarlatos,0.089306,8.930618,7.333333,存活,100000,100.000000
21,1,Hayes Grier,0.088224,8.822391,7.000000,存活,100000,100.000000
21,1,Andy Grammer,0.086582,8.658168,7.000000,存活,100000,100.000000
21,1,Bindi Irwin,0.076884,7.688427,8.000000,存活,100000,100.000000
21,1,Gary Busey,0.063234,6.323436,5.000000,存活,100000,100.000000
21,1,Paula Deen,0.060969,6.096876,5.000000,存活,100000,100.000000
21,1,Chaka Khan,0.054672,5.467157,4.333333,存活,100000,100.000000
21,1,Victor Espinoza,0.049979,4.997944,5.000000,存活,100000,100.000000
21,1,Kim Zolciak-Biermann,0.049197,4.919688,4.000000,存活,100000,100.000000
21,2,Tamar Braxton,0.096387,9.638721,8.166667,存活,47474,47.474000
21,2,Alexa PenaVega,0.091910,9.191040,7.666667,存活,47474,47.474000
21,2,Hayes Grier,0.090885,9.088510,7.500000,存活,47474,47.474000
21,2,Carlos PenaVega,0.089737,8.973725,7.500000,存活,47474,47.474000
21,2,Nick Carter,0.088910,8.891049,7.500000,存活,47474,47.474000
21,2,Andy Grammer,0.087001,8.700120,7.333333,存活,47474,47.474000
21,2,Alek Skarlatos,0.086941,8.694051,7.500000,存活,47474,47.474000
21,2,Gary Busey,0.074425,7.442489,5.500000,存活,47474,47.474000
21,2,Bindi Irwin,0.074041,7.404079,8.000000,存活,47474,47.474000
21,2,Paula Deen,0.072926,7.292578,6.166667,存活,47474,47.474000
21,2,Kim Zolciak-Biermann,0.058331,5.833140,6.166667,淘汰,47474,47.474000
21,2,Victor Espinoza,0.046100,4.609986,6.166667,淘汰,47474,47.474000
21,2,Chaka Khan,0.042405,4.240512,5.000000,淘汰,47474,47.474000
21,3,Alexa PenaVega,0.120745,12.074536,9.000000,存活,100000,100.000000
21,3,Nick Carter,0.119676,11.967632,9.000000,存活,100000,100.000000
21,3,Tamar Braxton,0.110290,11.029000,8.250000,存活,100000,100.000000
21,3,Alek Skarlatos,0.108284,10.828428,8.250000,存活,100000,100.000000
21,3,Carlos PenaVega,0.104793,10.479259,7.750000,存活,100000,100.000000
21,3,Hayes Grier,0.102822,10.282152,7.500000,存活,100000,100.000000
21,3,Andy Grammer,0.097473,9.747275,7.250000,存活,100000,100.000000
21,3,Gary Busey,0.085711,8.571132,6.250000,存活,100000,100.000000
21,3,Bindi Irwin,0.083756,8.375575,8.000000,存活,100000,100.000000
21,3,Paula Deen,0.066450,6.645011,5.000000,存活,100000,100.000000
21,4,Hayes Grier,0.124991,12.499143,9.000000,存活,30499,30.499000
21,4,Tamar Braxton,0.122761,12.276134,9.000000,存活,30499,30.499000
21,4,Nick Carter,0.122231,12.223114,9.000000,存活,30499,30.499000
21,4,Carlos PenaVega,0.114471,11.447077,8.333333,存活,30499,30.499000
21,4,Alek Skarlatos,0.107173,10.717316,8.000000,存活,30499,30.499000
21,4,Andy Grammer,0.104985,10.498457,7.666667,存活,30499,30.499000
21,4,Bindi Irwin,0.098947,9.894734,9.333333,存活,30499,30.499000
21,4,Alexa PenaVega,0.097185,9.718541,7.000000,存活,30499,30.499000
21,4,Paula Deen,0.080708,8.070819,6.000000,存活,30499,30.499000
21,4,Gary Busey,0.026547,2.654663,5.333333,淘汰,30499,30.499000
21,5,Alexa PenaVega,0.136803,13.680342,10.000000,存活,100000,100.000000
21,5,Carlos PenaVega,0.133888,13.388809,9.750000,存活,100000,100.000000
21,5,Andy Grammer,0.122572,12.257217,9.000000,存活,100000,100.000000
21,5,Nick Carter,0.119387,11.938675,8.750000,存活,100000,100.000000
21,5,Hayes Grier,0.104948,10.494761,7.500000,存活,100000,100.000000
21,5,Tamar Braxton,0.099475,9.947458,7.250000,存活,100000,100.000000
21,5,Bindi Irwin,0.098403,9.840288,9.250000,存活,100000,100.000000
21,5,Alek Skarlatos,0.097496,9.749628,7.250000,存活,100000,100.000000
21,5,Paula Deen,0.087028,8.702822,6.500000,存活,100000,100.000000
21,6,Tamar Braxton,0.137431,13.743060,10.000000,存活,33403,33.403000
21,6,Andy Grammer,0.137032,13.703229,10.000000,存活,33403,33.403000
21,6,Nick Carter,0.134121,13.412104,9.750000,存活,33403,33.403000
21,6,Carlos PenaVega,0.131972,13.197250,9.500000,存活,33403,33.403000
21,6,Hayes Grier,0.112827,11.282729,8.000000,存活,33403,33.403000
21,6,Bindi Irwin,0.107228,10.722761,10.000000,存活,33403,33.403000
21,6,Alexa PenaVega,0.104875,10.487526,7.500000,存活,33403,33.403000
21,6,Alek Skarlatos,0.101870,10.187040,7.500000,存活,33403,33.403000
21,6,Paula Deen,0.032643,3.264300,6.000000,淘汰,33403,33.403000
21,7,Alexa PenaVega,0.157126,15.712625,9.166667,存活,6320,6.320000
21,7,Tamar Braxton,0.153004,15.300363,9.000000,存活,6320,6.320000
21,7,Nick Carter,0.152892,15.289247,9.000000,存活,6320,6.320000
21,7,Alek Skarlatos,0.147156,14.715624,8.833333,存活,6320,6.320000
21,7,Andy Grammer,0.144457,14.445748,9.333333,存活,6320,6.320000
21,7,Carlos PenaVega,0.143177,14.317719,9.333333,存活,6320,6.320000
21,7,Bindi Irwin,0.100358,10.035835,9.666667,存活,6320,6.320000
21,7,Hayes Grier,0.001828,0.182838,9.333333,淘汰,6320,6.320000
21,8,Nick Carter,0.187212,18.721175,11.000000,存活,38662,38.662000
21,8,Carlos PenaVega,0.167220,16.722029,9.666600,存活,38662,38.662000
21,8,Tamar Braxton,0.160393,16.039313,9.333333,存活,38662,38.662000
21,8,Alexa PenaVega,0.156574,15.657427,8.999933,存活,38662,38.662000
21,8,Alek Skarlatos,0.140725,14.072548,8.333333,存活,38662,38.662000
21,8,Bindi Irwin,0.124879,12.487889,9.333333,存活,38662,38.662000
21,8,Andy Grammer,0.062996,6.299619,7.999933,淘汰,38662,38.662000
21,9,Nick Carter,0.191373,19.137266,9.166667,存活,50727,50.727000
21,9,Carlos PenaVega,0.190100,19.010020,9.000000,存活,50727,50.727000
21,9,Alexa PenaVega,0.180500,18.050041,10.000000,淘汰,50727,50.727000
21,9,Alek Skarlatos,0.175307,17.530674,8.500000,存活,50727,50.727000
21,9,Bindi Irwin,0.162937,16.293734,10.000000,存活,50727,50.727000
21,9,Tamar Braxton,0.099783,9.978265,8.166667,淘汰,50727,50.727000
21,10,Carlos PenaVega,0.281764,28.176360,10.500000,存活,100000,100.000000
21,10,Alek Skarlatos,0.252029,25.202926,9.500000,存活,100000,100.000000
21,10,Nick Carter,0.243308,24.330794,9.000000,存活,100000,100.000000
21,10,Bindi Irwin,0.222899,22.289920,10.500000,存活,100000,100.000000
21,11,Carlos PenaVega,0.270759,27.075928,10.000000,淘汰,100000,100.000000
21,11,Nick Carter,0.267110,26.710995,10.000000,淘汰,100000,100.000000
21,11,Alek Skarlatos,0.247888,24.788828,9.333300,淘汰,100000,100.000000
21,11,Bindi Irwin,0.214242,21.424249,10.000000,淘汰,100000,100.000000
22,1,Wanya Morris,0.099189,9.918892,7.666667,存活,100000,100.000000
22,1,Nyle DiMarco,0.097202,9.720209,7.666667,存活,100000,100.000000
22,1,Ginger Zee,0.095093,9.509291,7.666667,存活,100000,100.000000
22,1,Antonio Brown,0.089804,8.980388,7.000000,存活,100000,100.000000
22,1,Von Miller,0.089729,8.972947,7.000000,存活,100000,100.000000
22,1,Paige VanZant,0.089655,8.965483,7.000000,存活,100000,100.000000
22,1,Marla Maples,0.088260,8.825999,7.000000,存活,100000,100.000000
22,1,Jodie Sweetin,0.087197,8.719700,6.666667,存活,100000,100.000000
22,1,Kim Fields,0.087063,8.706251,6.666667,存活,100000,100.000000
22,1,Doug Flutie,0.065114,6.511369,5.000000,存活,100000,100.000000
22,1,Mischa Barton,0.056586,5.658613,5.333333,存活,100000,100.000000
22,1,Geraldo Rivera,0.055109,5.510860,4.333333,存活,100000,100.000000
22,2,Wanya Morris,0.107731,10.773092,8.000000,存活,26974,26.974000
22,2,Paige VanZant,0.106431,10.643110,8.000000,存活,26974,26.974000
22,2,Jodie Sweetin,0.095652,9.565235,7.000000,存活,26974,26.974000
22,2,Ginger Zee,0.091148,9.114803,7.000000,存活,26974,26.974000
22,2,Von Miller,0.089625,8.962523,6.666667,存活,26974,26.974000
22,2,Doug Flutie,0.089581,8.958056,6.666667,存活,26974,26.974000
22,2,Nyle DiMarco,0.088513,8.851259,6.666667,存活,26974,26.974000
22,2,Marla Maples,0.087712,8.771205,6.666667,存活,26974,26.974000
22,2,Kim Fields,0.086658,8.665800,6.333333,存活,26974,26.974000
22,2,Antonio Brown,0.085218,8.521842,6.333333,存活,26974,26.974000
22,2,Mischa Barton,0.055066,5.506580,5.000000,存活,26974,26.974000
22,2,Geraldo Rivera,0.016665,1.666493,4.333333,淘汰,26974,26.974000
22,3,Nyle DiMarco,0.110154,11.015364,8.333333,存活,28605,28.605000
22,3,Wanya Morris,0.108185,10.818455,8.000000,存活,28605,28.605000
22,3,Jodie Sweetin,0.105234,10.523378,7.666667,存活,28605,28.605000
22,3,Paige VanZant,0.102363,10.236332,7.666667,存活,28605,28.605000
22,3,Kim Fields,0.100876,10.087602,7.333333,存活,28605,28.605000
22,3,Marla Maples,0.092453,9.245331,7.000000,存活,28605,28.605000
22,3,Ginger Zee,0.090967,9.096660,7.000000,存活,28605,28.605000
22,3,Doug Flutie,0.089988,8.998765,6.666667,存活,28605,28.605000
22,3,Antonio Brown,0.089766,8.976636,6.666667,存活,28605,28.605000
22,3,Von Miller,0.089645,8.964499,6.666667,存活,28605,28.605000
22,3,Mischa Barton,0.020370,2.036977,6.000000,淘汰,28605,28.605000
22,4,Paige VanZant,0.116943,11.694326,9.000000,存活,12813,12.813000
22,4,Jodie Sweetin,0.115726,11.572574,6.750000,存活,12813,12.813000
22,4,Wanya Morris,0.115304,11.530428,8.750000,存活,12813,12.813000
22,4,Antonio Brown,0.113947,11.394720,8.750000,存活,12813,12.813000
22,4,Ginger Zee,0.113438,11.343818,9.000000,存活,12813,12.813000
22,4,Nyle DiMarco,0.109530,10.952976,8.500000,存活,12813,12.813000
22,4,Kim Fields,0.107349,10.734867,8.000000,存活,12813,12.813000
22,4,Von Miller,0.104515,10.451482,8.000000,存活,12813,12.813000
22,4,Doug Flutie,0.100924,10.092429,6.000000,存活,12813,12.813000
22,4,Marla Maples,0.002324,0.232380,7.000000,淘汰,12813,12.813000
22,5,Nyle DiMarco,0.131842,13.184230,9.250000,存活,100000,100.000000
22,5,Jodie Sweetin,0.128129,12.812910,8.750000,存活,100000,100.000000
22,5,Ginger Zee,0.112298,11.229842,8.000000,存活,100000,100.000000
22,5,Paige VanZant,0.112059,11.205869,7.750000,存活,100000,100.000000
22,5,Wanya Morris,0.109973,10.997328,7.500000,存活,100000,100.000000
22,5,Von Miller,0.105290,10.529000,7.250000,存活,100000,100.000000
22,5,Kim Fields,0.103523,10.352334,7.000000,存活,100000,100.000000
22,5,Doug Flutie,0.102010,10.201034,7.000000,存活,100000,100.000000
22,5,Antonio Brown,0.094875,9.487455,6.500000,存活,100000,100.000000
22,6,Wanya Morris,0.136011,13.601141,9.666667,存活,33371,33.371000
22,6,Paige VanZant,0.129479,12.947916,9.333333,存活,33371,33.371000
22,6,Antonio Brown,0.125922,12.592237,9.000000,存活,33371,33.371000
22,6,Jodie Sweetin,0.119048,11.904850,8.333333,存活,33371,33.371000
22,6,Nyle DiMarco,0.115767,11.576700,8.333333,存活,33371,33.371000
22,6,Kim Fields,0.113912,11.391228,8.000000,存活,33371,33.371000
22,6,Von Miller,0.112284,11.228393,8.000000,存活,33371,33.371000
22,6,Ginger Zee,0.109228,10.922805,8.000000,存活,33371,33.371000
22,6,Doug Flutie,0.038347,3.834732,7.000000,淘汰,33371,33.371000
22,7,Jodie Sweetin,0.158998,15.899791,8.500000,存活,30488,30.488000
22,7,Antonio Brown,0.143332,14.333205,8.666667,存活,30488,30.488000
22,7,Wanya Morris,0.135323,13.532268,9.166667,存活,30488,30.488000
22,7,Nyle DiMarco,0.134826,13.482649,9.333333,存活,30488,30.488000
22,7,Paige VanZant,0.134433,13.443313,9.166667,存活,30488,30.488000
22,7,Ginger Zee,0.130484,13.048384,9.166667,存活,30488,30.488000
22,7,Kim Fields,0.083537,8.353659,8.666667,淘汰,30488,30.488000
22,7,Von Miller,0.079067,7.906731,8.666667,淘汰,30488,30.488000
22,8,Nyle DiMarco,0.209114,20.911401,9.666667,存活,6805,6.805000
22,8,Ginger Zee,0.204112,20.411203,10.000000,存活,6805,6.805000
22,8,Paige VanZant,0.203945,20.394516,9.333333,存活,6805,6.805000
22,8,Antonio Brown,0.196703,19.670280,9.000000,存活,6805,6.805000
22,8,Wanya Morris,0.183923,18.392266,8.333333,存活,6805,6.805000
22,8,Jodie Sweetin,0.002203,0.220333,10.000000,淘汰,6805,6.805000
22,9,Paige VanZant,0.236758,23.675768,9.833333,存活,46167,46.167000
22,9,Nyle DiMarco,0.227696,22.769582,9.500000,存活,46167,46.167000
22,9,Ginger Zee,0.220751,22.075101,9.333333,存活,46167,46.167000
22,9,Wanya Morris,0.196080,19.608032,10.000000,淘汰,46167,46.167000
22,9,Antonio Brown,0.118715,11.871516,9.166667,淘汰,46167,46.167000
22,10,Paige VanZant,0.343535,34.353514,9.888867,淘汰,100000,100.000000
22,10,Nyle DiMarco,0.334337,33.433718,9.666600,淘汰,100000,100.000000
22,10,Ginger Zee,0.322128,32.212769,9.444400,淘汰,100000,100.000000
23,1,Laurie Hernandez,0.095027,9.502693,7.750000,存活,100000,100.000000
23,1,Marilu Henner,0.084856,8.485624,6.750000,存活,100000,100.000000
23,1,Jana Kramer,0.084053,8.405308,6.750000,存活,100000,100.000000
23,1,Babyface,0.080836,8.083592,6.500000,存活,100000,100.000000
23,1,Calvin Johnson Jr.,0.080279,8.027866,6.500000,存活,100000,100.000000
23,1,Vanilla Ice,0.078022,7.802168,6.250000,存活,100000,100.000000
23,1,Terra Jole,0.075787,7.578717,6.250000,存活,100000,100.000000
23,1,James Hinchcliffe,0.074961,7.496125,7.750000,存活,100000,100.000000
23,1,Ryan Lochte,0.074292,7.429245,6.000000,存活,100000,100.000000
23,1,Amber Rose,0.073653,7.365263,6.000000,存活,100000,100.000000
23,1,Jake T. Austin,0.069660,6.965987,5.500000,存活,100000,100.000000
23,1,Maureen McCormick,0.069375,6.937502,5.500000,存活,100000,100.000000
23,1,Rick Perry,0.059199,5.919910,5.000000,存活,100000,100.000000
23,2,Laurie Hernandez,0.094780,9.477989,8.000000,存活,11792,11.792000
23,2,Babyface,0.089983,8.998261,7.500000,存活,11792,11.792000
23,2,Terra Jole,0.089877,8.987659,7.750000,存活,11792,11.792000
23,2,Jana Kramer,0.086649,8.664914,7.250000,存活,11792,11.792000
23,2,Amber Rose,0.083678,8.367789,6.000000,存活,11792,11.792000
23,2,Ryan Lochte,0.083008,8.300845,6.000000,存活,11792,11.792000
23,2,Calvin Johnson Jr.,0.082895,8.289490,7.000000,存活,11792,11.792000
23,2,Marilu Henner,0.082321,8.232076,6.750000,存活,11792,11.792000
23,2,Rick Perry,0.079017,7.901712,5.500000,存活,11792,11.792000
23,2,Maureen McCormick,0.078846,7.884642,6.500000,存活,11792,11.792000
23,2,Vanilla Ice,0.078547,7.854708,6.500000,存活,11792,11.792000
23,2,James Hinchcliffe,0.067886,6.788574,7.250000,存活,11792,11.792000
23,2,Jake T. Austin,0.002513,0.251341,6.000000,淘汰,11792,11.792000
23,3,Calvin Johnson Jr.,0.104257,10.425749,8.000000,存活,26045,26.045000
23,3,Laurie Hernandez,0.101720,10.171982,7.750000,存活,26045,26.045000
23,3,Terra Jole,0.097177,9.717735,7.500000,存活,26045,26.045000
23,3,Marilu Henner,0.094524,9.452438,7.000000,存活,26045,26.045000
23,3,Maureen McCormick,0.094298,9.429829,7.000000,存活,26045,26.045000
23,3,Jana Kramer,0.086583,8.658329,6.500000,存活,26045,26.045000
23,3,Babyface,0.083817,8.381733,6.250000,存活,26045,26.045000
23,3,Ryan Lochte,0.083318,8.331820,6.250000,存活,26045,26.045000
23,3,Amber Rose,0.082069,8.206877,6.250000,存活,26045,26.045000
23,3,Vanilla Ice,0.078083,7.808313,5.750000,存活,26045,26.045000
23,3,James Hinchcliffe,0.075512,7.551246,7.250000,存活,26045,26.045000
23,3,Rick Perry,0.018639,1.863949,5.750000,淘汰,26045,26.045000
23,4,Laurie Hernandez,0.121254,12.125449,10.000000,存活,36701,36.701000
23,4,Terra Jole,0.099605,9.960481,8.333333,存活,36701,36.701000
23,4,Maureen McCormick,0.099480,9.947951,8.000000,存活,36701,36.701000
23,4,Calvin Johnson Jr.,0.096718,9.671807,7.666667,存活,36701,36.701000
23,4,Jana Kramer,0.096672,9.667231,7.666667,存活,36701,36.701000
23,4,Amber Rose,0.096533,9.653304,8.000000,存活,36701,36.701000
23,4,Ryan Lochte,0.094801,9.480078,7.333333,存活,36701,36.701000
23,4,Marilu Henner,0.092427,9.242713,7.000000,存活,36701,36.701000
23,4,James Hinchcliffe,0.089393,8.939306,9.333333,存活,36701,36.701000
23,4,Vanilla Ice,0.074903,7.490297,7.666667,淘汰,36701,36.701000
23,4,Babyface,0.038214,3.821384,6.000000,淘汰,36701,36.701000
23,5,Marilu Henner,0.122540,12.254042,9.000000,存活,100000,100.000000
23,5,Terra Jole,0.117566,11.756578,9.000000,存活,100000,100.000000
23,5,Jana Kramer,0.116572,11.657235,8.666667,存活,100000,100.000000
23,5,Laurie Hernandez,0.111253,11.125285,8.333333,存活,100000,100.000000
23,5,Maureen McCormick,0.109287,10.928675,8.000000,存活,100000,100.000000
23,5,Ryan Lochte,0.107404,10.740443,8.000000,存活,100000,100.000000
23,5,Calvin Johnson Jr.,0.106929,10.692879,8.000000,存活,100000,100.000000
23,5,Amber Rose,0.106538,10.653761,8.000000,存活,100000,100.000000
23,5,James Hinchcliffe,0.101911,10.191102,9.666667,存活,100000,100.000000
23,6,Jana Kramer,0.142986,14.298564,10.000000,存活,33449,33.449000
23,6,Laurie Hernandez,0.132214,13.221386,9.250000,存活,33449,33.449000
23,6,Calvin Johnson Jr.,0.131484,13.148352,9.250000,存活,33449,33.449000
23,6,Marilu Henner,0.123121,12.312061,8.500000,存活,33449,33.449000
23,6,Maureen McCormick,0.112825,11.282512,7.750000,存活,33449,33.449000
23,6,James Hinchcliffe,0.106655,10.665529,9.500000,存活,33449,33.449000
23,6,Ryan Lochte,0.106570,10.656976,7.500000,存活,33449,33.449000
23,6,Terra Jole,0.105112,10.511199,7.500000,存活,33449,33.449000
23,6,Amber Rose,0.039034,3.903422,7.000000,淘汰,33449,33.449000
23,7,Marilu Henner,0.166343,16.634315,8.000000,存活,14451,14.451000
23,7,Ryan Lochte,0.154194,15.419442,8.250000,存活,14451,14.451000
23,7,Calvin Johnson Jr.,0.146284,14.628406,9.250000,存活,14451,14.451000
23,7,Jana Kramer,0.138647,13.864750,8.625000,存活,14451,14.451000
23,7,Laurie Hernandez,0.136742,13.674234,8.625000,存活,14451,14.451000
23,7,Terra Jole,0.133900,13.390024,8.625000,存活,14451,14.451000
23,7,James Hinchcliffe,0.116107,11.610710,9.250000,存活,14451,14.451000
23,7,Maureen McCormick,0.007781,0.778119,8.250000,淘汰,14451,14.451000
23,8,Laurie Hernandez,0.179019,17.901918,11.000000,存活,12900,12.900000
23,8,Terra Jole,0.168815,16.881461,8.000000,存活,12900,12.900000
23,8,Marilu Henner,0.168228,16.822814,7.666667,存活,12900,12.900000
23,8,Jana Kramer,0.165519,16.551940,10.000000,存活,12900,12.900000
23,8,Calvin Johnson Jr.,0.165224,16.522450,10.000000,存活,12900,12.900000
23,8,James Hinchcliffe,0.150739,15.073930,11.666600,存活,12900,12.900000
23,8,Ryan Lochte,0.002455,0.245488,8.666667,淘汰,12900,12.900000
23,9,Jana Kramer,0.207710,20.770958,10.000000,存活,16070,16.070000
23,9,Laurie Hernandez,0.207435,20.743507,10.000000,存活,16070,16.070000
23,9,James Hinchcliffe,0.195551,19.555146,9.000000,存活,16070,16.070000
23,9,Terra Jole,0.193756,19.375584,9.500000,存活,16070,16.070000
23,9,Calvin Johnson Jr.,0.192444,19.244425,9.250000,存活,16070,16.070000
23,9,Marilu Henner,0.003104,0.310379,9.000000,淘汰,16070,16.070000
23,10,Jana Kramer,0.278998,27.899800,9.666667,存活,9548,9.548000
23,10,Calvin Johnson Jr.,0.266704,26.670382,9.333333,存活,9548,9.548000
23,10,Laurie Hernandez,0.231206,23.120630,10.000000,存活,9548,9.548000
23,10,James Hinchcliffe,0.220324,22.032404,9.833333,存活,9548,9.548000
23,10,Terra Jole,0.002768,0.276783,10.000000,淘汰,9548,9.548000
23,11,Laurie Hernandez,0.271040,27.104048,9.833300,淘汰,100000,100.000000
23,11,Calvin Johnson Jr.,0.263703,26.370290,9.583275,淘汰,100000,100.000000
23,11,Jana Kramer,0.250077,25.007660,8.875000,淘汰,100000,100.000000
23,11,James Hinchcliffe,0.215180,21.518002,9.749950,淘汰,100000,100.000000
24,1,Simone Biles,0.106030,10.602963,8.000000,存活,100000,100.000000
24,1,Rashad Jennings,0.102839,10.283909,7.750000,存活,100000,100.000000
24,1,Heather Morris,0.094902,9.490158,7.000000,存活,100000,100.000000
24,1,Nancy Kerrigan,0.093625,9.362462,7.000000,存活,100000,100.000000
24,1,David Ross,0.093508,9.350803,7.000000,存活,100000,100.000000
24,1,Normani,0.091128,9.112805,6.750000,存活,100000,100.000000
24,1,Erika Jayne,0.081303,8.130328,6.000000,存活,100000,100.000000
24,1,Nick Viall,0.079168,7.916763,6.000000,存活,100000,100.000000
24,1,Bonner Bolton,0.073900,7.390015,5.500000,存活,100000,100.000000
24,1,Mr. T,0.068684,6.868354,5.000000,存活,100000,100.000000
24,1,Charo,0.058044,5.804447,5.250000,存活,100000,100.000000
24,1,Chris Kattan,0.056870,5.686994,4.250000,存活,100000,100.000000
24,2,Normani,0.104340,10.433993,8.000000,存活,25000,25.000000
24,2,Rashad Jennings,0.103564,10.356407,8.000000,存活,25000,25.000000
24,2,Heather Morris,0.099050,9.904997,7.500000,存活,25000,25.000000
24,2,Simone Biles,0.093553,9.355292,7.250000,存活,25000,25.000000
24,2,Erika Jayne,0.091968,9.196838,7.000000,存活,25000,25.000000
24,2,Bonner Bolton,0.090937,9.093671,7.000000,存活,25000,25.000000
24,2,Nancy Kerrigan,0.090616,9.061605,7.000000,存活,25000,25.000000
24,2,David Ross,0.087384,8.738357,6.750000,存活,25000,25.000000
24,2,Nick Viall,0.079650,7.965036,6.250000,存活,25000,25.000000
24,2,Mr. T,0.075628,7.562847,5.500000,存活,25000,25.000000
24,2,Charo,0.066242,6.624247,6.250000,存活,25000,25.000000
24,2,Chris Kattan,0.017067,1.706709,5.500000,淘汰,25000,25.000000
24,3,Normani,0.114731,11.473065,8.500000,存活,28473,28.473000
24,3,Heather Morris,0.112223,11.222345,8.250000,存活,28473,28.473000
24,3,Nancy Kerrigan,0.110001,11.000073,8.250000,存活,28473,28.473000
24,3,Simone Biles,0.107078,10.707790,8.000000,存活,28473,28.473000
24,3,David Ross,0.103104,10.310350,7.750000,存活,28473,28.473000
24,3,Rashad Jennings,0.093930,9.392971,7.000000,存活,28473,28.473000
24,3,Erika Jayne,0.088415,8.841503,6.500000,存活,28473,28.473000
24,3,Nick Viall,0.086181,8.618093,6.500000,存活,28473,28.473000
24,3,Mr. T,0.082550,8.254961,6.000000,存活,28473,28.473000
24,3,Bonner Bolton,0.081239,8.123901,6.000000,存活,28473,28.473000
24,3,Charo,0.020549,2.054949,6.000000,淘汰,28473,28.473000
24,4,Rashad Jennings,0.125624,12.562449,9.750000,存活,30675,30.675000
24,4,Simone Biles,0.116236,11.623641,9.000000,存活,30675,30.675000
24,4,Heather Morris,0.114899,11.489885,8.750000,存活,30675,30.675000
24,4,Nancy Kerrigan,0.107073,10.707307,8.250000,存活,30675,30.675000
24,4,Normani,0.104193,10.419270,8.000000,存活,30675,30.675000
24,4,Bonner Bolton,0.104131,10.413071,8.000000,存活,30675,30.675000
24,4,David Ross,0.101276,10.127650,7.750000,存活,30675,30.675000
24,4,Erika Jayne,0.098741,9.874092,7.500000,存活,30675,30.675000
24,4,Nick Viall,0.095605,9.560496,7.500000,存活,30675,30.675000
24,4,Mr. T,0.032221,3.222138,7.000000,淘汰,30675,30.675000
24,5,Normani,0.132948,13.294755,9.750000,存活,11158,11.158000
24,5,Bonner Bolton,0.131221,13.122127,7.500000,存活,11158,11.158000
24,5,Simone Biles,0.129386,12.938575,9.500000,存活,11158,11.158000
24,5,David Ross,0.126775,12.677451,7.250000,存活,11158,11.158000
24,5,Rashad Jennings,0.125693,12.569295,8.000000,存活,11158,11.158000
24,5,Nancy Kerrigan,0.121010,12.100993,9.000000,存活,11158,11.158000
24,5,Heather Morris,0.117854,11.785362,8.500000,存活,11158,11.158000
24,5,Nick Viall,0.112940,11.294023,8.500000,存活,11158,11.158000
24,5,Erika Jayne,0.002174,0.217418,8.000000,淘汰,11158,11.158000
24,6,Normani,0.156554,15.655444,9.000000,存活,4207,4.207000
24,6,Rashad Jennings,0.150688,15.068784,8.750000,存活,4207,4.207000
24,6,Simone Biles,0.148586,14.858571,8.625000,存活,4207,4.207000
24,6,Nancy Kerrigan,0.144121,14.412097,8.375000,存活,4207,4.207000
24,6,Bonner Bolton,0.135709,13.570862,7.875000,存活,4207,4.207000
24,6,David Ross,0.133614,13.361401,7.750000,存活,4207,4.207000
24,6,Nick Viall,0.128852,12.885191,7.625000,存活,4207,4.207000
24,6,Heather Morris,0.001876,0.187650,9.250000,淘汰,4207,4.207000
24,7,Normani,0.173405,17.340462,10.500000,存活,23220,23.220000
24,7,David Ross,0.172711,17.271100,8.000000,存活,23220,23.220000
24,7,Bonner Bolton,0.167348,16.734750,7.750000,存活,23220,23.220000
24,7,Rashad Jennings,0.161042,16.104238,9.750000,存活,23220,23.220000
24,7,Simone Biles,0.160700,16.070007,9.750000,存活,23220,23.220000
24,7,Nancy Kerrigan,0.085560,8.555956,9.000000,淘汰,23220,23.220000
24,7,Nick Viall,0.079235,7.923488,8.500000,淘汰,23220,23.220000
24,8,Normani,0.243477,24.347743,9.875000,存活,52792,52.792000
24,8,Rashad Jennings,0.230541,23.054062,9.375000,存活,52792,52.792000
24,8,Simone Biles,0.220515,22.051535,9.000000,存活,52792,52.792000
24,8,David Ross,0.200915,20.091516,8.125000,存活,52792,52.792000
24,8,Bonner Bolton,0.104551,10.455143,7.250000,淘汰,52792,52.792000
24,9,Rashad Jennings,0.342549,34.254910,9.625000,存活,10383,10.383000
24,9,Normani,0.341471,34.147135,9.500000,存活,10383,10.383000
24,9,David Ross,0.311736,31.173572,8.750000,存活,10383,10.383000
24,9,Simone Biles,0.004244,0.424383,10.000000,淘汰,10383,10.383000
24,10,Rashad Jennings,0.341428,34.142766,9.916650,淘汰,100000,100.000000
24,10,Normani,0.341213,34.121317,9.833300,淘汰,100000,100.000000
24,10,David Ross,0.317359,31.735916,9.083325,淘汰,100000,100.000000
25,1,Jordan Fisher,0.097970,9.796991,7.333333,存活,100000,100.000000
25,1,Lindsey Stirling,0.093250,9.325011,7.333333,存活,100000,100.000000
25,1,Nikki Bella,0.087629,8.762909,6.666667,存活,100000,100.000000
25,1,Frankie Muniz,0.084816,8.481598,6.333333,存活,100000,100.000000
25,1,Victoria Arlen,0.083103,8.310276,6.333333,存活,100000,100.000000
25,1,Nick Lachey,0.079861,7.986146,6.000000,存活,100000,100.000000
25,1,Derek Fisher,0.078920,7.891961,6.000000,存活,100000,100.000000
25,1,Debbie Gibson,0.075490,7.548957,5.666667,存活,100000,100.000000
25,1,Vanessa Lachey,0.072215,7.221478,7.000000,存活,100000,100.000000
25,1,Terrell Owens,0.066187,6.618732,5.000000,存活,100000,100.000000
25,1,Sasha Pieterse,0.064648,6.464766,6.000000,存活,100000,100.000000
25,1,Barbara Corcoran,0.060435,6.043549,4.666667,存活,100000,100.000000
25,1,Drew Scott,0.055476,5.547626,5.333333,存活,100000,100.000000
25,2,Frankie Muniz,0.097463,9.746343,8.000000,存活,30673,30.673000
25,2,Jordan Fisher,0.096896,9.689598,8.000000,存活,30673,30.673000
25,2,Victoria Arlen,0.087904,8.790450,7.333333,存活,30673,30.673000
25,2,Lindsey Stirling,0.086528,8.652813,7.500000,存活,30673,30.673000
25,2,Terrell Owens,0.081308,8.130814,6.500000,存活,30673,30.673000
25,2,Nikki Bella,0.081211,8.121081,6.500000,存活,30673,30.673000
25,2,Nick Lachey,0.079874,7.987433,6.333333,存活,30673,30.673000
25,2,Derek Fisher,0.078711,7.871113,6.333333,存活,30673,30.673000
25,2,Vanessa Lachey,0.073578,7.357753,7.833333,存活,30673,30.673000
25,2,Sasha Pieterse,0.073300,7.329977,7.500000,存活,30673,30.673000
25,2,Debbie Gibson,0.069874,6.987387,6.833333,淘汰,30673,30.673000
25,2,Drew Scott,0.067116,6.711588,6.833333,存活,30673,30.673000
25,2,Barbara Corcoran,0.026237,2.623651,5.666667,淘汰,30673,30.673000
25,3,Lindsey Stirling,0.112784,11.278441,9.000000,存活,100000,100.000000
25,3,Jordan Fisher,0.109520,10.951999,8.333333,存活,100000,100.000000
25,3,Victoria Arlen,0.095234,9.523450,7.333333,存活,100000,100.000000
25,3,Frankie Muniz,0.092691,9.269123,7.000000,存活,100000,100.000000
25,3,Nick Lachey,0.091923,9.192313,7.000000,存活,100000,100.000000
25,3,Derek Fisher,0.091173,9.117257,7.000000,存活,100000,100.000000
25,3,Terrell Owens,0.091100,9.110032,7.000000,存活,100000,100.000000
25,3,Nikki Bella,0.091001,9.100126,7.000000,存活,100000,100.000000
25,3,Drew Scott,0.078448,7.844791,7.666667,存活,100000,100.000000
25,3,Vanessa Lachey,0.078363,7.836311,7.666667,存活,100000,100.000000
25,3,Sasha Pieterse,0.067762,6.776158,6.333333,存活,100000,100.000000
25,4,Jordan Fisher,0.123604,12.360423,9.666667,存活,15925,15.925000
25,4,Nick Lachey,0.118204,11.820399,7.333333,存活,15925,15.925000
25,4,Victoria Arlen,0.111918,11.191845,9.000000,存活,15925,15.925000
25,4,Lindsey Stirling,0.104226,10.422627,8.666667,存活,15925,15.925000
25,4,Frankie Muniz,0.101320,10.132028,8.000000,存活,15925,15.925000
25,4,Terrell Owens,0.099597,9.959717,8.000000,存活,15925,15.925000
25,4,Nikki Bella,0.099004,9.900380,8.000000,存活,15925,15.925000
25,4,Sasha Pieterse,0.082074,8.207352,8.000000,存活,15925,15.925000
25,4,Drew Scott,0.079035,7.903524,8.000000,存活,15925,15.925000
25,4,Vanessa Lachey,0.078961,7.896138,8.000000,存活,15925,15.925000
25,4,Derek Fisher,0.002056,0.205567,7.666667,淘汰,15925,15.925000
25,5,Jordan Fisher,0.127483,12.748330,10.000000,存活,15300,15.300000
25,5,Frankie Muniz,0.123371,12.337103,9.666667,存活,15300,15.300000
25,5,Nick Lachey,0.116531,11.653074,7.333333,存活,15300,15.300000
25,5,Lindsey Stirling,0.114021,11.402070,9.333333,存活,15300,15.300000
25,5,Nikki Bella,0.113571,11.357069,9.000000,存活,15300,15.300000
25,5,Victoria Arlen,0.112514,11.251411,9.000000,存活,15300,15.300000
25,5,Terrell Owens,0.104155,10.415505,8.333333,存活,15300,15.300000
25,5,Vanessa Lachey,0.094696,9.469566,8.000000,存活,15300,15.300000
25,5,Drew Scott,0.082518,8.251799,8.333333,存活,15300,15.300000
25,5,Sasha Pieterse,0.011141,1.114073,8.000000,淘汰,15300,15.300000
25,6,Jordan Fisher,0.143701,14.370094,9.750000,存活,31256,31.256000
25,6,Lindsey Stirling,0.140259,14.025895,10.000000,存活,31256,31.256000
25,6,Terrell Owens,0.134464,13.446363,9.250000,存活,31256,31.256000
25,6,Nikki Bella,0.130875,13.087503,9.000000,存活,31256,31.256000
25,6,Frankie Muniz,0.114791,11.479105,7.750000,存活,31256,31.256000
25,6,Victoria Arlen,0.112927,11.292653,7.750000,存活,31256,31.256000
25,6,Vanessa Lachey,0.102649,10.264937,9.000000,存活,31256,31.256000
25,6,Drew Scott,0.086443,8.644298,7.500000,存活,31256,31.256000
25,6,Nick Lachey,0.033892,3.389153,6.500000,淘汰,31256,31.256000
25,7,Frankie Muniz,0.157802,15.780229,10.000000,存活,45887,45.887000
25,7,Victoria Arlen,0.148053,14.805266,9.500000,存活,45887,45.887000
25,7,Jordan Fisher,0.142739,14.273930,9.000000,存活,45887,45.887000
25,7,Lindsey Stirling,0.136799,13.679931,8.500000,存活,45887,45.887000
25,7,Terrell Owens,0.135537,13.553722,8.166667,存活,45887,45.887000
25,7,Drew Scott,0.116225,11.622507,9.500000,存活,45887,45.887000
25,7,Vanessa Lachey,0.088006,8.800573,9.000000,淘汰,45887,45.887000
25,7,Nikki Bella,0.074838,7.483842,8.000000,淘汰,45887,45.887000
25,8,Victoria Arlen,0.227354,22.735387,8.000000,存活,12683,12.683000
25,8,Jordan Fisher,0.215716,21.571553,10.000000,存活,12683,12.683000
25,8,Frankie Muniz,0.193547,19.354667,8.833333,存活,12683,12.683000
25,8,Lindsey Stirling,0.185376,18.537633,9.000000,存活,12683,12.683000
25,8,Drew Scott,0.174702,17.470169,7.833333,存活,12683,12.683000
25,8,Terrell Owens,0.003306,0.330591,8.500000,淘汰,12683,12.683000
25,9,Frankie Muniz,0.297518,29.751817,8.500000,存活,12878,12.878000
25,9,Jordan Fisher,0.249089,24.908851,9.666667,存活,12878,12.878000
25,9,Lindsey Stirling,0.234269,23.426884,9.500000,存活,12878,12.878000
25,9,Drew Scott,0.215485,21.548521,8.000000,存活,12878,12.878000
25,9,Victoria Arlen,0.003639,0.363927,9.333333,淘汰,12878,12.878000
25,10,Jordan Fisher,0.270794,27.079434,10.000000,淘汰,100000,100.000000
25,10,Frankie Muniz,0.265410,26.541001,9.722175,淘汰,100000,100.000000
25,10,Lindsey Stirling,0.260679,26.067894,10.000000,淘汰,100000,100.000000
25,10,Drew Scott,0.203117,20.311671,9.375000,淘汰,100000,100.000000
26,1,Adam Rippon,0.120391,12.039110,8.000000,存活,28720,28.720000
26,1,Josh Norman,0.119720,11.972034,8.000000,存活,28720,28.720000
26,1,Tonya Harding,0.115736,11.573552,7.666667,存活,28720,28.720000
26,1,Mirai Nagasu,0.115399,11.539914,7.666667,存活,28720,28.720000
26,1,Kareem Abdul-Jabbar,0.109479,10.947909,5.666667,存活,28720,28.720000
26,1,Chris Mazdzer,0.105677,10.567726,7.000000,存活,28720,28.720000
26,1,Jennie Finch Daigle,0.105389,10.538890,7.000000,存活,28720,28.720000
26,1,Arike Ogunbowale,0.101030,10.102987,6.666667,存活,28720,28.720000
26,1,Jamie Anderson,0.054961,5.496112,6.333333,淘汰,28720,28.720000
26,1,Johnny Damon,0.052218,5.221766,6.000000,淘汰,28720,28.720000
26,2,Adam Rippon,0.144661,14.466080,9.250000,存活,43433,43.433000
26,2,Mirai Nagasu,0.144533,14.453283,9.250000,存活,43433,43.433000
26,2,Chris Mazdzer,0.134937,13.493742,8.250000,存活,43433,43.433000
26,2,Tonya Harding,0.134862,13.486180,8.250000,存活,43433,43.433000
26,2,Josh Norman,0.128838,12.883841,7.875000,存活,43433,43.433000
26,2,Jennie Finch Daigle,0.128670,12.867033,7.875000,存活,43433,43.433000
26,2,Arike Ogunbowale,0.118956,11.895581,8.750000,淘汰,43433,43.433000
26,2,Kareem Abdul-Jabbar,0.064543,6.454260,7.375000,淘汰,43433,43.433000
26,3,Adam Rippon,0.207632,20.763168,10.250000,存活,73878,73.878000
26,3,Josh Norman,0.193579,19.357886,9.500000,存活,73878,73.878000
26,3,Tonya Harding,0.182924,18.292421,8.750000,存活,73878,73.878000
26,3,Mirai Nagasu,0.152019,15.201894,8.750000,淘汰,73878,73.878000
26,3,Chris Mazdzer,0.140155,14.015535,8.250000,淘汰,73878,73.878000
26,3,Jennie Finch Daigle,0.123691,12.369097,7.250000,淘汰,73878,73.878000
26,4,Adam Rippon,0.337843,33.784273,9.666667,淘汰,100000,100.000000
26,4,Josh Norman,0.333657,33.365745,9.500000,淘汰,100000,100.000000
26,4,Tonya Harding,0.328500,32.849982,9.333333,淘汰,100000,100.000000
27,1,Tinashe,0.097639,9.763852,7.666667,存活,15966,15.966000
27,1,DeMarcus Ware,0.097635,9.763540,7.666667,存活,15966,15.966000
27,1,Alexis Ren,0.095704,9.570425,7.333333,存活,15966,15.966000
27,1,Milo Manheim,0.086948,8.694840,6.666667,存活,15966,15.966000
27,1,Mary Lou Retton,0.084951,8.495094,6.666667,存活,15966,15.966000
27,1,Nancy McKeon,0.084364,8.436422,6.500000,存活,15966,15.966000
27,1,Bobby Bones,0.082744,8.274400,6.666667,存活,15966,15.966000
27,1,John Schneider,0.078433,7.843304,6.000000,存活,15966,15.966000
27,1,Danelle Umstead,0.076387,7.638672,6.000000,存活,15966,15.966000
27,1,Juan Pablo Di Pace,0.075696,7.569636,7.333333,存活,15966,15.966000
27,1,Joe Amabile,0.074053,7.405331,4.666667,存活,15966,15.966000
27,1,Evanna Lynch,0.062770,6.277013,6.000000,存活,15966,15.966000
27,1,Nikki Glaser,0.002675,0.267473,5.833333,淘汰,15966,15.966000
27,2,Milo Manheim,0.105462,10.546246,8.666667,存活,16102,16.102000
27,2,Tinashe,0.104837,10.483664,8.666667,存活,16102,16.102000
27,2,Alexis Ren,0.100454,10.045403,8.166667,存活,16102,16.102000
27,2,DeMarcus Ware,0.094050,9.405003,7.833333,存活,16102,16.102000
27,2,Mary Lou Retton,0.092484,9.248409,7.666667,存活,16102,16.102000
27,2,John Schneider,0.088452,8.845173,7.166667,存活,16102,16.102000
27,2,Joe Amabile,0.087977,8.797722,5.833333,存活,16102,16.102000
27,2,Juan Pablo Di Pace,0.085280,8.527991,8.666667,存活,16102,16.102000
27,2,Nancy McKeon,0.083828,8.382792,6.833333,存活,16102,16.102000
27,2,Evanna Lynch,0.078757,7.875666,8.000000,存活,16102,16.102000
27,2,Bobby Bones,0.075965,7.596489,6.500000,存活,16102,16.102000
27,2,Danelle Umstead,0.002454,0.245442,6.166667,淘汰,16102,16.102000
27,3,John Schneider,0.109559,10.955887,7.000000,存活,13024,13.024000
27,3,Milo Manheim,0.108615,10.861477,9.000000,存活,13024,13.024000
27,3,Tinashe,0.107949,10.794898,9.000000,存活,13024,13.024000
27,3,Alexis Ren,0.106763,10.676307,8.666667,存活,13024,13.024000
27,3,DeMarcus Ware,0.103788,10.378754,8.666667,存活,13024,13.024000
27,3,Juan Pablo Di Pace,0.097592,9.759250,10.000000,存活,13024,13.024000
27,3,Mary Lou Retton,0.095821,9.582078,8.000000,存活,13024,13.024000
27,3,Joe Amabile,0.090308,9.030793,6.000000,存活,13024,13.024000
27,3,Bobby Bones,0.089543,8.954255,7.666667,存活,13024,13.024000
27,3,Evanna Lynch,0.087958,8.795816,9.000000,存活,13024,13.024000
27,3,Nancy McKeon,0.002105,0.210486,7.333333,淘汰,13024,13.024000
27,4,Alexis Ren,0.136083,13.608328,8.333333,存活,3712,3.712000
27,4,Mary Lou Retton,0.122791,12.279096,8.666667,存活,3712,3.712000
27,4,Milo Manheim,0.122095,12.209534,9.666667,存活,3712,3.712000
27,4,DeMarcus Ware,0.116373,11.637298,7.333333,存活,3712,3.712000
27,4,John Schneider,0.113280,11.327983,7.000000,存活,3712,3.712000
27,4,Evanna Lynch,0.103545,10.354488,8.000000,存活,3712,3.712000
27,4,Juan Pablo Di Pace,0.103500,10.349995,8.000000,存活,3712,3.712000
27,4,Bobby Bones,0.102716,10.271630,6.666667,存活,3712,3.712000
27,4,Joe Amabile,0.077791,7.779139,5.000000,存活,3712,3.712000
27,4,Tinashe,0.001825,0.182510,8.666667,淘汰,3712,3.712000
27,5,Alexis Ren,0.138531,13.853121,9.666667,存活,100000,100.000000
27,5,Milo Manheim,0.128404,12.840375,9.000000,存活,100000,100.000000
27,5,DeMarcus Ware,0.121663,12.166294,8.666667,存活,100000,100.000000
27,5,Mary Lou Retton,0.117296,11.729581,8.333333,存活,100000,100.000000
27,5,John Schneider,0.114944,11.494425,8.000000,存活,100000,100.000000
27,5,Juan Pablo Di Pace,0.110913,11.091340,9.666667,存活,100000,100.000000
27,5,Bobby Bones,0.096339,9.633909,7.000000,存活,100000,100.000000
27,5,Evanna Lynch,0.092550,9.254967,8.000000,存活,100000,100.000000
27,5,Joe Amabile,0.079360,7.935988,5.666667,存活,100000,100.000000
27,6,Milo Manheim,0.142157,14.215691,10.000000,存活,10213,10.213000
27,6,Joe Amabile,0.130627,13.062709,7.333333,存活,10213,10.213000
27,6,Alexis Ren,0.129603,12.960269,9.000000,存活,10213,10.213000
27,6,Bobby Bones,0.129338,12.933845,7.333333,存活,10213,10.213000
27,6,DeMarcus Ware,0.122387,12.238706,8.666667,存活,10213,10.213000
27,6,John Schneider,0.117211,11.721086,6.333333,存活,10213,10.213000
27,6,Juan Pablo Di Pace,0.114578,11.457812,10.000000,存活,10213,10.213000
27,6,Evanna Lynch,0.111857,11.185697,9.666667,存活,10213,10.213000
27,6,Mary Lou Retton,0.002242,0.224186,8.000000,淘汰,10213,10.213000
27,7,Bobby Bones,0.162133,16.213301,8.833333,存活,23679,23.679000
27,7,Joe Amabile,0.151268,15.126818,7.833333,存活,23679,23.679000
27,7,Milo Manheim,0.149998,14.999831,9.666667,存活,23679,23.679000
27,7,Alexis Ren,0.143301,14.330122,9.166667,存活,23679,23.679000
27,7,Evanna Lynch,0.121938,12.193792,9.833333,存活,23679,23.679000
27,7,Juan Pablo Di Pace,0.116305,11.630549,9.333333,存活,23679,23.679000
27,7,John Schneider,0.080622,8.062242,9.000000,淘汰,23679,23.679000
27,7,DeMarcus Ware,0.074433,7.443344,8.833333,淘汰,23679,23.679000
27,8,Alexis Ren,0.221082,22.108248,9.666667,存活,25865,25.865000
27,8,Milo Manheim,0.208373,20.837297,9.166667,存活,25865,25.865000
27,8,Bobby Bones,0.196570,19.656981,7.500000,存活,25865,25.865000
27,8,Evanna Lynch,0.176758,17.675845,9.666667,存活,25865,25.865000
27,8,Juan Pablo Di Pace,0.132242,13.224223,10.000000,淘汰,25865,25.865000
27,8,Joe Amabile,0.064974,6.497407,7.666667,淘汰,25865,25.865000
27,9,Milo Manheim,0.272954,27.295445,10.000000,淘汰,100000,100.000000
27,9,Alexis Ren,0.263605,26.360548,9.500000,淘汰,100000,100.000000
27,9,Bobby Bones,0.239445,23.944491,9.000000,淘汰,100000,100.000000
27,9,Evanna Lynch,0.223995,22.399516,10.000000,淘汰,100000,100.000000
28,1,James Van Der Beek,0.107629,10.762884,7.000000,存活,100000,100.000000
28,1,Hannah Brown,0.098897,9.889687,6.666667,存活,100000,100.000000
28,1,Lauren Alaina,0.096933,9.693283,6.333333,存活,100000,100.000000
28,1,Sailor Brinkley-Cook,0.090074,9.007408,6.000000,存活,100000,100.000000
28,1,Mary Wilson,0.086835,8.683499,5.666667,存活,100000,100.000000
28,1,Karamo Brown,0.084236,8.423600,5.666667,存活,100000,100.000000
28,1,Kel Mitchell,0.083007,8.300652,5.333333,存活,100000,100.000000
28,1,Ally Brooke,0.082160,8.216016,5.333333,存活,100000,100.000000
28,1,Kate Flannery,0.078030,7.802993,5.000000,存活,100000,100.000000
28,1,Ray Lewis,0.076420,7.642029,5.000000,存活,100000,100.000000
28,1,Sean Spicer,0.058812,5.881228,4.000000,存活,100000,100.000000
28,1,Lamar Odom,0.056967,5.696720,3.666667,存活,100000,100.000000
28,2,Hannah Brown,0.114283,11.428310,8.000000,存活,19674,19.674000
28,2,Kate Flannery,0.104053,10.405325,7.000000,存活,19674,19.674000
28,2,Kel Mitchell,0.099339,9.933943,6.666667,存活,19674,19.674000
28,2,James Van Der Beek,0.098979,9.897943,6.666667,存活,19674,19.674000
28,2,Ally Brooke,0.098562,9.856193,6.666667,存活,19674,19.674000
28,2,Lauren Alaina,0.093578,9.357773,6.333333,存活,19674,19.674000
28,2,Karamo Brown,0.090835,9.083482,6.333333,存活,19674,19.674000
28,2,Sailor Brinkley-Cook,0.087511,8.751107,6.000000,存活,19674,19.674000
28,2,Sean Spicer,0.074761,7.476131,5.333333,存活,19674,19.674000
28,2,Mary Wilson,0.074626,7.462626,5.000000,淘汰,19674,19.674000
28,2,Lamar Odom,0.059815,5.981478,4.000000,存活,19674,19.674000
28,2,Ray Lewis,0.003657,0.365689,5.000000,淘汰,19674,19.674000
28,3,Kate Flannery,0.122526,12.252563,8.000000,存活,100000,100.000000
28,3,Ally Brooke,0.120940,12.094040,8.000000,存活,100000,100.000000
28,3,James Van Der Beek,0.117808,11.780786,7.666667,存活,100000,100.000000
28,3,Sailor Brinkley-Cook,0.114219,11.421874,7.666667,存活,100000,100.000000
28,3,Hannah Brown,0.104008,10.400848,7.000000,存活,100000,100.000000
28,3,Kel Mitchell,0.103236,10.323643,6.666667,存活,100000,100.000000
28,3,Lauren Alaina,0.102167,10.216687,6.666667,存活,100000,100.000000
28,3,Karamo Brown,0.079861,7.986082,5.333333,存活,100000,100.000000
28,3,Sean Spicer,0.073117,7.311687,5.000000,存活,100000,100.000000
28,3,Lamar Odom,0.062118,6.211790,4.000000,存活,100000,100.000000
28,4,Kel Mitchell,0.113501,11.350097,8.000000,存活,88870,88.870000
28,4,Ally Brooke,0.112627,11.262738,8.000000,存活,88870,88.870000
28,4,Lauren Alaina,0.112504,11.250410,8.000000,存活,88870,88.870000
28,4,Hannah Brown,0.109444,10.944354,8.000000,存活,88870,88.870000
28,4,Sailor Brinkley-Cook,0.106923,10.692340,7.750000,存活,88870,88.870000
28,4,Kate Flannery,0.105159,10.515892,6.500000,存活,88870,88.870000
28,4,James Van Der Beek,0.100689,10.068949,7.000000,存活,88870,88.870000
28,4,Karamo Brown,0.096580,9.658013,7.000000,存活,88870,88.870000
28,4,Sean Spicer,0.073320,7.332002,5.250000,存活,88870,88.870000
28,4,Lamar Odom,0.069252,6.925205,5.000000,淘汰,88870,88.870000
28,5,Ally Brooke,0.125657,12.565706,9.000000,存活,100000,100.000000
28,5,Kel Mitchell,0.122879,12.287895,8.666667,存活,100000,100.000000
28,5,James Van Der Beek,0.122873,12.287275,8.666667,存活,100000,100.000000
28,5,Hannah Brown,0.114104,11.410403,8.333333,存活,100000,100.000000
28,5,Kate Flannery,0.113675,11.367540,8.000000,存活,100000,100.000000
28,5,Sailor Brinkley-Cook,0.110737,11.073686,8.000000,存活,100000,100.000000
28,5,Lauren Alaina,0.108291,10.829138,7.666667,存活,100000,100.000000
28,5,Karamo Brown,0.096555,9.655461,7.000000,存活,100000,100.000000
28,5,Sean Spicer,0.085229,8.522896,6.333333,存活,100000,100.000000
28,6,Kate Flannery,0.111111,11.111111,9.000000,存活,0,0.000000
28,6,James Van Der Beek,0.111111,11.111111,9.000000,存活,0,0.000000
28,6,Kel Mitchell,0.111111,11.111111,8.666667,存活,0,0.000000
28,6,Sailor Brinkley-Cook,0.111111,11.111111,9.000000,淘汰,0,0.000000
28,6,Sean Spicer,0.111111,11.111111,7.000000,存活,0,0.000000
28,6,Lauren Alaina,0.111111,11.111111,8.666667,存活,0,0.000000
28,6,Ally Brooke,0.111111,11.111111,8.333333,存活,0,0.000000
28,6,Karamo Brown,0.111111,11.111111,8.333333,存活,0,0.000000
28,6,Hannah Brown,0.111111,11.111111,8.000000,存活,0,0.000000
28,7,Ally Brooke,0.186410,18.641006,9.000000,存活,719,0.719000
28,7,Lauren Alaina,0.177242,17.724245,9.000000,存活,719,0.719000
28,7,James Van Der Beek,0.171198,17.119847,9.000000,存活,719,0.719000
28,7,Sean Spicer,0.157021,15.702149,7.000000,存活,719,0.719000
28,7,Hannah Brown,0.156035,15.603482,8.666667,存活,719,0.719000
28,7,Kel Mitchell,0.076507,7.650686,8.500000,存活,719,0.719000
28,7,Kate Flannery,0.072185,7.218511,8.000000,存活,719,0.719000
28,7,Karamo Brown,0.003401,0.340073,8.166667,淘汰,719,0.719000
28,8,James Van Der Beek,0.223866,22.386625,10.666600,存活,3693,3.693000
28,8,Kel Mitchell,0.213474,21.347391,9.999933,存活,3693,3.693000
28,8,Hannah Brown,0.210513,21.051330,10.333267,存活,3693,3.693000
28,8,Ally Brooke,0.209989,20.998943,10.000000,存活,3693,3.693000
28,8,Sean Spicer,0.135494,13.549448,6.666667,存活,3693,3.693000
28,8,Lauren Alaina,0.003454,0.345372,8.000000,存活,3693,3.693000
28,8,Kate Flannery,0.003209,0.320891,8.666600,淘汰,3693,3.693000
28,9,Ally Brooke,0.186370,18.636972,10.000000,存活,96345,96.345000
28,9,Kel Mitchell,0.179669,17.966937,9.250000,存活,96345,96.345000
28,9,James Van Der Beek,0.177713,17.771332,9.000000,存活,96345,96.345000
28,9,Lauren Alaina,0.174537,17.453671,8.750000,存活,96345,96.345000
28,9,Hannah Brown,0.167896,16.789630,8.875000,存活,96345,96.345000
28,9,Sean Spicer,0.113815,11.381457,6.250000,淘汰,96345,96.345000
28,10,Ally Brooke,0.210427,21.042730,9.833333,存活,92586,92.586000
28,10,Kel Mitchell,0.209310,20.931021,9.500000,存活,92586,92.586000
28,10,Lauren Alaina,0.208447,20.844689,9.000000,存活,92586,92.586000
28,10,Hannah Brown,0.189845,18.984504,9.000000,存活,92586,92.586000
28,10,James Van Der Beek,0.181971,18.197056,8.500000,淘汰,92586,92.586000
28,11,Ally Brooke,0.256487,25.648658,10.000000,淘汰,100000,100.000000
28,11,Kel Mitchell,0.254929,25.492932,9.833333,淘汰,100000,100.000000
28,11,Lauren Alaina,0.245798,24.579770,9.500000,淘汰,100000,100.000000
28,11,Hannah Brown,0.242786,24.278640,9.666667,淘汰,100000,100.000000
29,1,Justina Machado,0.082957,8.295734,7.000000,存活,100000,100.000000
29,1,Skai Jackson,0.082936,8.293595,7.000000,存活,100000,100.000000
29,1,Nev Schulman,0.075269,7.526902,6.666667,存活,100000,100.000000
29,1,Monica Aldama,0.072567,7.256685,6.333333,存活,100000,100.000000
29,1,Anne Heche,0.071524,7.152384,6.000000,存活,100000,100.000000
29,1,Jesse Metcalfe,0.071463,7.146287,6.000000,存活,100000,100.000000
29,1,AJ McLean,0.070929,7.092905,6.000000,存活,100000,100.000000
29,1,Johnny Weir,0.070188,7.018826,6.000000,存活,100000,100.000000
29,1,Jeannie Mai,0.068953,6.895295,6.000000,存活,100000,100.000000
29,1,Veron Davis,0.066312,6.631154,5.666667,存活,100000,100.000000
29,1,Nelly,0.063255,6.325451,5.333333,存活,100000,100.000000
29,1,Kaitlyn Bristowe,0.061227,6.122677,6.666667,存活,100000,100.000000
29,1,Chrishell Stause,0.052138,5.213812,4.333333,存活,100000,100.000000
29,1,Charles Oakley,0.047464,4.746358,4.000000,存活,100000,100.000000
29,1,Carole Baskin,0.042819,4.281936,3.666667,存活,100000,100.000000
29,2,Justina Machado,0.077228,7.722848,7.000000,存活,21128,21.128000
29,2,Nev Schulman,0.073862,7.386154,7.000000,存活,21128,21.128000
29,2,Jesse Metcalfe,0.073585,7.358480,6.666667,存活,21128,21.128000
29,2,Skai Jackson,0.071607,7.160673,5.000000,存活,21128,21.128000
29,2,AJ McLean,0.069394,6.939435,6.333333,存活,21128,21.128000
29,2,Anne Heche,0.068944,6.894378,6.000000,存活,21128,21.128000
29,2,Chrishell Stause,0.067287,6.728747,6.000000,存活,21128,21.128000
29,2,Nelly,0.066578,6.657813,6.000000,存活,21128,21.128000
29,2,Veron Davis,0.065827,6.582723,6.000000,存活,21128,21.128000
29,2,Johnny Weir,0.065176,6.517574,6.000000,存活,21128,21.128000
29,2,Jeannie Mai,0.063799,6.379940,6.000000,存活,21128,21.128000
29,2,Carole Baskin,0.062696,6.269558,5.333333,存活,21128,21.128000
29,2,Monica Aldama,0.062436,6.243557,5.333333,存活,21128,21.128000
29,2,Kaitlyn Bristowe,0.062240,6.224022,7.333333,存活,21128,21.128000
29,2,Charles Oakley,0.049341,4.934099,5.000000,淘汰,21128,21.128000
29,3,Johnny Weir,0.084690,8.469037,8.000000,存活,78421,78.421000
29,3,Nev Schulman,0.082250,8.225025,8.000000,存活,78421,78.421000
29,3,Chrishell Stause,0.079212,7.921172,7.333333,存活,78421,78.421000
29,3,Veron Davis,0.078201,7.820115,7.333333,存活,78421,78.421000
29,3,Jeannie Mai,0.076574,7.657351,7.333333,存活,78421,78.421000
29,3,AJ McLean,0.075444,7.544443,7.000000,存活,78421,78.421000
29,3,Monica Aldama,0.073159,7.315889,7.000000,存活,78421,78.421000
29,3,Jesse Metcalfe,0.072387,7.238747,6.666667,存活,78421,78.421000
29,3,Justina Machado,0.069373,6.937343,6.333333,存活,78421,78.421000
29,3,Anne Heche,0.068851,6.885120,5.000000,存活,78421,78.421000
29,3,Skai Jackson,0.067021,6.702102,6.000000,存活,78421,78.421000
29,3,Nelly,0.065959,6.595873,6.000000,存活,78421,78.421000
29,3,Kaitlyn Bristowe,0.064088,6.408757,7.666667,存活,78421,78.421000
29,3,Carole Baskin,0.042790,4.279024,4.000000,淘汰,78421,78.421000
29,4,Skai Jackson,0.095856,9.585601,9.333333,存活,52920,52.920000
29,4,Jesse Metcalfe,0.083790,8.379047,7.000000,存活,52920,52.920000
29,4,Justina Machado,0.082295,8.229468,8.000000,存活,52920,52.920000
29,4,AJ McLean,0.081617,8.161689,8.000000,存活,52920,52.920000
29,4,Johnny Weir,0.080888,8.088813,8.000000,存活,52920,52.920000
29,4,Monica Aldama,0.079077,7.907742,8.000000,存活,52920,52.920000
29,4,Nev Schulman,0.078438,7.843788,8.000000,存活,52920,52.920000
29,4,Nelly,0.078234,7.823435,7.000000,存活,52920,52.920000
29,4,Chrishell Stause,0.077196,7.719552,7.333333,存活,52920,52.920000
29,4,Veron Davis,0.074247,7.424667,7.333333,存活,52920,52.920000
29,4,Jeannie Mai,0.069886,6.988647,7.000000,存活,52920,52.920000
29,4,Kaitlyn Bristowe,0.063359,6.335933,8.333333,存活,52920,52.920000
29,4,Anne Heche,0.055116,5.511618,7.000000,淘汰,52920,52.920000
29,5,Johnny Weir,0.101710,10.171007,9.666667,存活,97606,97.606000
29,5,Monica Aldama,0.090217,9.021680,8.666667,存活,97606,97.606000
29,5,Nev Schulman,0.088990,8.898984,8.666667,存活,97606,97.606000
29,5,Skai Jackson,0.087672,8.767249,8.000000,存活,97606,97.606000
29,5,Justina Machado,0.087428,8.742820,8.000000,存活,97606,97.606000
29,5,Nelly,0.086271,8.627069,8.000000,存活,97606,97.606000
29,5,AJ McLean,0.086023,8.602256,8.000000,存活,97606,97.606000
29,5,Jeannie Mai,0.083721,8.372095,8.000000,存活,97606,97.606000
29,5,Kaitlyn Bristowe,0.075150,7.515043,9.000000,存活,97606,97.606000
29,5,Veron Davis,0.075082,7.508193,7.000000,存活,97606,97.606000
29,5,Chrishell Stause,0.069167,6.916678,6.333333,存活,97606,97.606000
29,5,Jesse Metcalfe,0.068569,6.856925,6.333333,淘汰,97606,97.606000
29,6,Justina Machado,0.123771,12.377103,9.000000,存活,591,0.591000
29,6,AJ McLean,0.120452,12.045164,9.000000,存活,591,0.591000
29,6,Nelly,0.117327,11.732733,8.000000,存活,591,0.591000
29,6,Chrishell Stause,0.116002,11.600206,8.000000,存活,591,0.591000
29,6,Monica Aldama,0.115095,11.509497,9.000000,存活,591,0.591000
29,6,Jeannie Mai,0.114827,11.482665,8.333333,存活,591,0.591000
29,6,Nev Schulman,0.110232,11.023191,8.666667,存活,591,0.591000
29,6,Kaitlyn Bristowe,0.096293,9.629251,9.000000,存活,591,0.591000
29,6,Skai Jackson,0.081146,8.114645,6.000000,存活,591,0.591000
29,6,Johnny Weir,0.002451,0.245081,7.333333,存活,591,0.591000
29,6,Veron Davis,0.002405,0.240467,7.000000,淘汰,591,0.591000
29,7,Nev Schulman,0.122106,12.210555,10.000000,存活,19434,19.434000
29,7,Nelly,0.114611,11.461084,9.000000,存活,19434,19.434000
29,7,Skai Jackson,0.114474,11.447442,9.000000,存活,19434,19.434000
29,7,Johnny Weir,0.113140,11.314040,9.000000,存活,19434,19.434000
29,7,Chrishell Stause,0.109380,10.938022,8.666667,存活,19434,19.434000
29,7,AJ McLean,0.108017,10.801716,8.666667,存活,19434,19.434000
29,7,Justina Machado,0.107807,10.780706,8.666667,存活,19434,19.434000
29,7,Kaitlyn Bristowe,0.101529,10.152891,8.000000,存活,19434,19.434000
29,7,Jeannie Mai,0.084708,8.470764,8.333333,淘汰,19434,19.434000
29,7,Monica Aldama,0.024228,2.422779,7.333333,淘汰,19434,19.434000
29,8,Johnny Weir,0.150238,15.023758,10.000000,存活,12700,12.700000
29,8,Justina Machado,0.148485,14.848543,9.666600,存活,12700,12.700000
29,8,Nev Schulman,0.145778,14.577794,10.000000,存活,12700,12.700000
29,8,Skai Jackson,0.145113,14.511341,8.999933,存活,12700,12.700000
29,8,Nelly,0.144403,14.440318,8.000000,存活,12700,12.700000
29,8,Kaitlyn Bristowe,0.133129,13.312856,9.333333,存活,12700,12.700000
29,8,AJ McLean,0.130691,13.069069,9.000000,存活,12700,12.700000
29,8,Chrishell Stause,0.002163,0.216321,9.000000,淘汰,12700,12.700000
29,9,Justina Machado,0.179345,17.934493,8.666600,存活,23573,23.573000
29,9,Skai Jackson,0.171343,17.134299,9.666600,存活,23573,23.573000
29,9,Johnny Weir,0.166680,16.667996,10.000000,存活,23573,23.573000
29,9,Nev Schulman,0.156531,15.653086,9.666600,存活,23573,23.573000
29,9,Nelly,0.149838,14.983769,8.000000,存活,23573,23.573000
29,9,Kaitlyn Bristowe,0.127824,12.782353,10.000000,存活,23573,23.573000
29,9,AJ McLean,0.048440,4.844003,8.333267,淘汰,23573,23.573000
29,10,Nelly,0.210947,21.094662,9.333333,存活,44366,44.366000
29,10,Justina Machado,0.190940,19.093953,9.666667,存活,44366,44.366000
29,10,Nev Schulman,0.178999,17.899857,10.000000,存活,44366,44.366000
29,10,Kaitlyn Bristowe,0.148932,14.893202,10.000000,存活,44366,44.366000
29,10,Johnny Weir,0.147891,14.789071,9.500000,淘汰,44366,44.366000
29,10,Skai Jackson,0.122293,12.229255,9.500000,淘汰,44366,44.366000
29,11,Justina Machado,0.270862,27.086183,10.000000,淘汰,100000,100.000000
29,11,Nev Schulman,0.258931,25.893090,10.000000,淘汰,100000,100.000000
29,11,Nelly,0.256420,25.641968,9.500000,淘汰,100000,100.000000
29,11,Kaitlyn Bristowe,0.213788,21.378759,10.000000,淘汰,100000,100.000000
30,1,JoJo Siwa,0.082983,8.298279,7.250000,存活,100000,100.000000
30,1,Suni Lee,0.077725,7.772498,7.000000,存活,100000,100.000000
30,1,Amanda Kloots,0.076595,7.659454,7.000000,存活,100000,100.000000
30,1,Melora Hardin,0.074169,7.416945,6.500000,存活,100000,100.000000
30,1,Olivia Jade,0.072156,7.215555,6.250000,存活,100000,100.000000
30,1,Kenya Moore,0.071211,7.121055,6.500000,存活,100000,100.000000
30,1,Brian Austin Green,0.068617,6.861689,6.000000,存活,100000,100.000000
30,1,"Mike ""The Miz"" Mizanin",0.067331,6.733083,6.000000,存活,100000,100.000000
30,1,Matt James,0.067274,6.727357,6.000000,存活,100000,100.000000
30,1,Cody Rigsby,0.065921,6.592131,6.000000,存活,100000,100.000000
30,1,Jimmie Allen,0.062460,6.246042,5.500000,存活,100000,100.000000
30,1,Melanie C,0.061203,6.120291,6.750000,存活,100000,100.000000
30,1,Iman Shumpert,0.059182,5.918163,5.250000,存活,100000,100.000000
30,1,Christine Chiu,0.055166,5.516581,6.250000,存活,100000,100.000000
30,1,Martin Kove,0.038009,3.800879,3.250000,存活,100000,100.000000
30,2,JoJo Siwa,0.083860,8.386040,7.750000,存活,95710,95.710000
30,2,Amanda Kloots,0.082004,8.200392,8.000000,存活,95710,95.710000
30,2,Suni Lee,0.074222,7.422172,7.000000,存活,95710,95.710000
30,2,Olivia Jade,0.073663,7.366276,6.750000,存活,95710,95.710000
30,2,Melora Hardin,0.073136,7.313578,6.750000,存活,95710,95.710000
30,2,Jimmie Allen,0.072256,7.225590,6.750000,存活,95710,95.710000
30,2,"Mike ""The Miz"" Mizanin",0.069211,6.921132,6.500000,存活,95710,95.710000
30,2,Iman Shumpert,0.066374,6.637436,6.250000,存活,95710,95.710000
30,2,Melanie C,0.063900,6.390046,7.500000,存活,95710,95.710000
30,2,Brian Austin Green,0.063336,6.333615,5.750000,存活,95710,95.710000
30,2,Cody Rigsby,0.062994,6.299381,6.000000,存活,95710,95.710000
30,2,Kenya Moore,0.062811,6.281051,6.000000,存活,95710,95.710000
30,2,Matt James,0.059419,5.941914,5.500000,存活,95710,95.710000
30,2,Christine Chiu,0.051764,5.176377,6.000000,存活,95710,95.710000
30,2,Martin Kove,0.041050,4.104999,3.750000,淘汰,95710,95.710000
30,3,Cody Rigsby,0.105026,10.502594,6.000000,存活,338,0.338000
30,3,Melanie C,0.092502,9.250227,7.333333,存活,338,0.338000
30,3,Brian Austin Green,0.089672,8.967203,6.333333,存活,338,0.338000
30,3,JoJo Siwa,0.081965,8.196481,8.000000,存活,338,0.338000
30,3,Olivia Jade,0.077513,7.751324,8.000000,存活,338,0.338000
30,3,Melora Hardin,0.074534,7.453433,7.666667,存活,338,0.338000
30,3,Jimmie Allen,0.073089,7.308926,6.666667,存活,338,0.338000
30,3,Kenya Moore,0.071118,7.111820,7.000000,存活,338,0.338000
30,3,Iman Shumpert,0.070426,7.042643,6.333333,存活,338,0.338000
30,3,Matt James,0.068732,6.873203,6.666667,存活,338,0.338000
30,3,Amanda Kloots,0.066883,6.688254,8.000000,存活,338,0.338000
30,3,Suni Lee,0.065563,6.556342,7.000000,存活,338,0.338000
30,3,"Mike ""The Miz"" Mizanin",0.060661,6.066122,7.333333,存活,338,0.338000
30,3,Christine Chiu,0.002314,0.231429,7.000000,淘汰,338,0.338000
30,4,Melora Hardin,0.089776,8.977580,9.125000,存活,98658,98.658000
30,4,Olivia Jade,0.087023,8.702263,8.750000,存活,98658,98.658000
30,4,JoJo Siwa,0.086661,8.666081,8.750000,存活,98658,98.658000
30,4,Suni Lee,0.082086,8.208569,8.500000,存活,98658,98.658000
30,4,Amanda Kloots,0.080882,8.088201,8.500000,存活,98658,98.658000
30,4,Jimmie Allen,0.079656,7.965633,8.125000,存活,98658,98.658000
30,4,"Mike ""The Miz"" Mizanin",0.078480,7.847955,8.125000,存活,98658,98.658000
30,4,Iman Shumpert,0.076487,7.648658,7.875000,存活,98658,98.658000
30,4,Kenya Moore,0.070757,7.075703,7.375000,存活,98658,98.658000
30,4,Cody Rigsby,0.069962,6.996157,7.250000,存活,98658,98.658000
30,4,Matt James,0.069232,6.923193,7.125000,淘汰,98658,98.658000
30,4,Melanie C,0.064686,6.468614,8.250000,存活,98658,98.658000
30,4,Brian Austin Green,0.064314,6.431393,6.500000,淘汰,98658,98.658000
30,5,Iman Shumpert,0.185229,18.522867,7.000000,存活,50,0.050000
30,5,Jimmie Allen,0.128212,12.821209,8.500000,存活,50,0.050000
30,5,"Mike ""The Miz"" Mizanin",0.111976,11.197620,8.000000,存活,50,0.050000
30,5,Olivia Jade,0.105643,10.564338,9.000000,存活,50,0.050000
30,5,Melora Hardin,0.087786,8.778588,9.000000,存活,50,0.050000
30,5,Cody Rigsby,0.087712,8.771228,8.000000,存活,50,0.050000
30,5,Amanda Kloots,0.079764,7.976434,9.750000,存活,50,0.050000
30,5,Suni Lee,0.079656,7.965629,9.000000,存活,50,0.050000
30,5,JoJo Siwa,0.070493,7.049292,10.000000,存活,50,0.050000
30,5,Kenya Moore,0.060740,6.074041,9.000000,存活,50,0.050000
30,5,Melanie C,0.002788,0.278752,9.000000,淘汰,50,0.050000
30,6,Melora Hardin,0.115652,11.565250,8.500000,存活,79070,79.070000
30,6,JoJo Siwa,0.108862,10.886174,10.000000,存活,79070,79.070000
30,6,Iman Shumpert,0.105960,10.596043,10.000000,存活,79070,79.070000
30,6,Jimmie Allen,0.102213,10.221303,9.500000,存活,79070,79.070000
30,6,Olivia Jade,0.100796,10.079555,9.000000,存活,79070,79.070000
30,6,Amanda Kloots,0.099031,9.903135,9.500000,存活,79070,79.070000
30,6,Suni Lee,0.097682,9.768249,9.000000,存活,79070,79.070000
30,6,Cody Rigsby,0.094758,9.475765,9.000000,存活,79070,79.070000
30,6,"Mike ""The Miz"" Mizanin",0.092980,9.297982,8.500000,存活,79070,79.070000
30,6,Kenya Moore,0.082065,8.206544,8.000000,淘汰,79070,79.070000
30,7,Olivia Jade,0.129210,12.921044,10.500000,存活,92635,92.635000
30,7,JoJo Siwa,0.120377,12.037681,9.750000,存活,92635,92.635000
30,7,Melora Hardin,0.116638,11.663802,9.500000,存活,92635,92.635000
30,7,Jimmie Allen,0.115187,11.518674,9.500000,存活,92635,92.635000
30,7,Suni Lee,0.109673,10.967285,8.500000,存活,92635,92.635000
30,7,Cody Rigsby,0.106822,10.682203,9.000000,存活,92635,92.635000
30,7,Iman Shumpert,0.105169,10.516864,8.500000,存活,92635,92.635000
30,7,Amanda Kloots,0.101810,10.180979,8.500000,存活,92635,92.635000
30,7,"Mike ""The Miz"" Mizanin",0.095115,9.511468,8.000000,淘汰,92635,92.635000
30,8,Iman Shumpert,0.141341,14.134133,8.750000,存活,78314,78.314000
30,8,Melora Hardin,0.133777,13.377684,10.500000,存活,78314,78.314000
30,8,JoJo Siwa,0.131700,13.169975,10.250000,存活,78314,78.314000
30,8,Suni Lee,0.130487,13.048682,10.500000,存活,78314,78.314000
30,8,Amanda Kloots,0.128324,12.832422,10.500000,存活,78314,78.314000
30,8,Cody Rigsby,0.117125,11.712480,9.500000,存活,78314,78.314000
30,8,Olivia Jade,0.116064,11.606423,9.000000,淘汰,78314,78.314000
30,8,Jimmie Allen,0.101182,10.118201,8.000000,淘汰,78314,78.314000
30,9,Cody Rigsby,0.206866,20.686550,8.875000,存活,26701,26.701000
30,9,JoJo Siwa,0.193505,19.350513,10.000000,存活,26701,26.701000
30,9,Amanda Kloots,0.186454,18.645398,9.875000,存活,26701,26.701000
30,9,Iman Shumpert,0.173354,17.335354,9.375000,存活,26701,26.701000
30,9,Suni Lee,0.163830,16.383028,9.375000,淘汰,26701,26.701000
30,9,Melora Hardin,0.075992,7.599157,9.000000,淘汰,26701,26.701000
30,10,JoJo Siwa,0.261170,26.116997,10.000000,淘汰,100000,100.000000
30,10,Iman Shumpert,0.254195,25.419478,10.000000,淘汰,100000,100.000000
30,10,Amanda Kloots,0.244731,24.473061,9.750000,淘汰,100000,100.000000
30,10,Cody Rigsby,0.239905,23.990465,9.500000,淘汰,100000,100.000000
31,1,Charli D'Amelio,0.088272,8.827194,8.000000,存活,16393,16.393000
31,1,Selma Blair,0.076476,7.647648,7.000000,存活,16393,16.393000
31,1,Wayne Brady,0.076246,7.624627,7.250000,存活,16393,16.393000
31,1,Shangela,0.074421,7.442119,7.000000,存活,16393,16.393000
31,1,Daniel Durant,0.074020,7.402022,6.750000,存活,16393,16.393000
31,1,Gabby Windey,0.073840,7.383978,7.000000,存活,16393,16.393000
31,1,Jordin Sparks,0.071678,7.167847,6.500000,存活,16393,16.393000
31,1,Heidi D'Amelio,0.068306,6.830562,6.000000,存活,16393,16.393000
31,1,Joseph Baena,0.064716,6.471570,5.750000,存活,16393,16.393000
31,1,Trevor Donovan,0.060346,6.034630,5.250000,存活,16393,16.393000
31,1,Cheryl Ladd,0.059856,5.985553,5.250000,存活,16393,16.393000
31,1,Sam Champion,0.056869,5.686914,5.000000,存活,16393,16.393000
31,1,Teresa Giudice,0.055033,5.503266,5.000000,存活,16393,16.393000
31,1,Vinny Guadagnino,0.049284,4.928401,4.250000,存活,16393,16.393000
31,1,Jessie James Decker,0.047476,4.747565,5.000000,存活,16393,16.393000
31,1,Jason Lewis,0.003161,0.316106,4.500000,淘汰,16393,16.393000
31,2,Charli D'Amelio,0.081980,8.197999,8.000000,存活,10722,10.722000
31,2,Gabby Windey,0.078146,7.814553,8.000000,存活,10722,10.722000
31,2,Wayne Brady,0.078094,7.809356,8.000000,存活,10722,10.722000
31,2,Trevor Donovan,0.077243,7.724270,7.500000,存活,10722,10.722000
31,2,Daniel Durant,0.073966,7.396552,7.250000,存活,10722,10.722000
31,2,Heidi D'Amelio,0.072263,7.226316,7.000000,存活,10722,10.722000
31,2,Selma Blair,0.072090,7.209040,7.000000,存活,10722,10.722000
31,2,Shangela,0.069138,6.913771,7.000000,存活,10722,10.722000
31,2,Jordin Sparks,0.068543,6.854349,6.750000,存活,10722,10.722000
31,2,Vinny Guadagnino,0.066721,6.672129,6.750000,存活,10722,10.722000
31,2,Cheryl Ladd,0.065928,6.592760,5.250000,存活,10722,10.722000
31,2,Joseph Baena,0.065920,6.592003,6.000000,存活,10722,10.722000
31,2,Sam Champion,0.064291,6.429103,6.500000,存活,10722,10.722000
31,2,Jessie James Decker,0.063557,6.355695,6.250000,存活,10722,10.722000
31,2,Teresa Giudice,0.002121,0.212104,5.750000,淘汰,10722,10.722000
31,3,Charli D'Amelio,0.087333,8.733318,8.250000,存活,17056,17.056000
31,3,Heidi D'Amelio,0.085686,8.568646,8.000000,存活,17056,17.056000
31,3,Gabby Windey,0.083424,8.342442,8.250000,存活,17056,17.056000
31,3,Wayne Brady,0.083290,8.329004,8.250000,存活,17056,17.056000
31,3,Daniel Durant,0.082894,8.289350,7.750000,存活,17056,17.056000
31,3,Joseph Baena,0.077612,7.761236,7.250000,存活,17056,17.056000
31,3,Jordin Sparks,0.076875,7.687513,7.250000,存活,17056,17.056000
31,3,Shangela,0.076721,7.672087,7.500000,存活,17056,17.056000
31,3,Selma Blair,0.075055,7.505506,7.000000,存活,17056,17.056000
31,3,Trevor Donovan,0.073274,7.327435,6.750000,存活,17056,17.056000
31,3,Vinny Guadagnino,0.065440,6.543971,5.750000,存活,17056,17.056000
31,3,Sam Champion,0.065399,6.539855,6.250000,存活,17056,17.056000
31,3,Jessie James Decker,0.061624,6.162417,6.500000,存活,17056,17.056000
31,3,Cheryl Ladd,0.005372,0.537219,6.000000,淘汰,17056,17.056000
31,4,Charli D'Amelio,0.088924,8.892351,9.000000,存活,76743,76.743000
31,4,Joseph Baena,0.086957,8.695653,7.000000,存活,76743,76.743000
31,4,Wayne Brady,0.085147,8.514657,9.000000,存活,76743,76.743000
31,4,Gabby Windey,0.084928,8.492819,9.000000,存活,76743,76.743000
31,4,Heidi D'Amelio,0.084403,8.440345,8.500000,存活,76743,76.743000
31,4,Jordin Sparks,0.082942,8.294170,8.500000,存活,76743,76.743000
31,4,Selma Blair,0.078615,7.861480,8.000000,存活,76743,76.743000
31,4,Shangela,0.075827,7.582674,8.000000,存活,76743,76.743000
31,4,Daniel Durant,0.072143,7.214266,7.250000,存活,76743,76.743000
31,4,Trevor Donovan,0.072102,7.210218,7.000000,存活,76743,76.743000
31,4,Vinny Guadagnino,0.069347,6.934677,7.250000,存活,76743,76.743000
31,4,Jessie James Decker,0.060443,6.044260,7.750000,存活,76743,76.743000
31,4,Sam Champion,0.058224,5.822431,6.250000,淘汰,76743,76.743000
31,5,Charli D'Amelio,0.103862,10.386188,10.500000,存活,12387,12.387000
31,5,Gabby Windey,0.097202,9.720234,10.250000,存活,12387,12.387000
31,5,Selma Blair,0.096878,9.687843,10.000000,淘汰,12387,12.387000
31,5,Wayne Brady,0.096819,9.681856,10.250000,存活,12387,12.387000
31,5,Heidi D'Amelio,0.095843,9.584257,9.750000,存活,12387,12.387000
31,5,Shangela,0.091029,9.102944,9.625000,存活,12387,12.387000
31,5,Trevor Donovan,0.086828,8.682797,9.000000,存活,12387,12.387000
31,5,Vinny Guadagnino,0.086432,8.643164,7.750000,存活,12387,12.387000
31,5,Jordin Sparks,0.084681,8.468139,8.875000,存活,12387,12.387000
31,5,Jessie James Decker,0.082153,8.215255,9.000000,存活,12387,12.387000
31,5,Daniel Durant,0.076869,7.686880,8.375000,存活,12387,12.387000
31,5,Joseph Baena,0.001404,0.140443,8.750000,淘汰,12387,12.387000
31,6,Trevor Donovan,0.117519,11.751916,8.500000,存活,65432,65.432000
31,6,Charli D'Amelio,0.117357,11.735678,10.000000,存活,65432,65.432000
31,6,Heidi D'Amelio,0.106406,10.640586,9.000000,存活,65432,65.432000
31,6,Gabby Windey,0.103667,10.366679,9.250000,存活,65432,65.432000
31,6,Daniel Durant,0.101774,10.177439,8.500000,存活,65432,65.432000
31,6,Shangela,0.100601,10.060065,9.000000,存活,65432,65.432000
31,6,Jordin Sparks,0.099606,9.960624,8.500000,存活,65432,65.432000
31,6,Wayne Brady,0.096946,9.694587,8.500000,存活,65432,65.432000
31,6,Vinny Guadagnino,0.093412,9.341220,7.000000,存活,65432,65.432000
31,6,Jessie James Decker,0.062712,6.271207,8.000000,淘汰,65432,65.432000
31,7,Charli D'Amelio,0.135350,13.534980,9.750000,存活,19339,19.339000
31,7,Trevor Donovan,0.133955,13.395531,9.750000,存活,19339,19.339000
31,7,Daniel Durant,0.128204,12.820419,9.125000,存活,19339,19.339000
31,7,Wayne Brady,0.125534,12.553442,9.500000,存活,19339,19.339000
31,7,Heidi D'Amelio,0.124385,12.438533,8.750000,存活,19339,19.339000
31,7,Shangela,0.122158,12.215838,9.125000,存活,19339,19.339000
31,7,Gabby Windey,0.120739,12.073856,8.875000,存活,19339,19.339000
31,7,Vinny Guadagnino,0.107652,10.765208,7.875000,存活,19339,19.339000
31,7,Jordin Sparks,0.002022,0.202193,8.625000,淘汰,19339,19.339000
31,8,Charli D'Amelio,0.143275,14.327514,11.250000,存活,94056,94.056000
31,8,Wayne Brady,0.137024,13.702378,11.250000,存活,94056,94.056000
31,8,Trevor Donovan,0.133905,13.390500,9.750000,存活,94056,94.056000
31,8,Shangela,0.128377,12.837706,10.500000,存活,94056,94.056000
31,8,Daniel Durant,0.126540,12.653990,9.750000,存活,94056,94.056000
31,8,Gabby Windey,0.122583,12.258292,10.000000,存活,94056,94.056000
31,8,Heidi D'Amelio,0.118241,11.824142,8.750000,淘汰,94056,94.056000
31,8,Vinny Guadagnino,0.090055,9.005478,7.250000,淘汰,94056,94.056000
31,9,Charli D'Amelio,0.184839,18.483872,10.000000,存活,99209,99.209000
31,9,Gabby Windey,0.176079,17.607898,10.000000,存活,99209,99.209000
31,9,Wayne Brady,0.163934,16.393376,9.125000,存活,99209,99.209000
31,9,Shangela,0.163785,16.378452,9.125000,存活,99209,99.209000
31,9,Daniel Durant,0.160736,16.073592,8.625000,淘汰,99209,99.209000
31,9,Trevor Donovan,0.150628,15.062811,8.125000,淘汰,99209,99.209000
31,10,Charli D'Amelio,0.263656,26.365604,10.000000,淘汰,100000,100.000000
31,10,Gabby Windey,0.252997,25.299688,10.000000,淘汰,100000,100.000000
31,10,Shangela,0.241999,24.199905,9.500000,淘汰,100000,100.000000
31,10,Wayne Brady,0.241348,24.134803,9.500000,淘汰,100000,100.000000
32,1,Charity Lawson,0.095593,9.559269,7.333333,存活,64445,64.445000
32,1,Jason Mraz,0.093767,9.376719,7.000000,存活,64445,64.445000
32,1,Ariana Madix,0.091074,9.107422,7.000000,存活,64445,64.445000
32,1,Xochitl Gomez,0.081906,8.190605,6.000000,存活,64445,64.445000
32,1,Adrian Peterson,0.080712,8.071203,6.000000,存活,64445,64.445000
32,1,Mira Sorvino,0.077812,7.781158,5.666667,存活,64445,64.445000
32,1,Barry Williams,0.073898,7.389816,5.333333,存活,64445,64.445000
32,1,Jamie Lynn Spears,0.070185,7.018461,5.000000,存活,64445,64.445000
32,1,Lele Pons,0.069694,6.969410,6.333333,存活,64445,64.445000
32,1,Alyson Hannigan,0.064377,6.437709,4.333333,存活,64445,64.445000
32,1,Tyson Beckford,0.061943,6.194274,4.000000,存活,64445,64.445000
32,1,Mauricio Umansky,0.050627,5.062666,5.000000,存活,64445,64.445000
32,1,Matt Walsh,0.045718,4.571809,4.000000,淘汰,64445,64.445000
32,1,Harry Jowsey,0.042695,4.269480,4.000000,存活,64445,64.445000
32,2,Jamie Lynn Spears,0.076923,7.692308,5.333333,淘汰,0,0.000000
32,2,Mira Sorvino,0.076923,7.692308,6.000000,存活,0,0.000000
32,2,Barry Williams,0.076923,7.692308,5.000000,存活,0,0.000000
32,2,Alyson Hannigan,0.076923,7.692308,6.333333,存活,0,0.000000
32,2,Xochitl Gomez,0.076923,7.692308,8.000000,存活,0,0.000000
32,2,Adrian Peterson,0.076923,7.692308,5.000000,存活,0,0.000000
32,2,Tyson Beckford,0.076923,7.692308,6.000000,存活,0,0.000000
32,2,Jason Mraz,0.076923,7.692308,8.000000,存活,0,0.000000
32,2,Lele Pons,0.076923,7.692308,7.000000,存活,0,0.000000
32,2,Harry Jowsey,0.076923,7.692308,5.000000,存活,0,0.000000
32,2,Mauricio Umansky,0.076923,7.692308,4.000000,存活,0,0.000000
32,2,Charity Lawson,0.076923,7.692308,7.000000,存活,0,0.000000
32,2,Ariana Madix,0.076923,7.692308,6.666667,存活,0,0.000000
32,3,Jason Mraz,0.106362,10.636236,8.500000,存活,67202,67.202000
32,3,Ariana Madix,0.103326,10.332603,8.500000,存活,67202,67.202000
32,3,Xochitl Gomez,0.101942,10.194209,8.000000,存活,67202,67.202000
32,3,Charity Lawson,0.097776,9.777582,8.000000,存活,67202,67.202000
32,3,Adrian Peterson,0.087489,8.748949,5.500000,存活,67202,67.202000
32,3,Alyson Hannigan,0.087280,8.727978,6.000000,存活,67202,67.202000
32,3,Mira Sorvino,0.085601,8.560066,6.500000,存活,67202,67.202000
32,3,Barry Williams,0.082593,8.259293,6.250000,存活,67202,67.202000
32,3,Lele Pons,0.069836,6.983640,6.750000,存活,67202,67.202000
32,3,Mauricio Umansky,0.060572,6.057175,5.750000,存活,67202,67.202000
32,3,Tyson Beckford,0.059685,5.968504,5.000000,淘汰,67202,67.202000
32,3,Harry Jowsey,0.057538,5.753764,6.000000,存活,67202,67.202000
32,4,Mira Sorvino,0.090909,9.090909,7.000000,存活,0,0.000000
32,4,Barry Williams,0.090909,9.090909,6.000000,存活,0,0.000000
32,4,Alyson Hannigan,0.090909,9.090909,6.000000,存活,0,0.000000
32,4,Xochitl Gomez,0.090909,9.090909,9.000000,存活,0,0.000000
32,4,Adrian Peterson,0.090909,9.090909,7.000000,淘汰,0,0.000000
32,4,Jason Mraz,0.090909,9.090909,8.000000,存活,0,0.000000
32,4,Lele Pons,0.090909,9.090909,7.333333,存活,0,0.000000
32,4,Harry Jowsey,0.090909,9.090909,7.000000,存活,0,0.000000
32,4,Mauricio Umansky,0.090909,9.090909,6.333333,存活,0,0.000000
32,4,Charity Lawson,0.090909,9.090909,8.000000,存活,0,0.000000
32,4,Ariana Madix,0.090909,9.090909,8.333333,存活,0,0.000000
32,5,Xochitl Gomez,0.150787,15.078743,9.333333,存活,2560,2.560000
32,5,Charity Lawson,0.145268,14.526812,9.333333,存活,2560,2.560000
32,5,Jason Mraz,0.143297,14.329720,9.000000,存活,2560,2.560000
32,5,Barry Williams,0.129473,12.947305,8.000000,存活,2560,2.560000
32,5,Ariana Madix,0.124795,12.479478,8.000000,存活,2560,2.560000
32,5,Lele Pons,0.108736,10.873611,8.000000,存活,2560,2.560000
32,5,Mauricio Umansky,0.097206,9.720647,8.000000,存活,2560,2.560000
32,5,Harry Jowsey,0.093703,9.370313,6.000000,存活,2560,2.560000
32,5,Alyson Hannigan,0.004016,0.401613,7.000000,存活,2560,2.560000
32,5,Mira Sorvino,0.002718,0.271758,7.333333,淘汰,2560,2.560000
32,6,Lele Pons,0.188041,18.804140,9.250000,存活,954,0.954000
32,6,Harry Jowsey,0.140263,14.026347,7.250000,存活,954,0.954000
32,6,Ariana Madix,0.133039,13.303888,10.250000,存活,954,0.954000
32,6,Xochitl Gomez,0.125339,12.533927,10.500000,存活,954,0.954000
32,6,Charity Lawson,0.109769,10.976942,9.500000,存活,954,0.954000
32,6,Jason Mraz,0.102353,10.235273,9.750000,存活,954,0.954000
32,6,Barry Williams,0.099562,9.956202,8.000000,存活,954,0.954000
32,6,Alyson Hannigan,0.099172,9.917214,7.750000,存活,954,0.954000
32,6,Mauricio Umansky,0.002461,0.246068,8.250000,淘汰,954,0.954000
32,7,Harry Jowsey,0.308111,30.811134,8.000000,存活,74,0.074000
32,7,Barry Williams,0.253854,25.385388,8.125000,存活,74,0.074000
32,7,Alyson Hannigan,0.125364,12.536411,8.750000,存活,74,0.074000
32,7,Jason Mraz,0.105978,10.597800,9.000000,存活,74,0.074000
32,7,Xochitl Gomez,0.098186,9.818622,9.250000,存活,74,0.074000
32,7,Charity Lawson,0.061729,6.172864,9.000000,存活,74,0.074000
32,7,Ariana Madix,0.042390,4.239039,9.250000,存活,74,0.074000
32,7,Lele Pons,0.004387,0.438742,9.125000,淘汰,74,0.074000
32,8,Ariana Madix,0.218564,21.856425,10.500000,存活,3433,3.433000
32,8,Xochitl Gomez,0.212673,21.267274,10.000000,存活,3433,3.433000
32,8,Charity Lawson,0.203713,20.371286,9.750000,存活,3433,3.433000
32,8,Alyson Hannigan,0.161099,16.109923,9.000000,存活,3433,3.433000
32,8,Harry Jowsey,0.153975,15.397498,7.000000,存活,3433,3.433000
32,8,Jason Mraz,0.046748,4.674759,8.250000,存活,3433,3.433000
32,8,Barry Williams,0.003228,0.322836,8.750000,淘汰,3433,3.433000
32,9,Jason Mraz,0.194262,19.426192,10.750000,存活,83819,83.819000
32,9,Xochitl Gomez,0.188002,18.800234,10.250000,存活,83819,83.819000
32,9,Alyson Hannigan,0.181805,18.180483,8.000000,存活,83819,83.819000
32,9,Charity Lawson,0.169082,16.908201,9.500000,存活,83819,83.819000
32,9,Ariana Madix,0.164790,16.479031,9.250000,存活,83819,83.819000
32,9,Harry Jowsey,0.102059,10.205858,7.500000,淘汰,83819,83.819000
32,10,Xochitl Gomez,0.213300,21.330047,10.000000,存活,100000,100.000000
32,10,Charity Lawson,0.202170,20.217027,9.833333,存活,100000,100.000000
32,10,Jason Mraz,0.201260,20.126001,9.500000,存活,100000,100.000000
32,10,Ariana Madix,0.199553,19.955254,9.666667,存活,100000,100.000000
32,10,Alyson Hannigan,0.183717,18.371671,8.500000,存活,100000,100.000000
32,11,Xochitl Gomez,0.209514,20.951395,10.000000,淘汰,100000,100.000000
32,11,Jason Mraz,0.206727,20.672656,10.000000,淘汰,100000,100.000000
32,11,Charity Lawson,0.198677,19.867650,9.833333,淘汰,100000,100.000000
32,11,Ariana Madix,0.198417,19.841680,9.833333,淘汰,100000,100.000000
32,11,Alyson Hannigan,0.186666,18.666618,8.833333,淘汰,100000,100.000000
33,1,Chandler Kinney,0.095649,9.564948,7.666667,存活,100000,100.000000
33,1,Dwight Howard ,0.089904,8.990363,7.333333,存活,100000,100.000000
33,1,Stephen Nedoroscik,0.086090,8.609036,7.000000,存活,100000,100.000000
33,1,Joey Graziadei,0.084675,8.467542,7.000000,存活,100000,100.000000
33,1,Danny Amendola,0.082096,8.209558,6.666667,存活,100000,100.000000
33,1,Phaedra Parks,0.076656,7.665589,6.333333,存活,100000,100.000000
33,1,Jenn Tran,0.076554,7.655425,6.333333,存活,100000,100.000000
33,1,Ilona Maher,0.074206,7.420606,6.000000,存活,100000,100.000000
33,1,Brooks Nader,0.073421,7.342121,6.000000,存活,100000,100.000000
33,1,Tori Spelling,0.071715,7.171468,5.666667,存活,100000,100.000000
33,1,Reginald VelJohnson,0.067584,6.758398,5.333333,存活,100000,100.000000
33,1,Eric Roberts,0.063448,6.344772,5.000000,存活,100000,100.000000
33,1,Anna Delvey,0.058002,5.800174,6.000000,存活,100000,100.000000
33,2,Chandler Kinney,0.103095,10.309481,8.000000,存活,16900,16.900000
33,2,Stephen Nedoroscik,0.091504,9.150395,7.333333,存活,16900,16.900000
33,2,Dwight Howard ,0.091147,9.114653,7.333333,存活,16900,16.900000
33,2,Joey Graziadei,0.090332,9.033212,7.333333,存活,16900,16.900000
33,2,Ilona Maher,0.084979,8.497910,7.000000,存活,16900,16.900000
33,2,Danny Amendola,0.084916,8.491633,7.000000,存活,16900,16.900000
33,2,Phaedra Parks,0.084028,8.402800,7.000000,存活,16900,16.900000
33,2,Brooks Nader,0.079163,7.916309,6.666667,存活,16900,16.900000
33,2,Eric Roberts,0.074429,7.442900,5.000000,存活,16900,16.900000
33,2,Jenn Tran,0.072919,7.291910,6.333333,存活,16900,16.900000
33,2,Reginald VelJohnson,0.067561,6.756122,5.000000,存活,16900,16.900000
33,2,Tori Spelling,0.052603,5.260275,6.333333,淘汰,16900,16.900000
33,2,Anna Delvey,0.023324,2.332400,5.666667,淘汰,16900,16.900000
33,3,Chandler Kinney,0.110069,11.006902,8.625000,存活,99867,99.867000
33,3,Joey Graziadei,0.107375,10.737463,8.750000,存活,99867,99.867000
33,3,Stephen Nedoroscik,0.097417,9.741704,7.750000,存活,99867,99.867000
33,3,Jenn Tran,0.095320,9.532022,7.750000,存活,99867,99.867000
33,3,Brooks Nader,0.095116,9.511588,7.625000,存活,99867,99.867000
33,3,Danny Amendola,0.094584,9.458434,7.500000,存活,99867,99.867000
33,3,Ilona Maher,0.088413,8.841318,7.000000,存活,99867,99.867000
33,3,Phaedra Parks,0.086682,8.668219,7.000000,存活,99867,99.867000
33,3,Dwight Howard ,0.082325,8.232483,6.500000,存活,99867,99.867000
33,3,Eric Roberts,0.074644,7.464434,5.750000,淘汰,99867,99.867000
33,3,Reginald VelJohnson,0.068054,6.805433,5.250000,淘汰,99867,99.867000
33,4,Danny Amendola,0.207109,20.710906,9.000000,存活,203,0.203000
33,4,Dwight Howard ,0.176444,17.644363,7.250000,存活,203,0.203000
33,4,Joey Graziadei,0.172228,17.222817,9.000000,存活,203,0.203000
33,4,Chandler Kinney,0.109110,10.911021,8.000000,存活,203,0.203000
33,4,Stephen Nedoroscik,0.089334,8.933393,8.250000,存活,203,0.203000
33,4,Ilona Maher,0.089131,8.913116,8.000000,存活,203,0.203000
33,4,Jenn Tran,0.077887,7.788688,8.000000,存活,203,0.203000
33,4,Phaedra Parks,0.075329,7.532867,8.000000,存活,203,0.203000
33,4,Brooks Nader,0.003428,0.342830,8.000000,淘汰,203,0.203000
33,5,Dwight Howard ,0.152666,15.266610,8.000000,存活,2700,2.700000
33,5,Stephen Nedoroscik,0.137560,13.756020,8.000000,存活,2700,2.700000
33,5,Chandler Kinney,0.131243,13.124349,9.000000,存活,2700,2.700000
33,5,Danny Amendola,0.131053,13.105259,8.500000,存活,2700,2.700000
33,5,Joey Graziadei,0.127030,12.702968,8.666667,存活,2700,2.700000
33,5,Jenn Tran,0.124614,12.461414,8.500000,存活,2700,2.700000
33,5,Ilona Maher,0.122543,12.254326,8.666667,存活,2700,2.700000
33,5,Phaedra Parks,0.073291,7.329054,8.000000,淘汰,2700,2.700000
33,6,Ilona Maher,0.318737,31.873693,8.000000,存活,18,0.018000
33,6,Stephen Nedoroscik,0.261113,26.111280,9.333333,存活,18,0.018000
33,6,Joey Graziadei,0.180403,18.040306,10.666667,存活,18,0.018000
33,6,Danny Amendola,0.138761,13.876119,9.333333,存活,18,0.018000
33,6,Chandler Kinney,0.058225,5.822529,10.666667,存活,18,0.018000
33,6,Dwight Howard ,0.036766,3.676628,10.333333,存活,18,0.018000
33,6,Jenn Tran,0.005994,0.599446,10.333333,淘汰,18,0.018000
33,7,Chandler Kinney,0.187998,18.799758,10.000000,存活,97599,97.599000
33,7,Stephen Nedoroscik,0.168333,16.833329,9.000000,存活,97599,97.599000
33,7,Joey Graziadei,0.167183,16.718321,9.166667,存活,97599,97.599000
33,7,Ilona Maher,0.164011,16.401054,8.666667,存活,97599,97.599000
33,7,Danny Amendola,0.163135,16.313546,8.500000,存活,97599,97.599000
33,7,Dwight Howard ,0.149340,14.933992,8.000000,淘汰,97599,97.599000
33,8,Chandler Kinney,0.210214,21.021374,9.666667,存活,100000,100.000000
33,8,Joey Graziadei,0.203396,20.339569,9.666667,存活,100000,100.000000
33,8,Ilona Maher,0.202368,20.236808,9.500000,存活,100000,100.000000
33,8,Danny Amendola,0.193459,19.345941,9.000000,存活,100000,100.000000
33,8,Stephen Nedoroscik,0.190563,19.056308,8.833333,存活,100000,100.000000
33,9,Chandler Kinney,0.209139,20.913863,10.000000,淘汰,100000,100.000000
33,9,Stephen Nedoroscik,0.202808,20.280779,9.833333,淘汰,100000,100.000000
33,9,Joey Graziadei,0.199069,19.906917,9.833333,淘汰,100000,100.000000
33,9,Ilona Maher,0.196227,19.622694,9.500000,淘汰,100000,100.000000
33,9,Danny Amendola,0.192757,19.275747,9.333333,淘汰,100000,100.000000
34,1,Whitney Leavitt,0.090976,9.097579,7.500000,存活,100000,100.000000
34,1,Hilaria Baldwin,0.084496,8.449641,7.000000,存活,100000,100.000000
34,1,Lauren Jauregui,0.081832,8.183152,6.500000,存活,100000,100.000000
34,1,Alix Earle,0.078755,7.875526,6.500000,存活,100000,100.000000
34,1,Elaine Hendrix,0.076335,7.633520,6.000000,存活,100000,100.000000
34,1,Danielle Fishel,0.076257,7.625742,6.000000,存活,100000,100.000000
34,1,Jen Affleck,0.073480,7.347993,6.000000,存活,100000,100.000000
34,1,Robert Irwin,0.073064,7.306363,7.500000,存活,100000,100.000000
34,1,Scott Hoying,0.063503,6.350332,5.000000,存活,100000,100.000000
34,1,Baron Davis,0.063063,6.306338,5.000000,存活,100000,100.000000
34,1,Jordan Chiles,0.062873,6.287262,5.000000,存活,100000,100.000000
34,1,Dylan Efron,0.061618,6.161824,5.000000,存活,100000,100.000000
34,1,Corey Feldman,0.058058,5.805812,4.500000,存活,100000,100.000000
34,1,Andy Richter,0.055689,5.568918,4.500000,存活,100000,100.000000
34,2,Jordan Chiles,0.080766,8.076624,7.333333,存活,99907,99.907000
34,2,Jen Affleck,0.079107,7.910673,7.333333,存活,99907,99.907000
34,2,Whitney Leavitt,0.078963,7.896347,7.333333,存活,99907,99.907000
34,2,Elaine Hendrix,0.078498,7.849820,7.000000,存活,99907,99.907000
34,2,Lauren Jauregui,0.077677,7.767665,7.000000,存活,99907,99.907000
34,2,Hilaria Baldwin,0.074859,7.485881,7.000000,存活,99907,99.907000
34,2,Alix Earle,0.074737,7.473740,7.000000,存活,99907,99.907000
34,2,Dylan Efron,0.071990,7.199023,6.666667,存活,99907,99.907000
34,2,Danielle Fishel,0.071208,7.120760,6.333333,存活,99907,99.907000
34,2,Scott Hoying,0.067069,6.706901,6.000000,存活,99907,99.907000
34,2,Baron Davis,0.066643,6.664295,6.000000,淘汰,99907,99.907000
34,2,Robert Irwin,0.063546,6.354573,7.333333,存活,99907,99.907000
34,2,Andy Richter,0.058198,5.819814,5.333333,存活,99907,99.907000
34,2,Corey Feldman,0.056739,5.673884,5.000000,淘汰,99907,99.907000
34,3,Jordan Chiles,0.094851,9.485054,8.000000,存活,12157,12.157000
34,3,Whitney Leavitt,0.093077,9.307695,8.000000,存活,12157,12.157000
34,3,Danielle Fishel,0.092470,9.246985,7.000000,存活,12157,12.157000
34,3,Dylan Efron,0.091057,9.105689,7.666667,存活,12157,12.157000
34,3,Andy Richter,0.090677,9.067730,6.000000,存活,12157,12.157000
34,3,Scott Hoying,0.088546,8.854637,7.333333,存活,12157,12.157000
34,3,Alix Earle,0.088481,8.848068,7.666667,存活,12157,12.157000
34,3,Elaine Hendrix,0.087106,8.710613,7.000000,存活,12157,12.157000
34,3,Hilaria Baldwin,0.084800,8.479959,7.333333,存活,12157,12.157000
34,3,Robert Irwin,0.083063,8.306262,7.333333,存活,12157,12.157000
34,3,Jen Affleck,0.079354,7.935386,6.333333,存活,12157,12.157000
34,3,Lauren Jauregui,0.026519,2.651922,6.000000,淘汰,12157,12.157000
34,4,Whitney Leavitt,0.132711,13.271149,8.333333,存活,300,0.300000
34,4,Robert Irwin,0.132433,13.243259,7.333333,存活,300,0.300000
34,4,Danielle Fishel,0.125536,12.553560,7.000000,存活,300,0.300000
34,4,Andy Richter,0.122130,12.213010,6.000000,存活,300,0.300000
34,4,Alix Earle,0.104323,10.432330,8.000000,存活,300,0.300000
34,4,Jordan Chiles,0.092876,9.287580,8.000000,存活,300,0.300000
34,4,Scott Hoying,0.075712,7.571201,7.000000,存活,300,0.300000
34,4,Dylan Efron,0.070671,7.067142,7.666667,存活,300,0.300000
34,4,Elaine Hendrix,0.070623,7.062271,8.000000,存活,300,0.300000
34,4,Jen Affleck,0.070168,7.016771,7.666667,存活,300,0.300000
34,4,Hilaria Baldwin,0.002817,0.281726,7.666667,淘汰,300,0.300000
34,5,Dylan Efron,0.115281,11.528055,9.000000,存活,100000,100.000000
34,5,Alix Earle,0.111325,11.132462,8.750000,存活,100000,100.000000
34,5,Whitney Leavitt,0.106647,10.664682,8.250000,存活,100000,100.000000
34,5,Jordan Chiles,0.105388,10.538847,8.000000,存活,100000,100.000000
34,5,Elaine Hendrix,0.100951,10.095114,7.500000,存活,100000,100.000000
34,5,Scott Hoying,0.100011,10.001100,7.500000,存活,100000,100.000000
34,5,Danielle Fishel,0.097538,9.753799,7.250000,存活,100000,100.000000
34,5,Jen Affleck,0.094025,9.402511,7.250000,存活,100000,100.000000
34,5,Robert Irwin,0.090628,9.062844,8.750000,存活,100000,100.000000
34,5,Andy Richter,0.078206,7.820587,6.000000,存活,100000,100.000000
34,6,Whitney Leavitt,0.116560,11.655952,9.750000,存活,1137,1.137000
34,6,Jordan Chiles,0.114808,11.480849,9.750000,存活,1137,1.137000
34,6,Elaine Hendrix,0.111858,11.185760,9.000000,存活,1137,1.137000
34,6,Danielle Fishel,0.111738,11.173790,9.000000,存活,1137,1.137000
34,6,Andy Richter,0.107357,10.735722,6.750000,存活,1137,1.137000
34,6,Robert Irwin,0.106170,10.617050,9.000000,存活,1137,1.137000
34,6,Alix Earle,0.103958,10.395779,8.750000,存活,1137,1.137000
34,6,Jen Affleck,0.100804,10.080387,8.000000,存活,1137,1.137000
34,6,Dylan Efron,0.098009,9.800923,8.000000,存活,1137,1.137000
34,6,Scott Hoying,0.028738,2.873789,7.000000,淘汰,1137,1.137000
34,7,Whitney Leavitt,0.186049,18.604909,10.500000,存活,511,0.511000
34,7,Alix Earle,0.181108,18.110754,10.750000,存活,511,0.511000
34,7,Jordan Chiles,0.173285,17.328488,9.500000,存活,511,0.511000
34,7,Dylan Efron,0.170252,17.025210,9.500000,存活,511,0.511000
34,7,Robert Irwin,0.148087,14.808682,10.250000,存活,511,0.511000
34,7,Andy Richter,0.131524,13.152411,7.250000,存活,511,0.511000
34,7,Elaine Hendrix,0.004367,0.436657,8.000000,存活,511,0.511000
34,7,Danielle Fishel,0.002715,0.271541,8.750000,存活,511,0.511000
34,7,Jen Affleck,0.002613,0.261347,8.500000,淘汰,511,0.511000
34,8,Jordan Chiles,0.152975,15.297480,9.750000,存活,18439,18.439000
34,8,Whitney Leavitt,0.150227,15.022692,9.875000,存活,18439,18.439000
34,8,Elaine Hendrix,0.148395,14.839516,9.375000,存活,18439,18.439000
34,8,Alix Earle,0.145999,14.599932,9.625000,存活,18439,18.439000
34,8,Dylan Efron,0.145673,14.567302,9.500000,存活,18439,18.439000
34,8,Andy Richter,0.132280,13.228046,8.500000,存活,18439,18.439000
34,8,Robert Irwin,0.122291,12.229129,9.500000,存活,18439,18.439000
34,8,Danielle Fishel,0.002159,0.215902,9.250000,淘汰,18439,18.439000
34,9,Elaine Hendrix,0.176739,17.673899,9.000000,存活,79734,79.734000
34,9,Whitney Leavitt,0.152516,15.251640,10.500000,存活,79734,79.734000
34,9,Dylan Efron,0.151848,15.184836,10.500000,存活,79734,79.734000
34,9,Jordan Chiles,0.145351,14.535133,9.750000,存活,79734,79.734000
34,9,Alix Earle,0.144729,14.472938,10.000000,存活,79734,79.734000
34,9,Robert Irwin,0.122662,12.266179,10.500000,存活,79734,79.734000
34,9,Andy Richter,0.106154,10.615374,7.250000,淘汰,79734,79.734000
34,10,Elaine Hendrix,0.214699,21.469923,9.500000,存活,160,0.160000
34,10,Dylan Efron,0.206740,20.673970,9.166667,存活,160,0.160000
34,10,Jordan Chiles,0.203995,20.399501,9.500000,存活,160,0.160000
34,10,Alix Earle,0.200931,20.093081,9.666667,存活,160,0.160000
34,10,Robert Irwin,0.171405,17.140463,9.833333,存活,160,0.160000
34,10,Whitney Leavitt,0.002231,0.223063,9.666667,淘汰,160,0.160000
34,11,Jordan Chiles,0.210572,21.057221,9.888867,淘汰,100000,100.000000
34,11,Elaine Hendrix,0.209978,20.997802,9.666600,淘汰,100000,100.000000
34,11,Alix Earle,0.206617,20.661715,10.000000,淘汰,100000,100.000000
34,11,Dylan Efron,0.204424,20.442376,9.777733,淘汰,100000,100.000000
34,11,Robert Irwin,0.168409,16.840886,9.888867,淘汰,100000,100.000000
