season,week,celebrity_name,simulated_vote_share,vote_percentage,avg_judge_score,status,num_valid_simulations,valid_percentage,method,final_rank
1,1,Joey McIntyre,0.189752,18.975162,6.666667,存活,100000,100.000000,排名结合法,1
1,1,John O'Hurley,0.191339,19.133920,6.666667,存活,100000,100.000000,排名结合法,2
1,1,Rachel Hunter,0.151403,15.140288,6.666667,存活,100000,100.000000,排名结合法,3
1,1,Evander Holyfield,0.170977,17.097721,6.000000,存活,100000,100.000000,排名结合法,4
1,1,Trista Sutter,0.167748,16.774758,6.000000,存活,100000,100.000000,排名结合法,5
1,1,Kelly Monaco,0.128782,12.878151,4.333333,存活,100000,100.000000,排名结合法,6
1,2,John O'Hurley,0.405683,40.568350,8.666667,存活,45,0.045000,排名结合法,1
1,2,Rachel Hunter,0.325319,32.531896,8.000000,存活,45,0.045000,排名结合法,2
1,2,Joey McIntyre,0.009504,0.950441,7.000000,存活,45,0.045000,排名结合法,3
1,2,Kelly Monaco,0.011338,1.133821,5.666667,存活,45,0.045000,排名结合法,4
1,2,Evander Holyfield,0.238742,23.874221,4.666667,存活,45,0.045000,排名结合法,5
1,2,Trista Sutter,0.009413,0.941272,6.333333,淘汰,45,0.045000,排名结合法,6
1,3,John O'Hurley,0.221774,22.177366,8.000000,存活,80050,80.050000,排名结合法,1
1,3,Kelly Monaco,0.261214,26.121410,7.000000,存活,80050,80.050000,排名结合法,2
1,3,Rachel Hunter,0.189321,18.932134,8.666667,存活,80050,80.050000,排名结合法,3
1,3,Joey McIntyre,0.203276,20.327574,7.333333,存活,80050,80.050000,排名结合法,4
1,3,Evander Holyfield,0.124415,12.441517,4.333333,淘汰,80050,80.050000,排名结合法,5
1,4,John O'Hurley,0.492886,49.288560,7.000000,存活,4169,4.169000,排名结合法,1
1,4,Kelly Monaco,0.019813,1.981281,8.666667,存活,4169,4.169000,排名结合法,2
1,4,Rachel Hunter,0.016013,1.601325,8.333333,淘汰,4169,4.169000,排名结合法,3
1,4,Joey McIntyre,0.471288,47.128834,6.666667,存活,4169,4.169000,排名结合法,4
1,5,John O'Hurley,0.332957,33.295714,9.000000,存活,73710,73.710000,排名结合法,1
1,5,Kelly Monaco,0.402683,40.268314,7.833333,存活,73710,73.710000,排名结合法,2
1,5,Joey McIntyre,0.264360,26.435972,7.500000,淘汰,73710,73.710000,排名结合法,3
1,6,Kelly Monaco,0.503038,50.303776,9.166667,淘汰,100000,100.000000,排名结合法,1
1,6,John O'Hurley,0.496962,49.696224,9.000000,淘汰,100000,100.000000,排名结合法,2
2,1,Drew Lachey,0.100000,10.000000,8.000000,存活,0,0.000000,排名结合法,1
2,1,Giselle Fernandez,0.100000,10.000000,7.666667,存活,0,0.000000,排名结合法,2
2,1,Stacy Keibler,0.100000,10.000000,7.333333,存活,0,0.000000,排名结合法,3
2,1,Jerry Rice,0.100000,10.000000,7.000000,存活,0,0.000000,排名结合法,4
2,1,Kenny Mayne,0.100000,10.000000,4.333333,淘汰,0,0.000000,排名结合法,5
2,1,Tatum O'Neal,0.100000,10.000000,7.666667,存活,0,0.000000,排名结合法,6
2,1,Master P,0.100000,10.000000,4.000000,存活,0,0.000000,排名结合法,7
2,1,Lisa Rinna,0.100000,10.000000,6.333333,存活,0,0.000000,排名结合法,8
2,1,Tia Carrere,0.100000,10.000000,6.666667,存活,0,0.000000,排名结合法,9
2,1,George Hamilton,0.100000,10.000000,6.000000,存活,0,0.000000,排名结合法,10
2,2,Stacy Keibler,0.156173,15.617314,9.666667,存活,22065,22.065000,排名结合法,1
2,2,Drew Lachey,0.146996,14.699550,9.000000,存活,22065,22.065000,排名结合法,2
2,2,Jerry Rice,0.124535,12.453494,7.666667,存活,22065,22.065000,排名结合法,3
2,2,Tia Carrere,0.123550,12.355016,7.333333,存活,22065,22.065000,排名结合法,4
2,2,George Hamilton,0.123218,12.321816,7.333333,存活,22065,22.065000,排名结合法,5
2,2,Giselle Fernandez,0.101683,10.168328,8.000000,存活,22065,22.065000,排名结合法,6
2,2,Lisa Rinna,0.112555,11.255475,6.666667,存活,22065,22.065000,排名结合法,7
2,2,Tatum O'Neal,0.016612,1.661234,5.666667,淘汰,22065,22.065000,排名结合法,8
2,2,Master P,0.094678,9.467773,5.333333,存活,22065,22.065000,排名结合法,9
2,3,Drew Lachey,0.155101,15.510086,9.000000,存活,5061,5.061000,排名结合法,1
2,3,Stacy Keibler,0.154177,15.417722,9.000000,存活,5061,5.061000,排名结合法,2
2,3,Tia Carrere,0.143743,14.374275,8.666667,存活,5061,5.061000,排名结合法,3
2,3,Jerry Rice,0.155612,15.561219,6.333333,存活,5061,5.061000,排名结合法,4
2,3,Lisa Rinna,0.142556,14.255558,8.333333,存活,5061,5.061000,排名结合法,5
2,3,George Hamilton,0.128493,12.849321,7.333333,存活,5061,5.061000,排名结合法,6
2,3,Giselle Fernandez,0.003310,0.330950,7.333333,淘汰,5061,5.061000,排名结合法,7
2,3,Master P,0.117009,11.700867,4.666667,存活,5061,5.061000,排名结合法,8
2,4,Drew Lachey,0.166687,16.668713,9.333333,存活,78482,78.482000,排名结合法,1
2,4,Lisa Rinna,0.158081,15.808067,8.666667,存活,78482,78.482000,排名结合法,2
2,4,Stacy Keibler,0.154875,15.487469,8.666667,存活,78482,78.482000,排名结合法,3
2,4,Tia Carrere,0.155132,15.513223,8.333333,存活,78482,78.482000,排名结合法,4
2,4,George Hamilton,0.166221,16.622088,7.000000,存活,78482,78.482000,排名结合法,5
2,4,Jerry Rice,0.147633,14.763325,8.000000,存活,78482,78.482000,排名结合法,6
2,4,Master P,0.051371,5.137116,2.666667,淘汰,78482,78.482000,排名结合法,7
2,5,Stacy Keibler,0.193124,19.312421,10.000000,存活,97950,97.950000,排名结合法,1
2,5,Drew Lachey,0.176741,17.674071,9.000000,存活,97950,97.950000,排名结合法,2
2,5,Lisa Rinna,0.166489,16.648861,8.333333,存活,97950,97.950000,排名结合法,3
2,5,George Hamilton,0.162915,16.291450,8.000000,存活,97950,97.950000,排名结合法,4
2,5,Jerry Rice,0.154273,15.427294,7.666667,存活,97950,97.950000,排名结合法,5
2,5,Tia Carrere,0.146459,14.645902,7.333333,淘汰,97950,97.950000,排名结合法,6
2,6,Drew Lachey,0.224492,22.449171,10.000000,存活,99730,99.730000,排名结合法,1
2,6,Stacy Keibler,0.221531,22.153149,10.000000,存活,99730,99.730000,排名结合法,2
2,6,Lisa Rinna,0.205244,20.524372,9.000000,存活,99730,99.730000,排名结合法,3
2,6,George Hamilton,0.175292,17.529162,7.666667,淘汰,99730,99.730000,排名结合法,4
2,6,Jerry Rice,0.173441,17.344146,7.666667,存活,99730,99.730000,排名结合法,5
2,7,Drew Lachey,0.362192,36.219237,9.166667,存活,19633,19.633000,排名结合法,1
2,7,Stacy Keibler,0.360522,36.052237,9.166667,存活,19633,19.633000,排名结合法,2
2,7,Lisa Rinna,0.007111,0.711137,8.833333,淘汰,19633,19.633000,排名结合法,3
2,7,Jerry Rice,0.270174,27.017390,6.833333,存活,19633,19.633000,排名结合法,4
2,8,Drew Lachey,0.344500,34.449958,9.666600,淘汰,100000,100.000000,排名结合法,1
2,8,Stacy Keibler,0.337715,33.771465,9.555500,淘汰,100000,100.000000,排名结合法,2
2,8,Jerry Rice,0.317786,31.778577,8.888867,淘汰,100000,100.000000,排名结合法,3
3,1,Mario Lopez,0.120333,12.033316,8.666667,存活,30785,30.785000,百分比结合法,1
3,1,Emmitt Smith,0.118494,11.849437,8.000000,存活,30785,30.785000,百分比结合法,2
3,1,Vivica A. Fox,0.111249,11.124937,7.333333,存活,30785,30.785000,百分比结合法,3
3,1,Willa Ford,0.110184,11.018442,7.333333,存活,30785,30.785000,百分比结合法,4
3,1,Joey Lawrence,0.106047,10.604667,7.000000,存活,30785,30.785000,百分比结合法,5
3,1,Monique Coleman,0.096568,9.656812,6.333333,存活,30785,30.785000,百分比结合法,6
3,1,Shanna Moakler,0.089004,8.900429,6.000000,存活,30785,30.785000,百分比结合法,7
3,1,Harry Hamlin,0.086271,8.627077,5.666667,存活,30785,30.785000,百分比结合法,8
3,1,Sara Evans,0.075924,7.592448,5.000000,存活,30785,30.785000,百分比结合法,9
3,1,Jerry Springer,0.062826,6.282591,5.333333,存活,30785,30.785000,百分比结合法,10
3,1,Tucker Carlson,0.023098,2.309844,4.000000,淘汰,30785,30.785000,百分比结合法,11
3,2,Joey Lawrence,0.126529,12.652929,9.666667,存活,8284,8.284000,百分比结合法,1
3,2,Monique Coleman,0.115646,11.564599,8.666667,存活,8284,8.284000,百分比结合法,2
3,2,Mario Lopez,0.119842,11.984170,7.000000,存活,8284,8.284000,百分比结合法,3
3,2,Vivica A. Fox,0.106768,10.676835,8.000000,存活,8284,8.284000,百分比结合法,4
3,2,Harry Hamlin,0.119781,11.978080,7.000000,存活,8284,8.284000,百分比结合法,5
3,2,Sara Evans,0.118677,11.867715,7.000000,存活,8284,8.284000,百分比结合法,6
3,2,Emmitt Smith,0.104643,10.464267,8.000000,存活,8284,8.284000,百分比结合法,7
3,2,Willa Ford,0.102485,10.248508,7.666667,存活,8284,8.284000,百分比结合法,8
3,2,Jerry Springer,0.083392,8.339219,6.333333,存活,8284,8.284000,百分比结合法,9
3,2,Shanna Moakler,0.002237,0.223677,7.333333,淘汰,8284,8.284000,百分比结合法,10
3,3,Monique Coleman,0.135302,13.530195,9.000000,存活,9342,9.342000,百分比结合法,1
3,3,Vivica A. Fox,0.135153,13.515263,9.000000,存活,9342,9.342000,百分比结合法,2
3,3,Sara Evans,0.125074,12.507368,8.333333,存活,9342,9.342000,百分比结合法,3
3,3,Willa Ford,0.125833,12.583335,7.333333,存活,9342,9.342000,百分比结合法,4
3,3,Joey Lawrence,0.124405,12.440545,7.333333,存活,9342,9.342000,百分比结合法,5
3,3,Mario Lopez,0.124064,12.406353,7.333333,存活,9342,9.342000,百分比结合法,6
3,3,Emmitt Smith,0.121858,12.185792,6.333333,存活,9342,9.342000,百分比结合法,7
3,3,Jerry Springer,0.105689,10.568897,7.000000,存活,9342,9.342000,百分比结合法,8
3,3,Harry Hamlin,0.002623,0.262251,7.333333,淘汰,9342,9.342000,百分比结合法,9
3,4,Mario Lopez,0.153552,15.355207,9.666667,存活,9963,9.963000,百分比结合法,1
3,4,Willa Ford,0.148899,14.889857,9.333333,存活,9963,9.963000,百分比结合法,2
3,4,Joey Lawrence,0.143524,14.352398,9.000000,存活,9963,9.963000,百分比结合法,3
3,4,Emmitt Smith,0.149566,14.956569,8.000000,存活,9963,9.963000,百分比结合法,4
3,4,Monique Coleman,0.144771,14.477068,8.000000,存活,9963,9.963000,百分比结合法,5
3,4,Sara Evans,0.138630,13.863048,6.666667,存活,9963,9.963000,百分比结合法,6
3,4,Jerry Springer,0.118479,11.847872,7.333333,存活,9963,9.963000,百分比结合法,7
3,4,Vivica A. Fox,0.002580,0.257981,8.000000,淘汰,9963,9.963000,百分比结合法,8
3,5,Emmitt Smith,0.169741,16.974128,9.000000,存活,23657,23.657000,百分比结合法,1
3,5,Mario Lopez,0.169418,16.941755,9.000000,存活,23657,23.657000,百分比结合法,2
3,5,Monique Coleman,0.169289,16.928871,9.000000,存活,23657,23.657000,百分比结合法,3
3,5,Joey Lawrence,0.168132,16.813231,8.333333,存活,23657,23.657000,百分比结合法,4
3,5,Jerry Springer,0.148359,14.835873,8.000000,存活,23657,23.657000,百分比结合法,5
3,5,Willa Ford,0.115812,11.581222,9.000000,淘汰,23657,23.657000,百分比结合法,6
3,5,Sara Evans,0.059249,5.924920,8.000000,淘汰,23657,23.657000,百分比结合法,7
3,6,Mario Lopez,0.242440,24.243998,9.333333,存活,100000,100.000000,百分比结合法,1
3,6,Emmitt Smith,0.215455,21.545456,8.333333,存活,100000,100.000000,百分比结合法,2
3,6,Joey Lawrence,0.211152,21.115187,8.000000,存活,100000,100.000000,百分比结合法,3
3,6,Monique Coleman,0.203880,20.388040,7.666667,存活,100000,100.000000,百分比结合法,4
3,6,Jerry Springer,0.127073,12.707320,6.000000,存活,100000,100.000000,百分比结合法,5
3,7,Joey Lawrence,0.232964,23.296427,9.500000,存活,52582,52.582000,百分比结合法,1
3,7,Emmitt Smith,0.228823,22.882278,9.500000,存活,52582,52.582000,百分比结合法,2
3,7,Mario Lopez,0.230275,23.027542,9.333333,存活,52582,52.582000,百分比结合法,3
3,7,Monique Coleman,0.221817,22.181668,9.000000,存活,52582,52.582000,百分比结合法,4
3,7,Jerry Springer,0.086121,8.612085,7.666667,淘汰,52582,52.582000,百分比结合法,5
3,8,Mario Lopez,0.297991,29.799053,9.500000,存活,44030,44.030000,百分比结合法,1
3,8,Joey Lawrence,0.285188,28.518771,9.000000,存活,44030,44.030000,百分比结合法,2
3,8,Emmitt Smith,0.281359,28.135885,9.000000,存活,44030,44.030000,百分比结合法,3
3,8,Monique Coleman,0.135463,13.546291,8.833333,淘汰,44030,44.030000,百分比结合法,4
3,9,Emmitt Smith,0.433307,43.330723,9.833333,存活,27640,27.640000,百分比结合法,1
3,9,Mario Lopez,0.419888,41.988785,9.833333,存活,27640,27.640000,百分比结合法,2
3,9,Joey Lawrence,0.146805,14.680492,9.833333,淘汰,27640,27.640000,百分比结合法,3
3,10,Mario Lopez,0.503842,50.384209,9.888867,淘汰,100000,100.000000,百分比结合法,1
3,10,Emmitt Smith,0.496158,49.615791,9.888867,淘汰,100000,100.000000,百分比结合法,2
4,1,Joey Fatone,0.120506,12.050642,8.000000,存活,100000,100.000000,百分比结合法,1
4,1,Laila Ali,0.114432,11.443172,7.666667,存活,100000,100.000000,百分比结合法,2
4,1,Ian Ziering,0.107407,10.740651,7.000000,存活,100000,100.000000,百分比结合法,3
4,1,Apolo Anton Ohno,0.104916,10.491557,7.000000,存活,100000,100.000000,百分比结合法,4
4,1,Shandi Finnessey,0.094619,9.461906,6.333333,存活,100000,100.000000,百分比结合法,5
4,1,John Ratzenberger,0.087520,8.752023,5.666667,存活,100000,100.000000,百分比结合法,6
4,1,Paulina Porizkova,0.075976,7.597638,6.333333,存活,100000,100.000000,百分比结合法,7
4,1,Heather Mills,0.072099,7.209889,6.000000,存活,100000,100.000000,百分比结合法,8
4,1,Clyde Drexler,0.080923,8.092270,5.333333,存活,100000,100.000000,百分比结合法,9
4,1,Leeza Gibbons,0.074757,7.475650,5.000000,存活,100000,100.000000,百分比结合法,10
4,1,Billy Ray Cyrus,0.066846,6.684602,4.333333,存活,100000,100.000000,百分比结合法,11
4,2,Laila Ali,0.116018,11.601829,9.000000,存活,12813,12.813000,百分比结合法,1
4,2,Apolo Anton Ohno,0.111486,11.148635,8.666667,存活,12813,12.813000,百分比结合法,2
4,2,Joey Fatone,0.105382,10.538241,8.000000,存活,12813,12.813000,百分比结合法,3
4,2,Shandi Finnessey,0.110034,11.003383,6.666667,存活,12813,12.813000,百分比结合法,4
4,2,Ian Ziering,0.097155,9.715461,7.333333,存活,12813,12.813000,百分比结合法,5
4,2,Heather Mills,0.082368,8.236844,8.000000,存活,12813,12.813000,百分比结合法,6
4,2,Billy Ray Cyrus,0.093117,9.311656,7.000000,存活,12813,12.813000,百分比结合法,7
4,2,John Ratzenberger,0.092900,9.290027,7.000000,存活,12813,12.813000,百分比结合法,8
4,2,Leeza Gibbons,0.089481,8.948093,7.000000,存活,12813,12.813000,百分比结合法,9
4,2,Clyde Drexler,0.099978,9.997845,6.000000,存活,12813,12.813000,百分比结合法,10
4,2,Paulina Porizkova,0.002080,0.207986,7.000000,淘汰,12813,12.813000,百分比结合法,11
4,3,Ian Ziering,0.118145,11.814498,8.000000,存活,10923,10.923000,百分比结合法,1
4,3,Joey Fatone,0.117147,11.714710,8.000000,存活,10923,10.923000,百分比结合法,2
4,3,Leeza Gibbons,0.112991,11.299142,8.000000,存活,10923,10.923000,百分比结合法,3
4,3,John Ratzenberger,0.125974,12.597406,6.666667,存活,10923,10.923000,百分比结合法,4
4,3,Apolo Anton Ohno,0.110268,11.026783,7.666667,存活,10923,10.923000,百分比结合法,5
4,3,Laila Ali,0.111042,11.104171,7.000000,存活,10923,10.923000,百分比结合法,6
4,3,Billy Ray Cyrus,0.110856,11.085572,7.000000,存活,10923,10.923000,百分比结合法,7
4,3,Heather Mills,0.092161,9.216147,8.000000,存活,10923,10.923000,百分比结合法,8
4,3,Clyde Drexler,0.098841,9.884060,5.333333,存活,10923,10.923000,百分比结合法,9
4,3,Shandi Finnessey,0.002575,0.257510,7.000000,淘汰,10923,10.923000,百分比结合法,10
4,4,Joey Fatone,0.158528,15.852816,9.333333,存活,15196,15.196000,百分比结合法,1
4,4,Apolo Anton Ohno,0.146016,14.601642,8.666667,存活,15196,15.196000,百分比结合法,2
4,4,Ian Ziering,0.138078,13.807771,8.000000,存活,15196,15.196000,百分比结合法,3
4,4,Billy Ray Cyrus,0.121433,12.143272,7.000000,存活,15196,15.196000,百分比结合法,4
4,4,Laila Ali,0.120308,12.030828,7.000000,存活,15196,15.196000,百分比结合法,5
4,4,Heather Mills,0.103716,10.371603,7.666667,存活,15196,15.196000,百分比结合法,6
4,4,Clyde Drexler,0.109901,10.990065,5.000000,存活,15196,15.196000,百分比结合法,7
4,4,John Ratzenberger,0.098059,9.805858,5.333333,存活,15196,15.196000,百分比结合法,8
4,4,Leeza Gibbons,0.003961,0.396144,5.333333,淘汰,15196,15.196000,百分比结合法,9
4,5,Apolo Anton Ohno,0.162500,16.250023,10.000000,存活,42115,42.115000,百分比结合法,1
4,5,Laila Ali,0.166098,16.609794,9.333333,存活,42115,42.115000,百分比结合法,2
4,5,Joey Fatone,0.154699,15.469876,8.333333,存活,42115,42.115000,百分比结合法,3
4,5,Ian Ziering,0.150253,15.025289,8.000000,存活,42115,42.115000,百分比结合法,4
4,5,Heather Mills,0.103273,10.327323,7.000000,存活,42115,42.115000,百分比结合法,5
4,5,John Ratzenberger,0.113495,11.349488,6.000000,存活,42115,42.115000,百分比结合法,6
4,5,Billy Ray Cyrus,0.106233,10.623325,5.666667,存活,42115,42.115000,百分比结合法,7
4,5,Clyde Drexler,0.043449,4.344882,4.333333,淘汰,42115,42.115000,百分比结合法,8
4,6,Laila Ali,0.173781,17.378078,9.333333,存活,12791,12.791000,百分比结合法,1
4,6,Apolo Anton Ohno,0.171930,17.192988,9.333333,存活,12791,12.791000,百分比结合法,2
4,6,Joey Fatone,0.168996,16.899606,9.000000,存活,12791,12.791000,百分比结合法,3
4,6,Billy Ray Cyrus,0.172546,17.254647,7.000000,存活,12791,12.791000,百分比结合法,4
4,6,Ian Ziering,0.152604,15.260397,8.000000,存活,12791,12.791000,百分比结合法,5
4,6,John Ratzenberger,0.157635,15.763458,6.333333,存活,12791,12.791000,百分比结合法,6
4,6,Heather Mills,0.002508,0.250827,7.666667,淘汰,12791,12.791000,百分比结合法,7
4,7,Joey Fatone,0.211904,21.190383,9.833333,存活,15914,15.914000,百分比结合法,1
4,7,Laila Ali,0.209114,20.911429,9.833333,存活,15914,15.914000,百分比结合法,2
4,7,Ian Ziering,0.198225,19.822453,9.000000,存活,15914,15.914000,百分比结合法,3
4,7,Apolo Anton Ohno,0.193942,19.394176,9.000000,存活,15914,15.914000,百分比结合法,4
4,7,Billy Ray Cyrus,0.182968,18.296766,6.333333,存活,15914,15.914000,百分比结合法,5
4,7,John Ratzenberger,0.003848,0.384793,7.500000,淘汰,15914,15.914000,百分比结合法,6
4,8,Apolo Anton Ohno,0.242881,24.288099,9.666667,存活,53026,53.026000,百分比结合法,1
4,8,Joey Fatone,0.234096,23.409579,9.166667,存活,53026,53.026000,百分比结合法,2
4,8,Laila Ali,0.224204,22.420358,8.833333,存活,53026,53.026000,百分比结合法,3
4,8,Ian Ziering,0.202415,20.241476,7.833333,存活,53026,53.026000,百分比结合法,4
4,8,Billy Ray Cyrus,0.096405,9.640488,6.333333,淘汰,53026,53.026000,百分比结合法,5
4,9,Joey Fatone,0.290054,29.005445,10.000000,存活,43778,43.778000,百分比结合法,1
4,9,Laila Ali,0.287818,28.781809,10.000000,存活,43778,43.778000,百分比结合法,2
4,9,Apolo Anton Ohno,0.286129,28.612866,9.833333,存活,43778,43.778000,百分比结合法,3
4,9,Ian Ziering,0.135999,13.599879,9.666667,淘汰,43778,43.778000,百分比结合法,4
4,10,Apolo Anton Ohno,0.337793,33.779326,9.777733,淘汰,100000,100.000000,百分比结合法,1
4,10,Joey Fatone,0.334013,33.401259,9.555500,淘汰,100000,100.000000,百分比结合法,2
4,10,Laila Ali,0.328194,32.819415,9.444400,淘汰,100000,100.000000,百分比结合法,3
5,1,Sabrina Bryan,0.115094,11.509387,8.666667,存活,26979,26.979000,百分比结合法,1
5,1,Helio Castroneves,0.086121,8.612091,8.333333,存活,26979,26.979000,百分比结合法,2
5,1,Jane Seymour,0.085920,8.591984,8.000000,存活,26979,26.979000,百分比结合法,3
5,1,Mel B,0.085353,8.535295,8.000000,存活,26979,26.979000,百分比结合法,4
5,1,Jennie Garth,0.093740,9.373961,7.000000,存活,26979,26.979000,百分比结合法,5
5,1,Marie Osmond,0.093123,9.312273,7.000000,存活,26979,26.979000,百分比结合法,6
5,1,Albert Reed,0.091667,9.166672,7.000000,存活,26979,26.979000,百分比结合法,7
5,1,Mark Cuban,0.090262,9.026216,7.000000,存活,26979,26.979000,百分比结合法,8
5,1,Wayne Newton,0.084547,8.454702,6.333333,存活,26979,26.979000,百分比结合法,9
5,1,Cameron Mathison,0.075512,7.551154,7.000000,存活,26979,26.979000,百分比结合法,10
5,1,Floyd Mayweather Jr. ,0.079260,7.926027,6.000000,存活,26979,26.979000,百分比结合法,11
5,1,Josie Maran,0.019402,1.940239,5.333333,淘汰,26979,26.979000,百分比结合法,12
5,2,Sabrina Bryan,0.118618,11.861838,8.666667,存活,7223,7.223000,百分比结合法,1
5,2,Marie Osmond,0.108711,10.871101,8.000000,存活,7223,7.223000,百分比结合法,2
5,2,Helio Castroneves,0.095040,9.503996,9.000000,存活,7223,7.223000,百分比结合法,3
5,2,Floyd Mayweather Jr. ,0.104251,10.425079,7.000000,存活,7223,7.223000,百分比结合法,4
5,2,Jennie Garth,0.102028,10.202758,7.000000,存活,7223,7.223000,百分比结合法,5
5,2,Cameron Mathison,0.098448,9.844750,7.000000,存活,7223,7.223000,百分比结合法,6
5,2,Jane Seymour,0.098447,9.844658,7.000000,存活,7223,7.223000,百分比结合法,7
5,2,Mel B,0.083490,8.348984,7.666667,存活,7223,7.223000,百分比结合法,8
5,2,Mark Cuban,0.101466,10.146645,6.000000,存活,7223,7.223000,百分比结合法,9
5,2,Wayne Newton,0.087104,8.710410,5.000000,存活,7223,7.223000,百分比结合法,10
5,2,Albert Reed,0.002398,0.239781,7.000000,淘汰,7223,7.223000,百分比结合法,11
5,3,Sabrina Bryan,0.131484,13.148433,9.000000,存活,30681,30.681000,百分比结合法,1
5,3,Jennie Garth,0.126796,12.679628,8.666667,存活,30681,30.681000,百分比结合法,2
5,3,Marie Osmond,0.124508,12.450757,8.666667,存活,30681,30.681000,百分比结合法,3
5,3,Jane Seymour,0.106096,10.609559,9.000000,存活,30681,30.681000,百分比结合法,4
5,3,Mel B,0.104363,10.436333,9.000000,存活,30681,30.681000,百分比结合法,5
5,3,Helio Castroneves,0.090322,9.032177,8.000000,存活,30681,30.681000,百分比结合法,6
5,3,Floyd Mayweather Jr. ,0.100940,10.094044,7.000000,存活,30681,30.681000,百分比结合法,7
5,3,Cameron Mathison,0.090313,9.031328,7.666667,存活,30681,30.681000,百分比结合法,8
5,3,Mark Cuban,0.094218,9.421798,6.666667,存活,30681,30.681000,百分比结合法,9
5,3,Wayne Newton,0.030959,3.095942,6.000000,淘汰,30681,30.681000,百分比结合法,10
5,4,Sabrina Bryan,0.152755,15.275479,10.000000,存活,16106,16.106000,百分比结合法,1
5,4,Jennie Garth,0.138380,13.838038,9.000000,存活,16106,16.106000,百分比结合法,2
5,4,Marie Osmond,0.132099,13.209947,8.666667,存活,16106,16.106000,百分比结合法,3
5,4,Mark Cuban,0.140408,14.040766,7.333333,存活,16106,16.106000,百分比结合法,4
5,4,Cameron Mathison,0.111161,11.116130,9.000000,存活,16106,16.106000,百分比结合法,5
5,4,Helio Castroneves,0.108186,10.818625,9.000000,存活,16106,16.106000,百分比结合法,6
5,4,Jane Seymour,0.107929,10.792870,8.666667,存活,16106,16.106000,百分比结合法,7
5,4,Mel B,0.106567,10.656706,8.666667,存活,16106,16.106000,百分比结合法,8
5,4,Floyd Mayweather Jr. ,0.002514,0.251438,7.666667,淘汰,16106,16.106000,百分比结合法,9
5,5,Sabrina Bryan,0.173165,17.316465,9.333333,存活,22072,22.072000,百分比结合法,1
5,5,Mel B,0.143089,14.308920,9.666667,存活,22072,22.072000,百分比结合法,2
5,5,Jennie Garth,0.154431,15.443052,8.333333,存活,22072,22.072000,百分比结合法,3
5,5,Cameron Mathison,0.131218,13.121810,8.666667,存活,22072,22.072000,百分比结合法,4
5,5,Jane Seymour,0.130252,13.025242,8.666667,存活,22072,22.072000,百分比结合法,5
5,5,Marie Osmond,0.137195,13.719485,7.000000,存活,22072,22.072000,百分比结合法,6
5,5,Helio Castroneves,0.112087,11.208717,7.666667,存活,22072,22.072000,百分比结合法,7
5,5,Mark Cuban,0.018563,1.856308,7.000000,淘汰,22072,22.072000,百分比结合法,8
5,6,Jennie Garth,0.177626,17.762561,9.000000,存活,10405,10.405000,百分比结合法,1
5,6,Marie Osmond,0.196012,19.601185,7.666667,存活,10405,10.405000,百分比结合法,2
5,6,Mel B,0.156858,15.685782,10.000000,存活,10405,10.405000,百分比结合法,3
5,6,Cameron Mathison,0.172026,17.202636,8.333333,存活,10405,10.405000,百分比结合法,4
5,6,Helio Castroneves,0.143071,14.307146,9.333333,存活,10405,10.405000,百分比结合法,5
5,6,Jane Seymour,0.151348,15.134816,7.333333,存活,10405,10.405000,百分比结合法,6
5,6,Sabrina Bryan,0.003059,0.305875,8.333333,淘汰,10405,10.405000,百分比结合法,7
5,7,Jennie Garth,0.213574,21.357391,8.833333,存活,39235,39.235000,百分比结合法,1
5,7,Marie Osmond,0.208322,20.832188,8.666667,存活,39235,39.235000,百分比结合法,2
5,7,Mel B,0.174246,17.424552,9.000000,存活,39235,39.235000,百分比结合法,3
5,7,Helio Castroneves,0.164118,16.411816,8.666667,存活,39235,39.235000,百分比结合法,4
5,7,Cameron Mathison,0.165746,16.574557,8.500000,存活,39235,39.235000,百分比结合法,5
5,7,Jane Seymour,0.073995,7.399496,8.333333,淘汰,39235,39.235000,百分比结合法,6
5,8,Jennie Garth,0.242982,24.298202,8.333333,存活,45761,45.761000,百分比结合法,1
5,8,Marie Osmond,0.235943,23.594298,8.166667,存活,45761,45.761000,百分比结合法,2
5,8,Helio Castroneves,0.194635,19.463464,9.500000,存活,45761,45.761000,百分比结合法,3
5,8,Mel B,0.196752,19.675161,9.333333,存活,45761,45.761000,百分比结合法,4
5,8,Cameron Mathison,0.129689,12.968875,8.500000,淘汰,45761,45.761000,百分比结合法,5
5,9,Marie Osmond,0.448319,44.831890,9.333333,存活,15999,15.999000,百分比结合法,1
5,9,Mel B,0.277556,27.755565,10.000000,存活,15999,15.999000,百分比结合法,2
5,9,Helio Castroneves,0.269157,26.915670,10.000000,存活,15999,15.999000,百分比结合法,3
5,9,Jennie Garth,0.004969,0.496875,9.666667,淘汰,15999,15.999000,百分比结合法,4
5,10,Mel B,0.334839,33.483890,9.444400,淘汰,100000,100.000000,百分比结合法,1
5,10,Helio Castroneves,0.324480,32.448016,9.333300,淘汰,100000,100.000000,百分比结合法,2
5,10,Marie Osmond,0.340681,34.068093,7.666667,淘汰,100000,100.000000,百分比结合法,3
6,1,Kristi Yamaguchi,0.112253,11.225254,9.000000,存活,100000,100.000000,百分比结合法,1
6,1,Priscilla Presley,0.102155,10.215517,8.000000,存活,100000,100.000000,百分比结合法,2
6,1,Mario,0.101326,10.132646,8.000000,存活,100000,100.000000,百分比结合法,3
6,1,Marlee Matlin,0.094495,9.449516,7.333333,存活,100000,100.000000,百分比结合法,4
6,1,Jason Taylor,0.092411,9.241063,7.333333,存活,100000,100.000000,百分比结合法,5
6,1,Shannon Elizabeth,0.090098,9.009794,7.000000,存活,100000,100.000000,百分比结合法,6
6,1,Cristian de la Fuente,0.072650,7.264969,7.000000,存活,100000,100.000000,百分比结合法,7
6,1,Steve Guttenberg,0.077794,7.779370,6.000000,存活,100000,100.000000,百分比结合法,8
6,1,Marissa Jaret Winokur,0.077743,7.774301,6.000000,存活,100000,100.000000,百分比结合法,9
6,1,Penn Jillette,0.065467,6.546745,5.333333,存活,100000,100.000000,百分比结合法,10
6,1,Adam Carolla,0.062194,6.219443,5.000000,存活,100000,100.000000,百分比结合法,11
6,1,Monica Seles,0.051414,5.141382,5.000000,存活,100000,100.000000,百分比结合法,12
6,2,Kristi Yamaguchi,0.110887,11.088728,9.000000,存活,40114,40.114000,百分比结合法,1
6,2,Jason Taylor,0.110568,11.056759,9.000000,存活,40114,40.114000,百分比结合法,2
6,2,Mario,0.107040,10.704046,8.666667,存活,40114,40.114000,百分比结合法,3
6,2,Marlee Matlin,0.100457,10.045671,8.000000,存活,40114,40.114000,百分比结合法,4
6,2,Shannon Elizabeth,0.100415,10.041524,8.000000,存活,40114,40.114000,百分比结合法,5
6,2,Priscilla Presley,0.088378,8.837844,7.000000,存活,40114,40.114000,百分比结合法,6
6,2,Marissa Jaret Winokur,0.088339,8.833899,7.000000,存活,40114,40.114000,百分比结合法,7
6,2,Adam Carolla,0.076309,7.630899,6.333333,存活,40114,40.114000,百分比结合法,8
6,2,Cristian de la Fuente,0.067692,6.769163,6.666667,存活,40114,40.114000,百分比结合法,9
6,2,Steve Guttenberg,0.073364,7.336388,5.333333,存活,40114,40.114000,百分比结合法,10
6,2,Penn Jillette,0.046924,4.692356,5.666667,淘汰,40114,40.114000,百分比结合法,11
6,2,Monica Seles,0.029627,2.962723,5.000000,淘汰,40114,40.114000,百分比结合法,12
6,3,Kristi Yamaguchi,0.122998,12.299802,9.000000,存活,10672,10.672000,百分比结合法,1
6,3,Priscilla Presley,0.120066,12.006645,8.666667,存活,10672,10.672000,百分比结合法,2
6,3,Shannon Elizabeth,0.110150,11.014961,8.000000,存活,10672,10.672000,百分比结合法,3
6,3,Adam Carolla,0.114365,11.436488,7.000000,存活,10672,10.672000,百分比结合法,4
6,3,Jason Taylor,0.105237,10.523728,7.666667,存活,10672,10.672000,百分比结合法,5
6,3,Cristian de la Fuente,0.092705,9.270494,8.333333,存活,10672,10.672000,百分比结合法,6
6,3,Mario,0.110133,11.013311,7.000000,存活,10672,10.672000,百分比结合法,7
6,3,Marlee Matlin,0.109149,10.914893,7.000000,存活,10672,10.672000,百分比结合法,8
6,3,Marissa Jaret Winokur,0.112703,11.270327,6.333333,存活,10672,10.672000,百分比结合法,9
6,3,Steve Guttenberg,0.002494,0.249353,7.000000,淘汰,10672,10.672000,百分比结合法,10
6,4,Jason Taylor,0.137462,13.746197,9.666667,存活,33323,33.323000,百分比结合法,1
6,4,Kristi Yamaguchi,0.136780,13.677998,9.666667,存活,33323,33.323000,百分比结合法,2
6,4,Shannon Elizabeth,0.135976,13.597594,9.333333,存活,33323,33.323000,百分比结合法,3
6,4,Marissa Jaret Winokur,0.115955,11.595516,8.000000,存活,33323,33.323000,百分比结合法,4
6,4,Marlee Matlin,0.115742,11.574242,8.000000,存活,33323,33.323000,百分比结合法,5
6,4,Mario,0.114792,11.479186,8.000000,存活,33323,33.323000,百分比结合法,6
6,4,Cristian de la Fuente,0.101250,10.125029,8.666667,存活,33323,33.323000,百分比结合法,7
6,4,Priscilla Presley,0.106493,10.649280,7.333333,存活,33323,33.323000,百分比结合法,8
6,4,Adam Carolla,0.035550,3.554958,6.333333,淘汰,33323,33.323000,百分比结合法,9
6,5,Kristi Yamaguchi,0.162747,16.274704,9.666667,存活,23511,23.511000,百分比结合法,1
6,5,Mario,0.154248,15.424758,9.000000,存活,23511,23.511000,百分比结合法,2
6,5,Jason Taylor,0.153121,15.312089,9.000000,存活,23511,23.511000,百分比结合法,3
6,5,Marissa Jaret Winokur,0.139822,13.982237,8.000000,存活,23511,23.511000,百分比结合法,4
6,5,Shannon Elizabeth,0.133632,13.363152,7.666667,存活,23511,23.511000,百分比结合法,5
6,5,Marlee Matlin,0.128201,12.820115,7.333333,存活,23511,23.511000,百分比结合法,6
6,5,Cristian de la Fuente,0.108507,10.850744,7.666667,存活,23511,23.511000,百分比结合法,7
6,5,Priscilla Presley,0.019722,1.972200,7.000000,淘汰,23511,23.511000,百分比结合法,8
6,6,Kristi Yamaguchi,0.180255,18.025453,10.000000,存活,41123,41.123000,百分比结合法,1
6,6,Mario,0.169890,16.988961,9.333333,存活,41123,41.123000,百分比结合法,2
6,6,Marissa Jaret Winokur,0.160264,16.026399,8.666667,存活,41123,41.123000,百分比结合法,3
6,6,Cristian de la Fuente,0.133753,13.375331,9.000000,存活,41123,41.123000,百分比结合法,4
6,6,Shannon Elizabeth,0.148085,14.808501,8.000000,存活,41123,41.123000,百分比结合法,5
6,6,Jason Taylor,0.144214,14.421407,8.000000,存活,41123,41.123000,百分比结合法,6
6,6,Marlee Matlin,0.063539,6.353947,7.000000,淘汰,41123,41.123000,百分比结合法,7
6,7,Mario,0.221484,22.148417,8.500000,存活,14327,14.327000,百分比结合法,1
6,7,Jason Taylor,0.199781,19.978131,9.166667,存活,14327,14.327000,百分比结合法,2
6,7,Kristi Yamaguchi,0.199193,19.919255,9.000000,存活,14327,14.327000,百分比结合法,3
6,7,Marissa Jaret Winokur,0.193432,19.343193,8.666667,存活,14327,14.327000,百分比结合法,4
6,7,Cristian de la Fuente,0.182657,18.265660,7.666667,存活,14327,14.327000,百分比结合法,5
6,7,Shannon Elizabeth,0.003453,0.345343,8.500000,淘汰,14327,14.327000,百分比结合法,6
6,8,Jason Taylor,0.288812,28.881163,8.666667,存活,12647,12.647000,百分比结合法,1
6,8,Marissa Jaret Winokur,0.283111,28.311075,8.333333,存活,12647,12.647000,百分比结合法,2
6,8,Kristi Yamaguchi,0.228831,22.883150,9.166667,存活,12647,12.647000,百分比结合法,3
6,8,Cristian de la Fuente,0.195477,19.547726,9.500000,存活,12647,12.647000,百分比结合法,4
6,8,Mario,0.003769,0.376886,8.833333,淘汰,12647,12.647000,百分比结合法,5
6,9,Kristi Yamaguchi,0.347181,34.718118,9.500000,存活,21676,21.676000,百分比结合法,1
6,9,Jason Taylor,0.337969,33.796928,9.166667,存活,21676,21.676000,百分比结合法,2
6,9,Cristian de la Fuente,0.289884,28.988357,9.333333,存活,21676,21.676000,百分比结合法,3
6,9,Marissa Jaret Winokur,0.024966,2.496598,8.666667,淘汰,21676,21.676000,百分比结合法,4
6,10,Kristi Yamaguchi,0.367507,36.750692,10.000000,淘汰,100000,100.000000,百分比结合法,1
6,10,Jason Taylor,0.354003,35.400308,9.500000,淘汰,100000,100.000000,百分比结合法,2
6,10,Cristian de la Fuente,0.278490,27.849000,8.666667,淘汰,100000,100.000000,百分比结合法,3
7,1,Brooke Burke,0.095475,9.547536,8.166667,存活,33836,33.836000,百分比结合法,1
7,1,Toni Braxton,0.092123,9.212263,7.500000,存活,33836,33.836000,百分比结合法,2
7,1,Lance Bass,0.088017,8.801665,7.166667,存活,33836,33.836000,百分比结合法,3
7,1,Warren Sapp,0.087497,8.749746,7.166667,存活,33836,33.836000,百分比结合法,4
7,1,Misty May-Treanor,0.085463,8.546328,7.000000,存活,33836,33.836000,百分比结合法,5
7,1,Cody Linley,0.084979,8.497909,6.833333,存活,33836,33.836000,百分比结合法,6
7,1,Maurice Greene,0.079520,7.952001,6.500000,存活,33836,33.836000,百分比结合法,7
7,1,Susan Lucci,0.079075,7.907525,6.166667,存活,33836,33.836000,百分比结合法,8
7,1,Kim Kardashian,0.077456,7.745558,6.166667,存活,33836,33.836000,百分比结合法,9
7,1,Rocco DiSpirito,0.074690,7.468982,5.833333,存活,33836,33.836000,百分比结合法,10
7,1,Cloris Leachman,0.070810,7.081033,5.333333,存活,33836,33.836000,百分比结合法,11
7,1,Ted McGinley,0.060522,6.052239,6.166667,淘汰,33836,33.836000,百分比结合法,12
7,1,Jeffrey Ross,0.024372,2.437214,4.000000,淘汰,33836,33.836000,百分比结合法,13
7,2,Warren Sapp,0.108998,10.899822,8.000000,存活,18630,18.630000,百分比结合法,1
7,2,Brooke Burke,0.107719,10.771937,8.000000,存活,18630,18.630000,百分比结合法,2
7,2,Toni Braxton,0.106323,10.632271,7.666667,存活,18630,18.630000,百分比结合法,3
7,2,Susan Lucci,0.100709,10.070873,7.000000,存活,18630,18.630000,百分比结合法,4
7,2,Cody Linley,0.100026,10.002604,7.000000,存活,18630,18.630000,百分比结合法,5
7,2,Lance Bass,0.099856,9.985606,6.666667,存活,18630,18.630000,百分比结合法,6
7,2,Maurice Greene,0.094784,9.478359,6.333333,存活,18630,18.630000,百分比结合法,7
7,2,Rocco DiSpirito,0.092206,9.220612,5.333333,存活,18630,18.630000,百分比结合法,8
7,2,Misty May-Treanor,0.068172,6.817204,7.000000,淘汰,18630,18.630000,百分比结合法,9
7,2,Cloris Leachman,0.089861,8.986148,5.000000,存活,18630,18.630000,百分比结合法,10
7,2,Kim Kardashian,0.031346,3.134564,5.666667,淘汰,18630,18.630000,百分比结合法,11
7,3,Brooke Burke,0.136247,13.624742,9.333333,存活,100000,100.000000,百分比结合法,1
7,3,Warren Sapp,0.124678,12.467812,8.333333,存活,100000,100.000000,百分比结合法,2
7,3,Maurice Greene,0.119619,11.961859,8.000000,存活,100000,100.000000,百分比结合法,3
7,3,Toni Braxton,0.111357,11.135743,7.333333,存活,100000,100.000000,百分比结合法,4
7,3,Lance Bass,0.111095,11.109535,7.333333,存活,100000,100.000000,百分比结合法,5
7,3,Cody Linley,0.107641,10.764094,7.000000,存活,100000,100.000000,百分比结合法,6
7,3,Susan Lucci,0.107490,10.749029,7.000000,存活,100000,100.000000,百分比结合法,7
7,3,Rocco DiSpirito,0.099139,9.913866,6.666667,存活,100000,100.000000,百分比结合法,8
7,3,Cloris Leachman,0.082733,8.273320,5.333333,存活,100000,100.000000,百分比结合法,9
7,4,Lance Bass,0.135349,13.534885,8.666667,存活,33649,33.649000,百分比结合法,1
7,4,Brooke Burke,0.131630,13.162956,8.666667,存活,33649,33.649000,百分比结合法,2
7,4,Susan Lucci,0.126228,12.622848,8.000000,存活,33649,33.649000,百分比结合法,3
7,4,Cody Linley,0.121048,12.104782,7.666667,存活,33649,33.649000,百分比结合法,4
7,4,Cloris Leachman,0.115612,11.561222,7.333333,存活,33649,33.649000,百分比结合法,5
7,4,Toni Braxton,0.115525,11.552521,7.333333,存活,33649,33.649000,百分比结合法,6
7,4,Warren Sapp,0.114106,11.410566,7.333333,存活,33649,33.649000,百分比结合法,7
7,4,Maurice Greene,0.104017,10.401706,6.666667,存活,33649,33.649000,百分比结合法,8
7,4,Rocco DiSpirito,0.036485,3.648514,6.000000,淘汰,33649,33.649000,百分比结合法,9
7,5,Brooke Burke,0.149624,14.962415,9.666667,存活,11690,11.690000,百分比结合法,1
7,5,Cody Linley,0.150687,15.068725,9.333333,存活,11690,11.690000,百分比结合法,2
7,5,Maurice Greene,0.142064,14.206351,9.000000,存活,11690,11.690000,百分比结合法,3
7,5,Warren Sapp,0.132261,13.226079,8.333333,存活,11690,11.690000,百分比结合法,4
7,5,Cloris Leachman,0.146539,14.653916,7.000000,存活,11690,11.690000,百分比结合法,5
7,5,Lance Bass,0.145157,14.515738,7.000000,存活,11690,11.690000,百分比结合法,6
7,5,Susan Lucci,0.130803,13.080310,7.333333,存活,11690,11.690000,百分比结合法,7
7,5,Toni Braxton,0.002865,0.286466,7.333333,淘汰,11690,11.690000,百分比结合法,8
7,6,Lance Bass,0.176958,17.695750,9.000000,存活,40901,40.901000,百分比结合法,1
7,6,Brooke Burke,0.165436,16.543642,8.666667,存活,40901,40.901000,百分比结合法,2
7,6,Warren Sapp,0.162851,16.285103,8.333333,存活,40901,40.901000,百分比结合法,3
7,6,Cody Linley,0.153173,15.317340,7.666667,存活,40901,40.901000,百分比结合法,4
7,6,Susan Lucci,0.152916,15.291569,7.666667,存活,40901,40.901000,百分比结合法,5
7,6,Maurice Greene,0.137290,13.729023,7.000000,存活,40901,40.901000,百分比结合法,6
7,6,Cloris Leachman,0.051376,5.137572,5.000000,淘汰,40901,40.901000,百分比结合法,7
7,7,Brooke Burke,0.211703,21.170280,10.000000,存活,12705,12.705000,百分比结合法,1
7,7,Cody Linley,0.216233,21.623292,7.333333,存活,12705,12.705000,百分比结合法,2
7,7,Lance Bass,0.185097,18.509662,8.333333,存活,12705,12.705000,百分比结合法,3
7,7,Maurice Greene,0.180868,18.086841,8.333333,存活,12705,12.705000,百分比结合法,4
7,7,Warren Sapp,0.202433,20.243345,7.000000,存活,12705,12.705000,百分比结合法,5
7,7,Susan Lucci,0.003666,0.366580,8.000000,淘汰,12705,12.705000,百分比结合法,6
7,8,Brooke Burke,0.229136,22.913643,9.166667,存活,40636,40.636000,百分比结合法,1
7,8,Warren Sapp,0.230722,23.072237,9.000000,存活,40636,40.636000,百分比结合法,2
7,8,Lance Bass,0.216856,21.685571,8.333333,存活,40636,40.636000,百分比结合法,3
7,8,Cody Linley,0.220066,22.006616,8.000000,存活,40636,40.636000,百分比结合法,4
7,8,Maurice Greene,0.103219,10.321933,8.000000,淘汰,40636,40.636000,百分比结合法,5
7,9,Lance Bass,0.310687,31.068693,9.500000,存活,60743,60.743000,百分比结合法,1
7,9,Warren Sapp,0.267012,26.701175,8.166667,存活,60743,60.743000,百分比结合法,2
7,9,Brooke Burke,0.262877,26.287684,8.166667,存活,60743,60.743000,百分比结合法,3
7,9,Cody Linley,0.159424,15.942448,7.666667,淘汰,60743,60.743000,百分比结合法,4
7,10,Brooke Burke,0.344684,34.468414,10.000000,淘汰,100000,100.000000,百分比结合法,1
7,10,Lance Bass,0.328594,32.859356,9.166667,淘汰,100000,100.000000,百分比结合法,2
7,10,Warren Sapp,0.326722,32.672229,9.166667,淘汰,100000,100.000000,百分比结合法,3
8,1,Shawn Johnson,0.096974,9.697398,7.666667,存活,100000,100.000000,百分比结合法,1
8,1,Melissa Rycroft,0.095171,9.517060,7.666667,存活,100000,100.000000,百分比结合法,2
8,1,Gilles Marini,0.082964,8.296400,8.000000,存活,100000,100.000000,百分比结合法,3
8,1,Lil' Kim,0.089831,8.983109,7.000000,存活,100000,100.000000,百分比结合法,4
8,1,Chuck Wicks,0.085644,8.564443,6.666667,存活,100000,100.000000,百分比结合法,5
8,1,David Alan Grier,0.082303,8.230310,6.333333,存活,100000,100.000000,百分比结合法,6
8,1,Denise Richards,0.078190,7.819036,6.000000,存活,100000,100.000000,百分比结合法,7
8,1,Holly Madison,0.075197,7.519730,6.000000,存活,100000,100.000000,百分比结合法,8
8,1,Belinda Carlisle,0.073156,7.315553,5.666667,存活,100000,100.000000,百分比结合法,9
8,1,Lawrence Taylor,0.068559,6.855879,5.333333,存活,100000,100.000000,百分比结合法,10
8,1,Steve-O,0.057249,5.724905,5.666667,存活,100000,100.000000,百分比结合法,11
8,1,Ty Murray,0.060285,6.028453,4.666667,存活,100000,100.000000,百分比结合法,12
8,1,Steve Wozniak,0.054477,5.447724,4.333333,存活,100000,100.000000,百分比结合法,13
8,2,Melissa Rycroft,0.100560,10.055967,8.666667,存活,8626,8.626000,百分比结合法,1
8,2,Gilles Marini,0.085634,8.563441,9.000000,存活,8626,8.626000,百分比结合法,2
8,2,Shawn Johnson,0.092986,9.298625,8.000000,存活,8626,8.626000,百分比结合法,3
8,2,Lil' Kim,0.091323,9.132254,7.666667,存活,8626,8.626000,百分比结合法,4
8,2,Denise Richards,0.083497,8.349709,7.000000,存活,8626,8.626000,百分比结合法,5
8,2,Chuck Wicks,0.079231,7.923077,6.666667,存活,8626,8.626000,百分比结合法,6
8,2,Lawrence Taylor,0.078997,7.899703,6.666667,存活,8626,8.626000,百分比结合法,7
8,2,Ty Murray,0.078966,7.896570,6.666667,存活,8626,8.626000,百分比结合法,8
8,2,David Alan Grier,0.086512,8.651231,5.666667,存活,8626,8.626000,百分比结合法,9
8,2,Holly Madison,0.082596,8.259565,6.000000,存活,8626,8.626000,百分比结合法,10
8,2,Steve Wozniak,0.082414,8.241427,5.666667,存活,8626,8.626000,百分比结合法,11
8,2,Steve-O,0.054810,5.481007,4.666667,存活,8626,8.626000,百分比结合法,12
8,2,Belinda Carlisle,0.002474,0.247425,6.000000,淘汰,8626,8.626000,百分比结合法,13
8,3,Shawn Johnson,0.114172,11.417230,9.000000,存活,12970,12.970000,百分比结合法,1
8,3,Melissa Rycroft,0.111318,11.131827,9.000000,存活,12970,12.970000,百分比结合法,2
8,3,Lil' Kim,0.106408,10.640831,8.333333,存活,12970,12.970000,百分比结合法,3
8,3,Gilles Marini,0.093345,9.334507,9.000000,存活,12970,12.970000,百分比结合法,4
8,3,David Alan Grier,0.103658,10.365784,8.000000,存活,12970,12.970000,百分比结合法,5
8,3,Chuck Wicks,0.098660,9.865985,7.666667,存活,12970,12.970000,百分比结合法,6
8,3,Ty Murray,0.097175,9.717482,7.666667,存活,12970,12.970000,百分比结合法,7
8,3,Lawrence Taylor,0.084533,8.453280,6.666667,存活,12970,12.970000,百分比结合法,8
8,3,Holly Madison,0.070970,7.097036,5.666667,存活,12970,12.970000,百分比结合法,9
8,3,Steve-O,0.063950,6.395021,5.000000,存活,12970,12.970000,百分比结合法,10
8,3,Steve Wozniak,0.052751,5.275127,3.333333,存活,12970,12.970000,百分比结合法,11
8,3,Denise Richards,0.003059,0.305890,5.333333,淘汰,12970,12.970000,百分比结合法,12
8,4,Melissa Rycroft,0.120066,12.006597,9.666667,存活,50660,50.660000,百分比结合法,1
8,4,Gilles Marini,0.103764,10.376419,10.000000,存活,50660,50.660000,百分比结合法,2
8,4,Lil' Kim,0.116074,11.607389,9.000000,存活,50660,50.660000,百分比结合法,3
8,4,Ty Murray,0.111112,11.111170,8.333333,存活,50660,50.660000,百分比结合法,4
8,4,Shawn Johnson,0.110294,11.029408,8.333333,存活,50660,50.660000,百分比结合法,5
8,4,David Alan Grier,0.101682,10.168222,7.333333,存活,50660,50.660000,百分比结合法,6
8,4,Chuck Wicks,0.100898,10.089755,7.333333,存活,50660,50.660000,百分比结合法,7
8,4,Lawrence Taylor,0.086647,8.664671,6.333333,存活,50660,50.660000,百分比结合法,8
8,4,Holly Madison,0.054663,5.466253,5.333333,淘汰,50660,50.660000,百分比结合法,9
8,4,Steve-O,0.057648,5.764786,5.000000,存活,50660,50.660000,百分比结合法,10
8,4,Steve Wozniak,0.037153,3.715330,4.000000,淘汰,50660,50.660000,百分比结合法,11
8,5,Gilles Marini,0.121327,12.132682,9.666667,存活,10282,10.282000,百分比结合法,1
8,5,Shawn Johnson,0.132503,13.250334,8.666667,存活,10282,10.282000,百分比结合法,2
8,5,Lil' Kim,0.132496,13.249573,8.666667,存活,10282,10.282000,百分比结合法,3
8,5,Melissa Rycroft,0.125993,12.599274,8.333333,存活,10282,10.282000,百分比结合法,4
8,5,Ty Murray,0.139106,13.910604,7.000000,存活,10282,10.282000,百分比结合法,5
8,5,Chuck Wicks,0.119920,11.992003,7.666667,存活,10282,10.282000,百分比结合法,6
8,5,Lawrence Taylor,0.132418,13.241809,6.666667,存活,10282,10.282000,百分比结合法,7
8,5,Steve-O,0.093512,9.351178,6.000000,存活,10282,10.282000,百分比结合法,8
8,5,David Alan Grier,0.002725,0.272545,7.333333,淘汰,10282,10.282000,百分比结合法,9
8,6,Lil' Kim,0.163554,16.355400,9.333333,存活,36745,36.745000,百分比结合法,1
8,6,Melissa Rycroft,0.154603,15.460307,9.000000,存活,36745,36.745000,百分比结合法,2
8,6,Shawn Johnson,0.151572,15.157155,8.666667,存活,36745,36.745000,百分比结合法,3
8,6,Gilles Marini,0.124477,12.447669,8.666667,存活,36745,36.745000,百分比结合法,4
8,6,Chuck Wicks,0.136438,13.643798,7.666667,存活,36745,36.745000,百分比结合法,5
8,6,Lawrence Taylor,0.129004,12.900431,7.333333,存活,36745,36.745000,百分比结合法,6
8,6,Ty Murray,0.106112,10.611227,6.000000,存活,36745,36.745000,百分比结合法,7
8,6,Steve-O,0.034240,3.424011,5.333333,淘汰,36745,36.745000,百分比结合法,8
8,7,Melissa Rycroft,0.170865,17.086456,9.666667,存活,41392,41.392000,百分比结合法,1
8,7,Shawn Johnson,0.168116,16.811592,9.333333,存活,41392,41.392000,百分比结合法,2
8,7,Chuck Wicks,0.163026,16.302632,9.000000,存活,41392,41.392000,百分比结合法,3
8,7,Lil' Kim,0.157612,15.761155,8.666667,存活,41392,41.392000,百分比结合法,4
8,7,Gilles Marini,0.133157,13.315695,9.000000,存活,41392,41.392000,百分比结合法,5
8,7,Ty Murray,0.144959,14.495888,8.000000,存活,41392,41.392000,百分比结合法,6
8,7,Lawrence Taylor,0.062266,6.226581,7.000000,淘汰,41392,41.392000,百分比结合法,7
8,8,Lil' Kim,0.209427,20.942662,9.333333,存活,15943,15.943000,百分比结合法,1
8,8,Melissa Rycroft,0.225809,22.580863,7.666667,存活,15943,15.943000,百分比结合法,2
8,8,Shawn Johnson,0.195821,19.582067,8.666667,存活,15943,15.943000,百分比结合法,3
8,8,Ty Murray,0.194837,19.483698,8.666667,存活,15943,15.943000,百分比结合法,4
8,8,Gilles Marini,0.170579,17.057910,9.166667,存活,15943,15.943000,百分比结合法,5
8,8,Chuck Wicks,0.003528,0.352800,8.500000,淘汰,15943,15.943000,百分比结合法,6
8,9,Melissa Rycroft,0.249770,24.976973,9.500000,存活,15927,15.927000,百分比结合法,1
8,9,Shawn Johnson,0.253216,25.321625,9.333333,存活,15927,15.927000,百分比结合法,2
8,9,Ty Murray,0.283758,28.375804,7.666667,存活,15927,15.927000,百分比结合法,3
8,9,Gilles Marini,0.208992,20.899154,9.333333,存活,15927,15.927000,百分比结合法,4
8,9,Lil' Kim,0.004264,0.426444,8.666667,淘汰,15927,15.927000,百分比结合法,5
8,10,Shawn Johnson,0.295482,29.548180,9.333333,存活,60863,60.863000,百分比结合法,1
8,10,Melissa Rycroft,0.286199,28.619892,9.166667,存活,60863,60.863000,百分比结合法,2
8,10,Gilles Marini,0.260118,26.011795,10.000000,存活,60863,60.863000,百分比结合法,3
8,10,Ty Murray,0.158201,15.820133,8.000000,淘汰,60863,60.863000,百分比结合法,4
8,11,Shawn Johnson,0.361475,36.147484,10.000000,淘汰,100000,100.000000,百分比结合法,1
8,11,Melissa Rycroft,0.341707,34.170667,9.500000,淘汰,100000,100.000000,百分比结合法,2
8,11,Gilles Marini,0.296818,29.681849,9.666667,淘汰,100000,100.000000,百分比结合法,3
9,1,Aaron Carter,0.084426,8.442606,10.666633,存活,33138,33.138000,百分比结合法,1
9,1,Mya,0.082032,8.203177,10.333300,存活,33138,33.138000,百分比结合法,2
9,1,Joanna Krupa,0.070788,7.078771,11.333300,存活,33138,33.138000,百分比结合法,3
9,1,Donny Osmond,0.079257,7.925707,9.999967,存活,33138,33.138000,百分比结合法,4
9,1,Mark Dacascos,0.076945,7.694484,9.666600,存活,33138,33.138000,百分比结合法,5
9,1,Kelly Osbourne,0.063790,6.378964,10.333267,存活,33138,33.138000,百分比结合法,6
9,1,Natalie Coughlin,0.071138,7.113807,8.999933,存活,33138,33.138000,百分比结合法,7
9,1,Louie Vito,0.070779,7.077943,8.999933,存活,33138,33.138000,百分比结合法,8
9,1,Melissa Joan Hart,0.064286,6.428551,8.000000,存活,33138,33.138000,百分比结合法,9
9,1,Debi Mazar,0.058965,5.896476,7.333333,存活,33138,33.138000,百分比结合法,10
9,1,Chuck Liddell,0.057777,5.777678,7.333333,存活,33138,33.138000,百分比结合法,11
9,1,Michael Irvin,0.057173,5.717285,6.333333,存活,33138,33.138000,百分比结合法,12
9,1,Kathy Ireland,0.052412,5.241171,6.666633,存活,33138,33.138000,百分比结合法,13
9,1,Tom DeLay,0.050310,5.030991,6.666633,存活,33138,33.138000,百分比结合法,14
9,1,Ashley Hamiliton,0.030267,3.026736,6.333300,淘汰,33138,33.138000,百分比结合法,15
9,1,Macy Gray,0.029657,2.965654,6.333300,淘汰,33138,33.138000,百分比结合法,16
9,2,Mya,0.099023,9.902346,9.000000,存活,16819,16.819000,百分比结合法,1
9,2,Aaron Carter,0.097679,9.767925,9.000000,存活,16819,16.819000,百分比结合法,2
9,2,Donny Osmond,0.091807,9.180746,8.333333,存活,16819,16.819000,百分比结合法,3
9,2,Mark Dacascos,0.079082,7.908161,7.000000,存活,16819,16.819000,百分比结合法,4
9,2,Debi Mazar,0.078285,7.828462,7.000000,存活,16819,16.819000,百分比结合法,5
9,2,Natalie Coughlin,0.076634,7.663369,7.000000,存活,16819,16.819000,百分比结合法,6
9,2,Michael Irvin,0.073828,7.382832,6.666667,存活,16819,16.819000,百分比结合法,7
9,2,Tom DeLay,0.076244,7.624442,6.000000,存活,16819,16.819000,百分比结合法,8
9,2,Melissa Joan Hart,0.072054,7.205447,6.333333,存活,16819,16.819000,百分比结合法,9
9,2,Louie Vito,0.070340,7.033963,6.333333,存活,16819,16.819000,百分比结合法,10
9,2,Chuck Liddell,0.069516,6.951557,6.333333,存活,16819,16.819000,百分比结合法,11
9,2,Joanna Krupa,0.058620,5.861982,6.666667,存活,16819,16.819000,百分比结合法,12
9,2,Kelly Osbourne,0.054620,5.461959,6.333333,存活,16819,16.819000,百分比结合法,13
9,2,Kathy Ireland,0.002268,0.226808,6.000000,淘汰,16819,16.819000,百分比结合法,14
9,3,Mya,0.112007,11.200691,9.000000,存活,26949,26.949000,百分比结合法,1
9,3,Natalie Coughlin,0.107544,10.754363,8.666667,存活,26949,26.949000,百分比结合法,2
9,3,Donny Osmond,0.087907,8.790700,7.000000,存活,26949,26.949000,百分比结合法,3
9,3,Aaron Carter,0.087557,8.755744,7.000000,存活,26949,26.949000,百分比结合法,4
9,3,Joanna Krupa,0.075362,7.536201,7.666667,存活,26949,26.949000,百分比结合法,5
9,3,Louie Vito,0.082604,8.260380,6.666667,存活,26949,26.949000,百分比结合法,6
9,3,Melissa Joan Hart,0.080717,8.071735,6.333333,存活,26949,26.949000,百分比结合法,7
9,3,Mark Dacascos,0.076312,7.631233,6.000000,存活,26949,26.949000,百分比结合法,8
9,3,Kelly Osbourne,0.064955,6.495537,6.666667,存活,26949,26.949000,百分比结合法,9
9,3,Chuck Liddell,0.075249,7.524938,5.666667,存活,26949,26.949000,百分比结合法,10
9,3,Michael Irvin,0.073624,7.362395,4.666667,存活,26949,26.949000,百分比结合法,11
9,3,Debi Mazar,0.044193,4.419271,5.666667,淘汰,26949,26.949000,百分比结合法,12
9,3,Tom DeLay,0.031968,3.196811,5.000000,淘汰,26949,26.949000,百分比结合法,13
9,4,Melissa Joan Hart,0.125950,12.594966,9.333333,存活,12880,12.880000,百分比结合法,1
9,4,Mya,0.124281,12.428130,9.333333,存活,12880,12.880000,百分比结合法,2
9,4,Donny Osmond,0.106465,10.646502,8.000000,存活,12880,12.880000,百分比结合法,3
9,4,Natalie Coughlin,0.106304,10.630389,8.000000,存活,12880,12.880000,百分比结合法,4
9,4,Joanna Krupa,0.092173,9.217277,8.666667,存活,12880,12.880000,百分比结合法,5
9,4,Mark Dacascos,0.099325,9.932504,7.333333,存活,12880,12.880000,百分比结合法,6
9,4,Kelly Osbourne,0.080204,8.020429,7.666667,存活,12880,12.880000,百分比结合法,7
9,4,Louie Vito,0.090572,9.057187,5.333333,存活,12880,12.880000,百分比结合法,8
9,4,Michael Irvin,0.090566,9.056561,5.333333,存活,12880,12.880000,百分比结合法,9
9,4,Aaron Carter,0.081215,8.121493,6.000000,存活,12880,12.880000,百分比结合法,10
9,4,Chuck Liddell,0.002946,0.294562,5.666667,淘汰,12880,12.880000,百分比结合法,11
9,5,Donny Osmond,0.130812,13.081228,9.666667,存活,14436,14.436000,百分比结合法,1
9,5,Mya,0.123083,12.308332,9.000000,存活,14436,14.436000,百分比结合法,2
9,5,Mark Dacascos,0.119886,11.988601,8.666667,存活,14436,14.436000,百分比结合法,3
9,5,Michael Irvin,0.122320,12.232011,7.000000,存活,14436,14.436000,百分比结合法,4
9,5,Aaron Carter,0.109747,10.974691,8.000000,存活,14436,14.436000,百分比结合法,5
9,5,Louie Vito,0.112355,11.235543,7.333333,存活,14436,14.436000,百分比结合法,6
9,5,Melissa Joan Hart,0.106983,10.698335,7.666667,存活,14436,14.436000,百分比结合法,7
9,5,Joanna Krupa,0.086663,8.666281,8.000000,存活,14436,14.436000,百分比结合法,8
9,5,Kelly Osbourne,0.085756,8.575602,8.000000,存活,14436,14.436000,百分比结合法,9
9,5,Natalie Coughlin,0.002394,0.239377,7.333333,淘汰,14436,14.436000,百分比结合法,10
9,6,Aaron Carter,0.141494,14.149412,10.999933,存活,28741,28.741000,百分比结合法,1
9,6,Mya,0.140967,14.096667,11.000000,存活,28741,28.741000,百分比结合法,2
9,6,Mark Dacascos,0.138278,13.827757,10.666667,存活,28741,28.741000,百分比结合法,3
9,6,Joanna Krupa,0.121243,12.124325,11.999967,存活,28741,28.741000,百分比结合法,4
9,6,Donny Osmond,0.133545,13.354467,10.333300,存活,28741,28.741000,百分比结合法,5
9,6,Michael Irvin,0.121205,12.120501,7.333267,存活,28741,28.741000,百分比结合法,6
9,6,Kelly Osbourne,0.084431,8.443072,8.333267,存活,28741,28.741000,百分比结合法,7
9,6,Melissa Joan Hart,0.059733,5.973296,7.999967,淘汰,28741,28.741000,百分比结合法,8
9,6,Louie Vito,0.059105,5.910502,8.000000,淘汰,28741,28.741000,百分比结合法,9
9,7,Aaron Carter,0.174761,17.476125,8.833333,存活,57107,57.107000,百分比结合法,1
9,7,Donny Osmond,0.171039,17.103896,8.666667,存活,57107,57.107000,百分比结合法,2
9,7,Mya,0.161858,16.185784,8.166667,存活,57107,57.107000,百分比结合法,3
9,7,Joanna Krupa,0.143601,14.360085,9.166667,存活,57107,57.107000,百分比结合法,4
9,7,Kelly Osbourne,0.134043,13.404334,8.666667,存活,57107,57.107000,百分比结合法,5
9,7,Michael Irvin,0.110265,11.026465,7.833333,淘汰,57107,57.107000,百分比结合法,6
9,7,Mark Dacascos,0.104433,10.443311,7.166667,淘汰,57107,57.107000,百分比结合法,7
9,8,Mya,0.292656,29.265594,9.833333,存活,18006,18.006000,百分比结合法,1
9,8,Donny Osmond,0.290186,29.018579,8.333333,存活,18006,18.006000,百分比结合法,2
9,8,Joanna Krupa,0.208890,20.888971,8.666667,存活,18006,18.006000,百分比结合法,3
9,8,Kelly Osbourne,0.203446,20.344614,8.500000,存活,18006,18.006000,百分比结合法,4
9,8,Aaron Carter,0.004822,0.482243,8.333333,淘汰,18006,18.006000,百分比结合法,5
9,9,Donny Osmond,0.373050,37.304977,8.222200,存活,13008,13.008000,百分比结合法,1
9,9,Mya,0.314019,31.401872,9.666633,存活,13008,13.008000,百分比结合法,2
9,9,Kelly Osbourne,0.305446,30.544618,8.666600,存活,13008,13.008000,百分比结合法,3
9,9,Joanna Krupa,0.007485,0.748533,9.000000,淘汰,13008,13.008000,百分比结合法,4
9,10,Donny Osmond,0.369200,36.920033,9.666600,淘汰,100000,100.000000,百分比结合法,1
9,10,Mya,0.362734,36.273416,9.444400,淘汰,100000,100.000000,百分比结合法,2
9,10,Kelly Osbourne,0.268066,26.806551,8.407400,淘汰,100000,100.000000,百分比结合法,3
10,1,Nicole Scherzinger,0.123208,12.320788,8.333333,存活,100000,100.000000,百分比结合法,1
10,1,Evan Lysacek,0.112613,11.261304,7.666667,存活,100000,100.000000,百分比结合法,2
10,1,Erin Andrews,0.100396,10.039633,7.000000,存活,100000,100.000000,百分比结合法,3
10,1,Jake Pavelka,0.096432,9.643150,6.666667,存活,100000,100.000000,百分比结合法,4
10,1,Pamela Anderson,0.082429,8.242896,7.000000,存活,100000,100.000000,百分比结合法,5
10,1,Niecy Nash,0.090899,9.089892,6.000000,存活,100000,100.000000,百分比结合法,6
10,1,Shannen Doherty,0.090804,9.080373,6.000000,存活,100000,100.000000,百分比结合法,7
10,1,Chad Ochocinco,0.089510,8.951012,6.000000,存活,100000,100.000000,百分比结合法,8
10,1,Kate Gosselin,0.077898,7.789816,5.333333,存活,100000,100.000000,百分比结合法,9
10,1,Buzz Aldrin,0.074554,7.455426,4.666667,存活,100000,100.000000,百分比结合法,10
10,1,Aiden Turner,0.061257,6.125710,5.000000,存活,100000,100.000000,百分比结合法,11
10,2,Nicole Scherzinger,0.132530,13.253018,9.333333,存活,6666,6.666000,百分比结合法,1
10,2,Evan Lysacek,0.111888,11.188822,8.000000,存活,6666,6.666000,百分比结合法,2
10,2,Erin Andrews,0.104222,10.422239,7.666667,存活,6666,6.666000,百分比结合法,3
10,2,Jake Pavelka,0.111777,11.177651,6.666667,存活,6666,6.666000,百分比结合法,4
10,2,Niecy Nash,0.101076,10.107648,7.000000,存活,6666,6.666000,百分比结合法,5
10,2,Pamela Anderson,0.082320,8.232003,7.333333,存活,6666,6.666000,百分比结合法,6
10,2,Aiden Turner,0.092797,9.279717,6.333333,存活,6666,6.666000,百分比结合法,7
10,2,Chad Ochocinco,0.095852,9.585227,5.333333,存活,6666,6.666000,百分比结合法,8
10,2,Kate Gosselin,0.088095,8.809472,5.000000,存活,6666,6.666000,百分比结合法,9
10,2,Buzz Aldrin,0.076739,7.673852,4.000000,存活,6666,6.666000,百分比结合法,10
10,2,Shannen Doherty,0.002704,0.270351,6.666667,淘汰,6666,6.666000,百分比结合法,11
10,3,Evan Lysacek,0.138897,13.889709,8.666667,存活,30859,30.859000,百分比结合法,1
10,3,Nicole Scherzinger,0.123942,12.394235,7.666667,存活,30859,30.859000,百分比结合法,2
10,3,Erin Andrews,0.119543,11.954304,7.666667,存活,30859,30.859000,百分比结合法,3
10,3,Niecy Nash,0.114596,11.459627,7.000000,存活,30859,30.859000,百分比结合法,4
10,3,Jake Pavelka,0.110709,11.070890,7.000000,存活,30859,30.859000,百分比结合法,5
10,3,Chad Ochocinco,0.107427,10.742731,6.666667,存活,30859,30.859000,百分比结合法,6
10,3,Pamela Anderson,0.089471,8.947056,7.000000,存活,30859,30.859000,百分比结合法,7
10,3,Aiden Turner,0.087655,8.765467,6.666667,存活,30859,30.859000,百分比结合法,8
10,3,Kate Gosselin,0.079613,7.961335,5.000000,存活,30859,30.859000,百分比结合法,9
10,3,Buzz Aldrin,0.028146,2.814645,4.333333,淘汰,30859,30.859000,百分比结合法,10
10,4,Evan Lysacek,0.150171,15.017077,8.666667,存活,29492,29.492000,百分比结合法,1
10,4,Nicole Scherzinger,0.145918,14.591764,8.333333,存活,29492,29.492000,百分比结合法,2
10,4,Chad Ochocinco,0.127704,12.770399,7.333333,存活,29492,29.492000,百分比结合法,3
10,4,Pamela Anderson,0.107751,10.775059,7.833333,存活,29492,29.492000,百分比结合法,4
10,4,Erin Andrews,0.110372,11.037218,6.500000,存活,29492,29.492000,百分比结合法,5
10,4,Jake Pavelka,0.108936,10.893630,6.333333,存活,29492,29.492000,百分比结合法,6
10,4,Niecy Nash,0.106942,10.694221,6.000000,存活,29492,29.492000,百分比结合法,7
10,4,Kate Gosselin,0.105731,10.573071,5.333333,存活,29492,29.492000,百分比结合法,8
10,4,Aiden Turner,0.036476,3.647561,5.500000,淘汰,29492,29.492000,百分比结合法,9
10,5,Nicole Scherzinger,0.180878,18.087768,9.666667,存活,36706,36.706000,百分比结合法,1
10,5,Evan Lysacek,0.167736,16.773633,9.000000,存活,36706,36.706000,百分比结合法,2
10,5,Jake Pavelka,0.140801,14.080051,7.666667,存活,36706,36.706000,百分比结合法,3
10,5,Erin Andrews,0.134081,13.408145,7.333333,存活,36706,36.706000,百分比结合法,4
10,5,Pamela Anderson,0.104943,10.494339,7.000000,存活,36706,36.706000,百分比结合法,5
10,5,Niecy Nash,0.115925,11.592460,6.000000,存活,36706,36.706000,百分比结合法,6
10,5,Chad Ochocinco,0.113094,11.309423,6.000000,存活,36706,36.706000,百分比结合法,7
10,5,Kate Gosselin,0.042542,4.254180,5.000000,淘汰,36706,36.706000,百分比结合法,8
10,6,Nicole Scherzinger,0.190055,19.005482,11.999967,存活,41030,41.030000,百分比结合法,1
10,6,Erin Andrews,0.173542,17.354216,11.333333,存活,41030,41.030000,百分比结合法,2
10,6,Chad Ochocinco,0.163731,16.373100,10.333300,存活,41030,41.030000,百分比结合法,3
10,6,Evan Lysacek,0.143334,14.333372,9.000000,存活,41030,41.030000,百分比结合法,4
10,6,Pamela Anderson,0.125918,12.591776,9.999933,存活,41030,41.030000,百分比结合法,5
10,6,Niecy Nash,0.140308,14.030759,8.666600,存活,41030,41.030000,百分比结合法,6
10,6,Jake Pavelka,0.063113,6.311295,8.333300,淘汰,41030,41.030000,百分比结合法,7
10,7,Nicole Scherzinger,0.187045,18.704458,9.000000,存活,42123,42.123000,百分比结合法,1
10,7,Evan Lysacek,0.185457,18.545722,9.000000,存活,42123,42.123000,百分比结合法,2
10,7,Niecy Nash,0.193620,19.361955,8.166667,存活,42123,42.123000,百分比结合法,3
10,7,Chad Ochocinco,0.178524,17.852360,8.666667,存活,42123,42.123000,百分比结合法,4
10,7,Erin Andrews,0.170362,17.036219,8.500000,存活,42123,42.123000,百分比结合法,5
10,7,Pamela Anderson,0.084993,8.499287,8.500000,淘汰,42123,42.123000,百分比结合法,6
10,8,Nicole Scherzinger,0.252100,25.209955,9.833333,存活,51394,51.394000,百分比结合法,1
10,8,Evan Lysacek,0.226912,22.691234,8.833333,存活,51394,51.394000,百分比结合法,2
10,8,Erin Andrews,0.219256,21.925586,8.833333,存活,51394,51.394000,百分比结合法,3
10,8,Chad Ochocinco,0.193892,19.389167,7.500000,存活,51394,51.394000,百分比结合法,4
10,8,Niecy Nash,0.107841,10.784057,7.166667,淘汰,51394,51.394000,百分比结合法,5
10,9,Nicole Scherzinger,0.289050,28.904952,9.833333,存活,60635,60.635000,百分比结合法,1
10,9,Evan Lysacek,0.287181,28.718109,9.833333,存活,60635,60.635000,百分比结合法,2
10,9,Erin Andrews,0.266571,26.657055,9.333333,存活,60635,60.635000,百分比结合法,3
10,9,Chad Ochocinco,0.157199,15.719885,8.666667,淘汰,60635,60.635000,百分比结合法,4
10,10,Nicole Scherzinger,0.349115,34.911454,9.592567,淘汰,100000,100.000000,百分比结合法,1
10,10,Evan Lysacek,0.328846,32.884624,8.962900,淘汰,100000,100.000000,百分比结合法,2
10,10,Erin Andrews,0.322039,32.203922,8.999933,淘汰,100000,100.000000,百分比结合法,3
11,1,Jennifer Grey,0.113003,11.300345,8.000000,存活,14495,14.495000,百分比结合法,1
11,1,Kyle Massey,0.107903,10.790259,7.666667,存活,14495,14.495000,百分比结合法,2
11,1,Brandy,0.107177,10.717685,7.666667,存活,14495,14.495000,百分比结合法,3
11,1,Rick Fox,0.082438,8.243771,7.333333,存活,14495,14.495000,百分比结合法,4
11,1,Kurt Warner,0.088397,8.839654,6.333333,存活,14495,14.495000,百分比结合法,5
11,1,Audrina Patridge,0.086786,8.678622,6.333333,存活,14495,14.495000,百分比结合法,6
11,1,Florence Henderson,0.086021,8.602141,6.000000,存活,14495,14.495000,百分比结合法,7
11,1,Bristol Palin,0.082128,8.212769,6.000000,存活,14495,14.495000,百分比结合法,8
11,1,Margaret Cho,0.082565,8.256533,5.000000,存活,14495,14.495000,百分比结合法,9
11,1,The Situation,0.082336,8.233573,5.000000,存活,14495,14.495000,百分比结合法,10
11,1,Michael Bolton,0.075532,7.553180,5.333333,存活,14495,14.495000,百分比结合法,11
11,1,David Hasselhoff,0.005715,0.571469,5.000000,淘汰,14495,14.495000,百分比结合法,12
11,2,Jennifer Grey,0.116509,11.650926,8.000000,存活,28460,28.460000,百分比结合法,1
11,2,Audrina Patridge,0.107971,10.797115,7.666667,存活,28460,28.460000,百分比结合法,2
11,2,Kyle Massey,0.107375,10.737547,7.333333,存活,28460,28.460000,百分比结合法,3
11,2,Bristol Palin,0.103121,10.312125,7.333333,存活,28460,28.460000,百分比结合法,4
11,2,Brandy,0.101220,10.122037,7.000000,存活,28460,28.460000,百分比结合法,5
11,2,Kurt Warner,0.100447,10.044691,7.000000,存活,28460,28.460000,百分比结合法,6
11,2,Florence Henderson,0.093013,9.301313,6.333333,存活,28460,28.460000,百分比结合法,7
11,2,Rick Fox,0.080653,8.065285,7.000000,存活,28460,28.460000,百分比结合法,8
11,2,Margaret Cho,0.084856,8.485567,6.000000,存活,28460,28.460000,百分比结合法,9
11,2,The Situation,0.084841,8.484114,6.000000,存活,28460,28.460000,百分比结合法,10
11,2,Michael Bolton,0.019993,1.999278,4.000000,淘汰,28460,28.460000,百分比结合法,11
11,3,Audrina Patridge,0.124351,12.435103,8.666667,存活,30968,30.968000,百分比结合法,1
11,3,Jennifer Grey,0.118905,11.890528,8.000000,存活,30968,30.968000,百分比结合法,2
11,3,Brandy,0.118099,11.809854,8.000000,存活,30968,30.968000,百分比结合法,3
11,3,Kyle Massey,0.114175,11.417489,7.666667,存活,30968,30.968000,百分比结合法,4
11,3,Kurt Warner,0.112420,11.242013,7.666667,存活,30968,30.968000,百分比结合法,5
11,3,Rick Fox,0.093966,9.396599,8.000000,存活,30968,30.968000,百分比结合法,6
11,3,Florence Henderson,0.099844,9.984441,6.666667,存活,30968,30.968000,百分比结合法,7
11,3,The Situation,0.095605,9.560469,6.666667,存活,30968,30.968000,百分比结合法,8
11,3,Bristol Palin,0.092087,9.208747,6.333333,存活,30968,30.968000,百分比结合法,9
11,3,Margaret Cho,0.030548,3.054756,6.000000,淘汰,30968,30.968000,百分比结合法,10
11,4,Jennifer Grey,0.168923,16.892289,9.333333,存活,33454,33.454000,百分比结合法,1
11,4,Brandy,0.144152,14.415153,8.000000,存活,33454,33.454000,百分比结合法,2
11,4,Audrina Patridge,0.133888,13.388790,7.666667,存活,33454,33.454000,百分比结合法,3
11,4,Kyle Massey,0.122689,12.268950,6.666667,存活,33454,33.454000,百分比结合法,4
11,4,Florence Henderson,0.106852,10.685248,5.833333,存活,33454,33.454000,百分比结合法,5
11,4,Rick Fox,0.093314,9.331401,6.500000,存活,33454,33.454000,百分比结合法,6
11,4,Kurt Warner,0.101606,10.160614,5.666667,存活,33454,33.454000,百分比结合法,7
11,4,Bristol Palin,0.094339,9.433930,5.333333,存活,33454,33.454000,百分比结合法,8
11,4,The Situation,0.034236,3.423627,4.666667,淘汰,33454,33.454000,百分比结合法,9
11,5,Brandy,0.158746,15.874600,9.000000,存活,12794,12.794000,百分比结合法,1
11,5,Jennifer Grey,0.152135,15.213500,8.333333,存活,12794,12.794000,百分比结合法,2
11,5,Kurt Warner,0.142100,14.210013,8.000000,存活,12794,12.794000,百分比结合法,3
11,5,Kyle Massey,0.157202,15.720198,6.666667,存活,12794,12.794000,百分比结合法,4
11,5,Audrina Patridge,0.135038,13.503805,7.666667,存活,12794,12.794000,百分比结合法,5
11,5,Rick Fox,0.115337,11.533652,8.000000,存活,12794,12.794000,百分比结合法,6
11,5,Bristol Palin,0.136121,13.612084,6.000000,存活,12794,12.794000,百分比结合法,7
11,5,Florence Henderson,0.003321,0.332148,7.000000,淘汰,12794,12.794000,百分比结合法,8
11,6,Brandy,0.169355,16.935490,11.999967,存活,6549,6.549000,百分比结合法,1
11,6,Kyle Massey,0.189749,18.974903,9.999967,存活,6549,6.549000,百分比结合法,2
11,6,Jennifer Grey,0.183409,18.340903,9.666667,存活,6549,6.549000,百分比结合法,3
11,6,Bristol Palin,0.170422,17.042164,9.333267,存活,6549,6.549000,百分比结合法,4
11,6,Rick Fox,0.148835,14.883515,10.000000,存活,6549,6.549000,百分比结合法,5
11,6,Kurt Warner,0.136535,13.653485,7.333300,存活,6549,6.549000,百分比结合法,6
11,6,Audrina Patridge,0.001695,0.169540,10.666600,淘汰,6549,6.549000,百分比结合法,7
11,7,Jennifer Grey,0.185616,18.561589,9.125000,存活,38478,38.478000,百分比结合法,1
11,7,Brandy,0.183762,18.376238,9.125000,存活,38478,38.478000,百分比结合法,2
11,7,Kyle Massey,0.188376,18.837645,8.375000,存活,38478,38.478000,百分比结合法,3
11,7,Kurt Warner,0.174109,17.410900,8.750000,存活,38478,38.478000,百分比结合法,4
11,7,Bristol Palin,0.175944,17.594445,8.125000,存活,38478,38.478000,百分比结合法,5
11,7,Rick Fox,0.092192,9.219182,8.625000,淘汰,38478,38.478000,百分比结合法,6
11,8,Jennifer Grey,0.243704,24.370357,9.500000,存活,18094,18.094000,百分比结合法,1
11,8,Brandy,0.240212,24.021229,9.500000,存活,18094,18.094000,百分比结合法,2
11,8,Kyle Massey,0.234792,23.479243,9.333333,存活,18094,18.094000,百分比结合法,3
11,8,Bristol Palin,0.255281,25.528055,7.833333,存活,18094,18.094000,百分比结合法,4
11,8,Kurt Warner,0.026011,2.601115,8.000000,淘汰,18094,18.094000,百分比结合法,5
11,9,Bristol Palin,0.377331,37.733132,8.833333,存活,16031,16.031000,百分比结合法,1
11,9,Jennifer Grey,0.311624,31.162353,10.000000,存活,16031,16.031000,百分比结合法,2
11,9,Kyle Massey,0.305952,30.595158,9.666667,存活,16031,16.031000,百分比结合法,3
11,9,Brandy,0.005094,0.509357,9.500000,淘汰,16031,16.031000,百分比结合法,4
11,10,Jennifer Grey,0.359277,35.927732,10.000000,淘汰,100000,100.000000,百分比结合法,1
11,10,Kyle Massey,0.333409,33.340887,9.111067,淘汰,100000,100.000000,百分比结合法,2
11,10,Bristol Palin,0.307314,30.731381,8.555533,淘汰,100000,100.000000,百分比结合法,3
12,1,Ralph Macchio,0.121348,12.134791,8.000000,存活,100000,100.000000,百分比结合法,1
12,1,Kirstie Alley,0.116459,11.645902,7.666667,存活,100000,100.000000,百分比结合法,2
12,1,Chelsea Kane,0.106252,10.625163,7.000000,存活,100000,100.000000,百分比结合法,3
12,1,Romeo,0.095920,9.592011,6.333333,存活,100000,100.000000,百分比结合法,4
12,1,Chris Jericho,0.095077,9.507652,6.333333,存活,100000,100.000000,百分比结合法,5
12,1,Hines Ward,0.084280,8.428018,7.000000,存活,100000,100.000000,百分比结合法,6
12,1,Kendra Wilkinson,0.088805,8.880476,6.000000,存活,100000,100.000000,百分比结合法,7
12,1,Sugar Ray Leonard,0.085612,8.561242,5.666667,存活,100000,100.000000,百分比结合法,8
12,1,Petra Nemcova,0.071972,7.197189,6.000000,存活,100000,100.000000,百分比结合法,9
12,1,Wendy Williams,0.069857,6.985676,4.666667,存活,100000,100.000000,百分比结合法,10
12,1,Mike Catherwood,0.064419,6.441881,4.333333,存活,100000,100.000000,百分比结合法,11
12,2,Romeo,0.119712,11.971233,7.666667,存活,17494,17.494000,百分比结合法,1
12,2,Chris Jericho,0.117295,11.729460,7.666667,存活,17494,17.494000,百分比结合法,2
12,2,Ralph Macchio,0.109642,10.964224,7.000000,存活,17494,17.494000,百分比结合法,3
12,2,Hines Ward,0.094584,9.458437,7.666667,存活,17494,17.494000,百分比结合法,4
12,2,Kirstie Alley,0.105241,10.524078,6.666667,存活,17494,17.494000,百分比结合法,5
12,2,Kendra Wilkinson,0.095059,9.505906,6.333333,存活,17494,17.494000,百分比结合法,6
12,2,Chelsea Kane,0.094702,9.470241,6.000000,存活,17494,17.494000,百分比结合法,7
12,2,Wendy Williams,0.093808,9.380811,5.666667,存活,17494,17.494000,百分比结合法,8
12,2,Sugar Ray Leonard,0.092171,9.217138,5.666667,存活,17494,17.494000,百分比结合法,9
12,2,Petra Nemcova,0.074053,7.405292,6.000000,存活,17494,17.494000,百分比结合法,10
12,2,Mike Catherwood,0.003732,0.373179,5.666667,淘汰,17494,17.494000,百分比结合法,11
12,3,Chelsea Kane,0.119818,11.981820,7.666667,存活,30607,30.607000,百分比结合法,1
12,3,Kendra Wilkinson,0.115628,11.562821,7.666667,存活,30607,30.607000,百分比结合法,2
12,3,Hines Ward,0.102681,10.268113,8.333333,存活,30607,30.607000,百分比结合法,3
12,3,Petra Nemcova,0.101698,10.169830,8.333333,存活,30607,30.607000,百分比结合法,4
12,3,Kirstie Alley,0.109513,10.951319,7.000000,存活,30607,30.607000,百分比结合法,5
12,3,Ralph Macchio,0.109334,10.933376,7.000000,存活,30607,30.607000,百分比结合法,6
12,3,Chris Jericho,0.107617,10.761734,7.000000,存活,30607,30.607000,百分比结合法,7
12,3,Romeo,0.103616,10.361633,6.666667,存活,30607,30.607000,百分比结合法,8
12,3,Sugar Ray Leonard,0.102347,10.234717,6.666667,存活,30607,30.607000,百分比结合法,9
12,3,Wendy Williams,0.027746,2.774636,5.000000,淘汰,30607,30.607000,百分比结合法,10
12,4,Chelsea Kane,0.143959,14.395863,8.666667,存活,15925,15.925000,百分比结合法,1
12,4,Ralph Macchio,0.139167,13.916668,8.333333,存活,15925,15.925000,百分比结合法,2
12,4,Romeo,0.127060,12.705990,7.666667,存活,15925,15.925000,百分比结合法,3
12,4,Chris Jericho,0.126019,12.601949,7.666667,存活,15925,15.925000,百分比结合法,4
12,4,Hines Ward,0.110399,11.039889,8.333333,存活,15925,15.925000,百分比结合法,5
12,4,Kirstie Alley,0.124137,12.413664,7.333333,存活,15925,15.925000,百分比结合法,6
12,4,Petra Nemcova,0.101304,10.130393,7.666667,存活,15925,15.925000,百分比结合法,7
12,4,Kendra Wilkinson,0.124964,12.496417,6.000000,存活,15925,15.925000,百分比结合法,8
12,4,Sugar Ray Leonard,0.002992,0.299167,7.000000,淘汰,15925,15.925000,百分比结合法,9
12,5,Chelsea Kane,0.150428,15.042835,8.666667,存活,36815,36.815000,百分比结合法,1
12,5,Romeo,0.148974,14.897411,8.666667,存活,36815,36.815000,百分比结合法,2
12,5,Chris Jericho,0.147817,14.781749,8.666667,存活,36815,36.815000,百分比结合法,3
12,5,Hines Ward,0.123192,12.319236,9.000000,存活,36815,36.815000,百分比结合法,4
12,5,Kirstie Alley,0.133460,13.346002,7.666667,存活,36815,36.815000,百分比结合法,5
12,5,Ralph Macchio,0.128290,12.829005,7.333333,存活,36815,36.815000,百分比结合法,6
12,5,Kendra Wilkinson,0.123599,12.359852,7.333333,存活,36815,36.815000,百分比结合法,7
12,5,Petra Nemcova,0.044239,4.423909,7.333333,淘汰,36815,36.815000,百分比结合法,8
12,6,Chelsea Kane,0.172448,17.244832,9.333333,存活,40931,40.931000,百分比结合法,1
12,6,Romeo,0.170894,17.089367,9.333333,存活,40931,40.931000,百分比结合法,2
12,6,Kirstie Alley,0.160449,16.044912,8.666667,存活,40931,40.931000,百分比结合法,3
12,6,Kendra Wilkinson,0.149429,14.942893,8.333333,存活,40931,40.931000,百分比结合法,4
12,6,Ralph Macchio,0.148987,14.898686,8.000000,存活,40931,40.931000,百分比结合法,5
12,6,Hines Ward,0.131617,13.161700,9.000000,存活,40931,40.931000,百分比结合法,6
12,6,Chris Jericho,0.066176,6.617609,7.333333,淘汰,40931,40.931000,百分比结合法,7
12,7,Kirstie Alley,0.218447,21.844653,7.500000,存活,16207,16.207000,百分比结合法,1
12,7,Romeo,0.216529,21.652898,7.500000,存活,16207,16.207000,百分比结合法,2
12,7,Ralph Macchio,0.191243,19.124263,8.250000,存活,16207,16.207000,百分比结合法,3
12,7,Chelsea Kane,0.185352,18.535236,8.000000,存活,16207,16.207000,百分比结合法,4
12,7,Hines Ward,0.152219,15.221855,8.250000,存活,16207,16.207000,百分比结合法,5
12,7,Kendra Wilkinson,0.036211,3.621096,7.625000,淘汰,16207,16.207000,百分比结合法,6
12,8,Ralph Macchio,0.292735,29.273486,7.666667,存活,16101,16.101000,百分比结合法,1
12,8,Chelsea Kane,0.254953,25.495255,9.166667,存活,16101,16.101000,百分比结合法,2
12,8,Kirstie Alley,0.246469,24.646930,8.833333,存活,16101,16.101000,百分比结合法,3
12,8,Hines Ward,0.201530,20.152964,9.000000,存活,16101,16.101000,百分比结合法,4
12,8,Romeo,0.004314,0.431366,8.666667,淘汰,16101,16.101000,百分比结合法,5
12,9,Chelsea Kane,0.351708,35.170765,12.166667,存活,60777,60.777000,百分比结合法,1
12,9,Kirstie Alley,0.265693,26.569268,9.000000,存活,60777,60.777000,百分比结合法,2
12,9,Hines Ward,0.234668,23.466796,10.000000,存活,60777,60.777000,百分比结合法,3
12,9,Ralph Macchio,0.147932,14.793171,8.000000,淘汰,60777,60.777000,百分比结合法,4
12,10,Chelsea Kane,0.358996,35.899586,9.888867,淘汰,100000,100.000000,百分比结合法,1
12,10,Kirstie Alley,0.345043,34.504328,9.333300,淘汰,100000,100.000000,百分比结合法,2
12,10,Hines Ward,0.295961,29.596085,9.888867,淘汰,100000,100.000000,百分比结合法,3
13,1,J.R. Martinez,0.110780,11.077963,7.333333,存活,20615,20.615000,百分比结合法,1
13,1,Chynna Phillips,0.109216,10.921587,7.333333,存活,20615,20.615000,百分比结合法,2
13,1,Hope Solo,0.103639,10.363881,7.000000,存活,20615,20.615000,百分比结合法,3
13,1,Ricki Lake,0.100948,10.094839,6.666667,存活,20615,20.615000,百分比结合法,4
13,1,Kristin Cavallari,0.092809,9.280879,6.333333,存活,20615,20.615000,百分比结合法,5
13,1,David Arquette,0.091767,9.176677,6.000000,存活,20615,20.615000,百分比结合法,6
13,1,Carson Kressley,0.083309,8.330922,5.666667,存活,20615,20.615000,百分比结合法,7
13,1,Chaz Bono,0.082820,8.282016,5.666667,存活,20615,20.615000,百分比结合法,8
13,1,Nancy Grace,0.078955,7.895478,5.333333,存活,20615,20.615000,百分比结合法,9
13,1,Rob Kardashian,0.078594,7.859362,5.333333,存活,20615,20.615000,百分比结合法,10
13,1,Elisabetta Canalis,0.061553,6.155306,5.000000,存活,20615,20.615000,百分比结合法,11
13,1,Metta World Peace (Ron),0.005611,0.561090,4.666667,淘汰,20615,20.615000,百分比结合法,12
13,2,Ricki Lake,0.105312,10.531186,7.666667,存活,8134,8.134000,百分比结合法,1
13,2,J.R. Martinez,0.101475,10.147473,7.333333,存活,8134,8.134000,百分比结合法,2
13,2,Kristin Cavallari,0.096727,9.672738,7.333333,存活,8134,8.134000,百分比结合法,3
13,2,Hope Solo,0.109832,10.983163,6.333333,存活,8134,8.134000,百分比结合法,4
13,2,Chynna Phillips,0.095110,9.511027,7.000000,存活,8134,8.134000,百分比结合法,5
13,2,David Arquette,0.106122,10.612181,6.000000,存活,8134,8.134000,百分比结合法,6
13,2,Nancy Grace,0.092603,9.260339,7.000000,存活,8134,8.134000,百分比结合法,7
13,2,Rob Kardashian,0.092421,9.242127,7.000000,存活,8134,8.134000,百分比结合法,8
13,2,Carson Kressley,0.102061,10.206104,6.000000,存活,8134,8.134000,百分比结合法,9
13,2,Chaz Bono,0.096344,9.634427,5.666667,存活,8134,8.134000,百分比结合法,10
13,2,Elisabetta Canalis,0.001992,0.199234,7.000000,淘汰,8134,8.134000,百分比结合法,11
13,3,Ricki Lake,0.117026,11.702619,9.000000,存活,8329,8.329000,百分比结合法,1
13,3,J.R. Martinez,0.112281,11.228059,8.666667,存活,8329,8.329000,百分比结合法,2
13,3,Chynna Phillips,0.111787,11.178663,8.666667,存活,8329,8.329000,百分比结合法,3
13,3,Carson Kressley,0.122881,12.288052,7.666667,存活,8329,8.329000,百分比结合法,4
13,3,Rob Kardashian,0.110810,11.080963,8.000000,存活,8329,8.329000,百分比结合法,5
13,3,Hope Solo,0.107808,10.780772,8.000000,存活,8329,8.329000,百分比结合法,6
13,3,David Arquette,0.107186,10.718604,8.000000,存活,8329,8.329000,百分比结合法,7
13,3,Nancy Grace,0.112157,11.215737,7.000000,存活,8329,8.329000,百分比结合法,8
13,3,Chaz Bono,0.096099,9.609882,6.000000,存活,8329,8.329000,百分比结合法,9
13,3,Kristin Cavallari,0.001966,0.196648,8.000000,淘汰,8329,8.329000,百分比结合法,10
13,4,Ricki Lake,0.145152,14.515154,9.666667,存活,11648,11.648000,百分比结合法,1
13,4,J.R. Martinez,0.130301,13.030115,8.666667,存活,11648,11.648000,百分比结合法,2
13,4,Hope Solo,0.119062,11.906160,8.000000,存活,11648,11.648000,百分比结合法,3
13,4,Rob Kardashian,0.116840,11.684032,8.000000,存活,11648,11.648000,百分比结合法,4
13,4,David Arquette,0.116037,11.603729,7.666667,存活,11648,11.648000,百分比结合法,5
13,4,Nancy Grace,0.122696,12.269573,7.000000,存活,11648,11.648000,百分比结合法,6
13,4,Chaz Bono,0.122276,12.227565,7.000000,存活,11648,11.648000,百分比结合法,7
13,4,Carson Kressley,0.124927,12.492690,6.666667,存活,11648,11.648000,百分比结合法,8
13,4,Chynna Phillips,0.002710,0.270983,7.000000,淘汰,11648,11.648000,百分比结合法,9
13,5,J.R. Martinez,0.159745,15.974455,9.333333,存活,36660,36.660000,百分比结合法,1
13,5,David Arquette,0.143226,14.322574,8.333333,存活,36660,36.660000,百分比结合法,2
13,5,Rob Kardashian,0.137916,13.791635,8.333333,存活,36660,36.660000,百分比结合法,3
13,5,Ricki Lake,0.137570,13.756962,8.000000,存活,36660,36.660000,百分比结合法,4
13,5,Hope Solo,0.135453,13.545305,8.000000,存活,36660,36.660000,百分比结合法,5
13,5,Nancy Grace,0.122127,12.212679,7.333333,存活,36660,36.660000,百分比结合法,6
13,5,Chaz Bono,0.116808,11.680764,7.000000,存活,36660,36.660000,百分比结合法,7
13,5,Carson Kressley,0.047156,4.715626,6.333333,淘汰,36660,36.660000,百分比结合法,8
13,6,J.R. Martinez,0.186982,18.698215,9.666667,存活,40851,40.851000,百分比结合法,1
13,6,Ricki Lake,0.186586,18.658625,9.666667,存活,40851,40.851000,百分比结合法,2
13,6,Nancy Grace,0.150755,15.075504,8.000000,存活,40851,40.851000,百分比结合法,3
13,6,David Arquette,0.149382,14.938222,7.666667,存活,40851,40.851000,百分比结合法,4
13,6,Rob Kardashian,0.138260,13.825999,7.333333,存活,40851,40.851000,百分比结合法,5
13,6,Hope Solo,0.128741,12.874100,6.666667,存活,40851,40.851000,百分比结合法,6
13,6,Chaz Bono,0.059293,5.929335,6.333333,淘汰,40851,40.851000,百分比结合法,7
13,7,Ricki Lake,0.206499,20.649910,8.833333,存活,15997,15.997000,百分比结合法,1
13,7,Nancy Grace,0.220052,22.005243,7.333333,存活,15997,15.997000,百分比结合法,2
13,7,Rob Kardashian,0.191002,19.100237,8.500000,存活,15997,15.997000,百分比结合法,3
13,7,Hope Solo,0.190951,19.095150,8.333333,存活,15997,15.997000,百分比结合法,4
13,7,J.R. Martinez,0.187562,18.756199,8.000000,存活,15997,15.997000,百分比结合法,5
13,7,David Arquette,0.003933,0.393261,7.833333,淘汰,15997,15.997000,百分比结合法,6
13,8,J.R. Martinez,0.251561,25.156086,10.000000,存活,52607,52.607000,百分比结合法,1
13,8,Ricki Lake,0.219819,21.981899,8.666667,存活,52607,52.607000,百分比结合法,2
13,8,Hope Solo,0.215874,21.587377,8.666667,存活,52607,52.607000,百分比结合法,3
13,8,Rob Kardashian,0.208011,20.801071,8.500000,存活,52607,52.607000,百分比结合法,4
13,8,Nancy Grace,0.104736,10.473568,7.333333,淘汰,52607,52.607000,百分比结合法,5
13,9,Ricki Lake,0.310070,31.006964,11.166633,存活,60484,60.484000,百分比结合法,1
13,9,Rob Kardashian,0.288526,28.852580,10.833267,存活,60484,60.484000,百分比结合法,2
13,9,J.R. Martinez,0.260993,26.099270,9.333333,存活,60484,60.484000,百分比结合法,3
13,9,Hope Solo,0.140412,14.041186,8.166600,淘汰,60484,60.484000,百分比结合法,4
13,10,J.R. Martinez,0.336402,33.640157,9.388833,淘汰,100000,100.000000,百分比结合法,1
13,10,Ricki Lake,0.335833,33.583328,9.333300,淘汰,100000,100.000000,百分比结合法,2
13,10,Rob Kardashian,0.327765,32.776515,9.444400,淘汰,100000,100.000000,百分比结合法,3
14,1,Jaleel White,0.102058,10.205820,8.666667,存活,100000,100.000000,百分比结合法,1
14,1,Katherine Jenkins,0.081377,8.137734,8.666667,存活,100000,100.000000,百分比结合法,2
14,1,Jack Wagner,0.090422,9.042161,7.666667,存活,100000,100.000000,百分比结合法,3
14,1,Roshon Fegan,0.090391,9.039118,7.666667,存活,100000,100.000000,百分比结合法,4
14,1,Sherri Sheperd,0.090275,9.027500,7.666667,存活,100000,100.000000,百分比结合法,5
14,1,Gladys Knight,0.089513,8.951317,7.666667,存活,100000,100.000000,百分比结合法,6
14,1,William Levy,0.075645,7.564503,8.000000,存活,100000,100.000000,百分比结合法,7
14,1,Donald Driver,0.081211,8.121066,7.000000,存活,100000,100.000000,百分比结合法,8
14,1,Maria Menounos,0.079680,7.967985,7.000000,存活,100000,100.000000,百分比结合法,9
14,1,Melissa Gilbert,0.079040,7.903997,6.666667,存活,100000,100.000000,百分比结合法,10
14,1,Gavin DeGraw,0.078125,7.812548,6.666667,存活,100000,100.000000,百分比结合法,11
14,1,Martina Navratilova,0.062263,6.226251,6.666667,存活,100000,100.000000,百分比结合法,12
14,2,Roshon Fegan,0.105959,10.595945,8.666667,存活,26785,26.785000,百分比结合法,1
14,2,Maria Menounos,0.098484,9.848449,8.333333,存活,26785,26.785000,百分比结合法,2
14,2,Donald Driver,0.096644,9.664362,8.000000,存活,26785,26.785000,百分比结合法,3
14,2,Katherine Jenkins,0.084833,8.483349,8.666667,存活,26785,26.785000,百分比结合法,4
14,2,Sherri Sheperd,0.093917,9.391661,7.666667,存活,26785,26.785000,百分比结合法,5
14,2,William Levy,0.082153,8.215285,8.333333,存活,26785,26.785000,百分比结合法,6
14,2,Jaleel White,0.090596,9.059627,7.333333,存活,26785,26.785000,百分比结合法,7
14,2,Jack Wagner,0.086941,8.694064,7.000000,存活,26785,26.785000,百分比结合法,8
14,2,Gavin DeGraw,0.085273,8.527322,7.000000,存活,26785,26.785000,百分比结合法,9
14,2,Melissa Gilbert,0.082278,8.227817,6.666667,存活,26785,26.785000,百分比结合法,10
14,2,Gladys Knight,0.077894,7.789353,6.333333,存活,26785,26.785000,百分比结合法,11
14,2,Martina Navratilova,0.015028,1.502766,5.666667,淘汰,26785,26.785000,百分比结合法,12
14,3,Maria Menounos,0.101486,10.148612,9.000000,存活,14437,14.437000,百分比结合法,1
14,3,Katherine Jenkins,0.090161,9.016140,9.666667,存活,14437,14.437000,百分比结合法,2
14,3,Donald Driver,0.099735,9.973499,8.666667,存活,14437,14.437000,百分比结合法,3
14,3,Gavin DeGraw,0.104947,10.494704,8.000000,存活,14437,14.437000,百分比结合法,4
14,3,Gladys Knight,0.104099,10.409930,8.000000,存活,14437,14.437000,百分比结合法,5
14,3,Sherri Sheperd,0.103164,10.316352,8.000000,存活,14437,14.437000,百分比结合法,6
14,3,Melissa Gilbert,0.102848,10.284772,8.000000,存活,14437,14.437000,百分比结合法,7
14,3,William Levy,0.088053,8.805310,9.333333,存活,14437,14.437000,百分比结合法,8
14,3,Roshon Fegan,0.098279,9.827907,8.333333,存活,14437,14.437000,百分比结合法,9
14,3,Jaleel White,0.097396,9.739633,8.333333,存活,14437,14.437000,百分比结合法,10
14,3,Jack Wagner,0.009831,0.983140,8.000000,淘汰,14437,14.437000,百分比结合法,11
14,4,Donald Driver,0.127273,12.727308,9.000000,存活,16132,16.132000,百分比结合法,1
14,4,Roshon Fegan,0.125017,12.501740,8.666667,存活,16132,16.132000,百分比结合法,2
14,4,Maria Menounos,0.119334,11.933415,8.666667,存活,16132,16.132000,百分比结合法,3
14,4,Gavin DeGraw,0.110859,11.085850,7.666667,存活,16132,16.132000,百分比结合法,4
14,4,Gladys Knight,0.123047,12.304723,6.666667,存活,16132,16.132000,百分比结合法,5
14,4,Jaleel White,0.106782,10.678214,7.333333,存活,16132,16.132000,百分比结合法,6
14,4,Melissa Gilbert,0.106716,10.671610,7.333333,存活,16132,16.132000,百分比结合法,7
14,4,Katherine Jenkins,0.092055,9.205543,8.000000,存活,16132,16.132000,百分比结合法,8
14,4,William Levy,0.086290,8.628984,7.333333,存活,16132,16.132000,百分比结合法,9
14,4,Sherri Sheperd,0.002626,0.262613,7.000000,淘汰,16132,16.132000,百分比结合法,10
14,5,Donald Driver,0.132437,13.243687,9.000000,存活,33585,33.585000,百分比结合法,1
14,5,Maria Menounos,0.130844,13.084385,9.000000,存活,33585,33.585000,百分比结合法,2
14,5,William Levy,0.116583,11.658291,9.666667,存活,33585,33.585000,百分比结合法,3
14,5,Roshon Fegan,0.129830,12.982987,8.666667,存活,33585,33.585000,百分比结合法,4
14,5,Katherine Jenkins,0.115348,11.534751,9.666667,存活,33585,33.585000,百分比结合法,5
14,5,Jaleel White,0.120834,12.083383,8.000000,存活,33585,33.585000,百分比结合法,6
14,5,Gladys Knight,0.109699,10.969868,7.333333,存活,33585,33.585000,百分比结合法,7
14,5,Melissa Gilbert,0.106431,10.643060,7.000000,存活,33585,33.585000,百分比结合法,8
14,5,Gavin DeGraw,0.037996,3.799589,6.333333,淘汰,33585,33.585000,百分比结合法,9
14,6,Jaleel White,0.161509,16.150875,12.333267,存活,36819,36.819000,百分比结合法,1
14,6,Katherine Jenkins,0.135575,13.557508,12.999967,存活,36819,36.819000,百分比结合法,2
14,6,Donald Driver,0.147002,14.700221,11.333300,存活,36819,36.819000,百分比结合法,3
14,6,William Levy,0.127374,12.737354,12.000000,存活,36819,36.819000,百分比结合法,4
14,6,Melissa Gilbert,0.131972,13.197166,10.000000,存活,36819,36.819000,百分比结合法,5
14,6,Maria Menounos,0.127091,12.709148,9.999967,存活,36819,36.819000,百分比结合法,6
14,6,Roshon Fegan,0.123387,12.338742,9.333267,存活,36819,36.819000,百分比结合法,7
14,6,Gladys Knight,0.046090,4.608985,8.000000,淘汰,36819,36.819000,百分比结合法,8
14,7,Maria Menounos,0.177405,17.740541,9.500000,存活,15908,15.908000,百分比结合法,1
14,7,Melissa Gilbert,0.201000,20.099975,7.833333,存活,15908,15.908000,百分比结合法,2
14,7,Donald Driver,0.168592,16.859155,8.833333,存活,15908,15.908000,百分比结合法,3
14,7,Roshon Fegan,0.169290,16.928991,8.666667,存活,15908,15.908000,百分比结合法,4
14,7,Katherine Jenkins,0.140342,14.034153,9.000000,存活,15908,15.908000,百分比结合法,5
14,7,William Levy,0.140387,14.038659,8.833333,存活,15908,15.908000,百分比结合法,6
14,7,Jaleel White,0.002985,0.298525,8.500000,淘汰,15908,15.908000,百分比结合法,7
14,8,Donald Driver,0.217642,21.764247,9.166667,存活,28506,28.506000,百分比结合法,1
14,8,Maria Menounos,0.206869,20.686924,8.833333,存活,28506,28.506000,百分比结合法,2
14,8,William Levy,0.172604,17.260364,9.500000,存活,28506,28.506000,百分比结合法,3
14,8,Katherine Jenkins,0.177508,17.750818,9.166667,存活,28506,28.506000,百分比结合法,4
14,8,Roshon Fegan,0.157674,15.767424,9.333333,淘汰,28506,28.506000,百分比结合法,5
14,8,Melissa Gilbert,0.067702,6.770223,8.500000,淘汰,28506,28.506000,百分比结合法,6
14,9,Donald Driver,0.379737,37.973741,9.500000,存活,10326,10.326000,百分比结合法,1
14,9,William Levy,0.315031,31.503124,9.666667,存活,10326,10.326000,百分比结合法,2
14,9,Katherine Jenkins,0.301286,30.128647,9.333333,存活,10326,10.326000,百分比结合法,3
14,9,Maria Menounos,0.003945,0.394489,9.833333,淘汰,10326,10.326000,百分比结合法,4
14,10,Donald Driver,0.370435,37.043450,9.888867,淘汰,100000,100.000000,百分比结合法,1
14,10,Katherine Jenkins,0.315126,31.512636,10.000000,淘汰,100000,100.000000,百分比结合法,2
14,10,William Levy,0.314439,31.443913,9.888867,淘汰,100000,100.000000,百分比结合法,3
15,1,Emmitt Smith,0.096230,9.623041,8.166667,存活,25707,25.707000,百分比结合法,1
15,1,Sabrina Bryan,0.089831,8.983068,7.500000,存活,25707,25.707000,百分比结合法,2
15,1,Shawn Johnson,0.086833,8.683295,7.333333,存活,25707,25.707000,百分比结合法,3
15,1,Apolo Anton Ohno,0.086564,8.656443,7.333333,存活,25707,25.707000,百分比结合法,4
15,1,Kelly Monaco,0.086345,8.634455,7.166667,存活,25707,25.707000,百分比结合法,5
15,1,Gilles Marini,0.076852,7.685204,8.000000,存活,25707,25.707000,百分比结合法,6
15,1,Drew Lachey,0.085468,8.546808,7.166667,存活,25707,25.707000,百分比结合法,7
15,1,Melissa Rycroft,0.080595,8.059509,7.000000,存活,25707,25.707000,百分比结合法,8
15,1,Joey Fatone,0.081393,8.139263,6.833333,存活,25707,25.707000,百分比结合法,9
15,1,Bristol Palin,0.075065,7.506549,6.500000,存活,25707,25.707000,百分比结合法,10
15,1,Kirstie Alley,0.075794,7.579370,6.333333,存活,25707,25.707000,百分比结合法,11
15,1,Helio Castroneves,0.066491,6.649095,7.166667,存活,25707,25.707000,百分比结合法,12
15,1,Pamela Anderson,0.012539,1.253900,5.666667,淘汰,25707,25.707000,百分比结合法,13
15,2,Sabrina Bryan,0.098713,9.871317,8.666667,存活,8282,8.282000,百分比结合法,1
15,2,Kelly Monaco,0.106867,10.686689,7.333333,存活,8282,8.282000,百分比结合法,2
15,2,Shawn Johnson,0.091520,9.151952,8.333333,存活,8282,8.282000,百分比结合法,3
15,2,Apolo Anton Ohno,0.091833,9.183305,8.166667,存活,8282,8.282000,百分比结合法,4
15,2,Kirstie Alley,0.102056,10.205615,7.000000,存活,8282,8.282000,百分比结合法,5
15,2,Emmitt Smith,0.095534,9.553435,7.500000,存活,8282,8.282000,百分比结合法,6
15,2,Drew Lachey,0.094384,9.438373,7.500000,存活,8282,8.282000,百分比结合法,7
15,2,Melissa Rycroft,0.086918,8.691781,7.833333,存活,8282,8.282000,百分比结合法,8
15,2,Gilles Marini,0.078168,7.816760,8.500000,存活,8282,8.282000,百分比结合法,9
15,2,Helio Castroneves,0.068027,6.802693,7.666667,存活,8282,8.282000,百分比结合法,10
15,2,Bristol Palin,0.084090,8.408983,6.000000,存活,8282,8.282000,百分比结合法,11
15,2,Joey Fatone,0.001891,0.189096,7.500000,淘汰,8282,8.282000,百分比结合法,12
15,3,Kelly Monaco,0.104852,10.485204,9.000000,存活,23999,23.999000,百分比结合法,1
15,3,Melissa Rycroft,0.101218,10.121835,9.000000,存活,23999,23.999000,百分比结合法,2
15,3,Shawn Johnson,0.100578,10.057783,8.833333,存活,23999,23.999000,百分比结合法,3
15,3,Emmitt Smith,0.104330,10.432978,8.333333,存活,23999,23.999000,百分比结合法,4
15,3,Kirstie Alley,0.107530,10.753013,8.000000,存活,23999,23.999000,百分比结合法,5
15,3,Sabrina Bryan,0.099320,9.931996,8.500000,存活,23999,23.999000,百分比结合法,6
15,3,Apolo Anton Ohno,0.097641,9.764087,8.500000,存活,23999,23.999000,百分比结合法,7
15,3,Bristol Palin,0.106685,10.668512,7.500000,存活,23999,23.999000,百分比结合法,8
15,3,Gilles Marini,0.080990,8.099031,8.500000,存活,23999,23.999000,百分比结合法,9
15,3,Helio Castroneves,0.053062,5.306233,8.500000,淘汰,23999,23.999000,百分比结合法,10
15,3,Drew Lachey,0.043793,4.379329,8.000000,淘汰,23999,23.999000,百分比结合法,11
15,4,Shawn Johnson,0.133824,13.382376,9.875000,存活,16101,16.101000,百分比结合法,1
15,4,Kelly Monaco,0.129223,12.922294,9.375000,存活,16101,16.101000,百分比结合法,2
15,4,Melissa Rycroft,0.124514,12.451357,9.250000,存活,16101,16.101000,百分比结合法,3
15,4,Emmitt Smith,0.123028,12.302767,9.000000,存活,16101,16.101000,百分比结合法,4
15,4,Sabrina Bryan,0.123479,12.347932,8.875000,存活,16101,16.101000,百分比结合法,5
15,4,Gilles Marini,0.110793,11.079304,9.875000,存活,16101,16.101000,百分比结合法,6
15,4,Kirstie Alley,0.134782,13.478157,7.500000,存活,16101,16.101000,百分比结合法,7
15,4,Apolo Anton Ohno,0.117789,11.778884,8.625000,存活,16101,16.101000,百分比结合法,8
15,4,Bristol Palin,0.002569,0.256928,8.000000,淘汰,16101,16.101000,百分比结合法,9
15,5,Sabrina Bryan,0.136260,13.626012,9.750000,存活,100000,100.000000,百分比结合法,1
15,5,Shawn Johnson,0.129488,12.948769,9.416667,存活,100000,100.000000,百分比结合法,2
15,5,Apolo Anton Ohno,0.129283,12.928345,9.416667,存活,100000,100.000000,百分比结合法,3
15,5,Emmitt Smith,0.128232,12.823196,9.333333,存活,100000,100.000000,百分比结合法,4
15,5,Melissa Rycroft,0.127043,12.704254,9.416667,存活,100000,100.000000,百分比结合法,5
15,5,Kirstie Alley,0.122873,12.287303,8.750000,存活,100000,100.000000,百分比结合法,6
15,5,Kelly Monaco,0.120325,12.032493,8.583333,存活,100000,100.000000,百分比结合法,7
15,5,Gilles Marini,0.106496,10.649627,9.416667,存活,100000,100.000000,百分比结合法,8
15,6,Melissa Rycroft,0.153017,15.301720,9.833333,存活,4539,4.539000,百分比结合法,1
15,6,Apolo Anton Ohno,0.144650,14.464984,10.000000,存活,4539,4.539000,百分比结合法,2
15,6,Shawn Johnson,0.148122,14.812208,9.333333,存活,4539,4.539000,百分比结合法,3
15,6,Kirstie Alley,0.148363,14.836337,9.166667,存活,4539,4.539000,百分比结合法,4
15,6,Kelly Monaco,0.145569,14.556884,9.000000,存活,4539,4.539000,百分比结合法,5
15,6,Emmitt Smith,0.140086,14.008567,8.833333,存活,4539,4.539000,百分比结合法,6
15,6,Gilles Marini,0.118595,11.859521,9.166667,存活,4539,4.539000,百分比结合法,7
15,6,Sabrina Bryan,0.001598,0.159778,10.000000,淘汰,4539,4.539000,百分比结合法,8
15,7,Melissa Rycroft,0.161041,16.104149,12.999967,存活,100000,100.000000,百分比结合法,1
15,7,Shawn Johnson,0.159949,15.994938,12.666600,存活,100000,100.000000,百分比结合法,2
15,7,Kelly Monaco,0.154586,15.458648,12.000000,存活,100000,100.000000,百分比结合法,3
15,7,Emmitt Smith,0.145669,14.566941,11.499967,存活,100000,100.000000,百分比结合法,4
15,7,Apolo Anton Ohno,0.139889,13.988889,11.000000,存活,100000,100.000000,百分比结合法,5
15,7,Gilles Marini,0.116699,11.669924,11.166600,存活,100000,100.000000,百分比结合法,6
15,7,Kirstie Alley,0.122165,12.216512,9.333300,存活,100000,100.000000,百分比结合法,7
15,8,Emmitt Smith,0.163933,16.393254,9.685133,存活,49195,49.195000,百分比结合法,1
15,8,Melissa Rycroft,0.158845,15.884452,10.000000,存活,49195,49.195000,百分比结合法,2
15,8,Kelly Monaco,0.163856,16.385630,9.444433,存活,49195,49.195000,百分比结合法,3
15,8,Apolo Anton Ohno,0.158319,15.831853,9.759233,存活,49195,49.195000,百分比结合法,4
15,8,Shawn Johnson,0.158354,15.835429,9.277767,存活,49195,49.195000,百分比结合法,5
15,8,Gilles Marini,0.110499,11.049911,9.759233,淘汰,49195,49.195000,百分比结合法,6
15,8,Kirstie Alley,0.086195,8.619470,8.500000,淘汰,49195,49.195000,百分比结合法,7
15,9,Shawn Johnson,0.228601,22.860057,9.833333,存活,56721,56.721000,百分比结合法,1
15,9,Kelly Monaco,0.233082,23.308179,9.037000,存活,56721,56.721000,百分比结合法,2
15,9,Melissa Rycroft,0.220144,22.014406,9.592567,存活,56721,56.721000,百分比结合法,3
15,9,Apolo Anton Ohno,0.174031,17.403057,9.537000,淘汰,56721,56.721000,百分比结合法,4
15,9,Emmitt Smith,0.144143,14.414301,9.000000,淘汰,56721,56.721000,百分比结合法,5
15,10,Kelly Monaco,0.338737,33.873690,9.703633,淘汰,100000,100.000000,百分比结合法,1
15,10,Melissa Rycroft,0.330263,33.026272,9.777700,淘汰,100000,100.000000,百分比结合法,2
15,10,Shawn Johnson,0.331000,33.100038,9.648100,淘汰,100000,100.000000,百分比结合法,3
16,1,Zendaya,0.109226,10.922643,8.000000,存活,100000,100.000000,百分比结合法,1
16,1,Kellie Pickler,0.095405,9.540470,7.000000,存活,100000,100.000000,百分比结合法,2
16,1,Dorothy Hamill,0.094729,9.472852,7.000000,存活,100000,100.000000,百分比结合法,3
16,1,Alexandra Raisman,0.094702,9.470235,7.000000,存活,100000,100.000000,百分比结合法,4
16,1,Jacoby Jones,0.090222,9.022199,6.666667,存活,100000,100.000000,百分比结合法,5
16,1,Sean Lowe,0.084457,8.445678,6.333333,存活,100000,100.000000,百分比结合法,6
16,1,Ingo Rademacher,0.073769,7.376918,6.666667,存活,100000,100.000000,百分比结合法,7
16,1,Wynonna Judd,0.082356,8.235644,6.000000,存活,100000,100.000000,百分比结合法,8
16,1,Victor Ortiz,0.081295,8.129450,6.000000,存活,100000,100.000000,百分比结合法,9
16,1,Andy Dick,0.075536,7.553643,5.666667,存活,100000,100.000000,百分比结合法,10
16,1,Lisa Vanderpump,0.064192,6.419155,6.000000,存活,100000,100.000000,百分比结合法,11
16,1,D. L. Hughley,0.054111,5.411113,4.000000,存活,100000,100.000000,百分比结合法,12
16,2,Zendaya,0.116679,11.667915,8.666667,存活,27292,27.292000,百分比结合法,1
16,2,Kellie Pickler,0.114907,11.490685,8.666667,存活,27292,27.292000,百分比结合法,2
16,2,Alexandra Raisman,0.106320,10.631953,8.000000,存活,27292,27.292000,百分比结合法,3
16,2,Jacoby Jones,0.102018,10.201824,7.666667,存活,27292,27.292000,百分比结合法,4
16,2,Sean Lowe,0.087363,8.736336,6.666667,存活,27292,27.292000,百分比结合法,5
16,2,Andy Dick,0.086939,8.693908,6.666667,存活,27292,27.292000,百分比结合法,6
16,2,Ingo Rademacher,0.073005,7.300457,6.666667,存活,27292,27.292000,百分比结合法,7
16,2,Wynonna Judd,0.080615,8.061490,6.000000,存活,27292,27.292000,百分比结合法,8
16,2,Victor Ortiz,0.080088,8.008771,6.000000,存活,27292,27.292000,百分比结合法,9
16,2,Lisa Vanderpump,0.063332,6.333190,6.000000,存活,27292,27.292000,百分比结合法,10
16,2,D. L. Hughley,0.070047,7.004725,5.333333,存活,27292,27.292000,百分比结合法,11
16,2,Dorothy Hamill,0.018687,1.868746,5.000000,淘汰,27292,27.292000,百分比结合法,12
16,3,Zendaya,0.121512,12.151233,8.666600,存活,28478,28.478000,百分比结合法,1
16,3,Jacoby Jones,0.119247,11.924693,8.666600,存活,28478,28.478000,百分比结合法,2
16,3,Kellie Pickler,0.116196,11.619594,8.333333,存活,28478,28.478000,百分比结合法,3
16,3,Alexandra Raisman,0.106550,10.655014,7.666667,存活,28478,28.478000,百分比结合法,4
16,3,Victor Ortiz,0.106193,10.619347,7.666667,存活,28478,28.478000,百分比结合法,5
16,3,Sean Lowe,0.095599,9.559890,7.000000,存活,28478,28.478000,百分比结合法,6
16,3,Ingo Rademacher,0.079692,7.969218,7.000000,存活,28478,28.478000,百分比结合法,7
16,3,Lisa Vanderpump,0.076520,7.651961,7.000000,存活,28478,28.478000,百分比结合法,8
16,3,Andy Dick,0.082348,8.234833,6.000000,存活,28478,28.478000,百分比结合法,9
16,3,D. L. Hughley,0.073341,7.334059,5.333333,存活,28478,28.478000,百分比结合法,10
16,3,Wynonna Judd,0.022802,2.280158,5.000000,淘汰,28478,28.478000,百分比结合法,11
16,4,Alexandra Raisman,0.130197,13.019750,9.000000,存活,30473,30.473000,百分比结合法,1
16,4,Zendaya,0.128203,12.820349,8.666667,存活,30473,30.473000,百分比结合法,2
16,4,Kellie Pickler,0.127071,12.707068,8.666667,存活,30473,30.473000,百分比结合法,3
16,4,Jacoby Jones,0.115161,11.516123,8.000000,存活,30473,30.473000,百分比结合法,4
16,4,Andy Dick,0.100623,10.062344,7.000000,存活,30473,30.473000,百分比结合法,5
16,4,Ingo Rademacher,0.091368,9.136777,7.666667,存活,30473,30.473000,百分比结合法,6
16,4,D. L. Hughley,0.099918,9.991828,7.000000,存活,30473,30.473000,百分比结合法,7
16,4,Sean Lowe,0.095515,9.551524,6.666667,存活,30473,30.473000,百分比结合法,8
16,4,Victor Ortiz,0.087568,8.756815,6.000000,存活,30473,30.473000,百分比结合法,9
16,4,Lisa Vanderpump,0.024374,2.437421,6.000000,淘汰,30473,30.473000,百分比结合法,10
16,5,Zendaya,0.152083,15.208292,9.666667,存活,24571,24.571000,百分比结合法,1
16,5,Kellie Pickler,0.140518,14.051848,9.000000,存活,24571,24.571000,百分比结合法,2
16,5,Jacoby Jones,0.133867,13.386652,8.666667,存活,24571,24.571000,百分比结合法,3
16,5,Alexandra Raisman,0.128195,12.819508,8.333333,存活,24571,24.571000,百分比结合法,4
16,5,Sean Lowe,0.121301,12.130051,8.000000,存活,24571,24.571000,百分比结合法,5
16,5,Victor Ortiz,0.109136,10.913642,7.000000,存活,24571,24.571000,百分比结合法,6
16,5,Ingo Rademacher,0.089123,8.912258,7.000000,存活,24571,24.571000,百分比结合法,7
16,5,Andy Dick,0.100847,10.084689,6.000000,存活,24571,24.571000,百分比结合法,8
16,5,D. L. Hughley,0.024931,2.493060,6.000000,淘汰,24571,24.571000,百分比结合法,9
16,6,Kellie Pickler,0.157505,15.750513,9.000000,存活,36687,36.687000,百分比结合法,1
16,6,Alexandra Raisman,0.149721,14.972133,8.666667,存活,36687,36.687000,百分比结合法,2
16,6,Zendaya,0.149649,14.964911,8.500000,存活,36687,36.687000,百分比结合法,3
16,6,Sean Lowe,0.130840,13.083966,7.666667,存活,36687,36.687000,百分比结合法,4
16,6,Jacoby Jones,0.130289,13.028872,7.500000,存活,36687,36.687000,百分比结合法,5
16,6,Andy Dick,0.121760,12.175966,7.166667,存活,36687,36.687000,百分比结合法,6
16,6,Ingo Rademacher,0.108994,10.899373,7.666667,存活,36687,36.687000,百分比结合法,7
16,6,Victor Ortiz,0.051243,5.124266,6.666667,淘汰,36687,36.687000,百分比结合法,8
16,7,Alexandra Raisman,0.185506,18.550585,10.666667,存活,40722,40.722000,百分比结合法,1
16,7,Zendaya,0.177956,17.795604,10.000000,存活,40722,40.722000,百分比结合法,2
16,7,Kellie Pickler,0.170832,17.083239,9.666667,存活,40722,40.722000,百分比结合法,3
16,7,Jacoby Jones,0.157883,15.788339,9.000000,存活,40722,40.722000,百分比结合法,4
16,7,Sean Lowe,0.138243,13.824320,8.000000,存活,40722,40.722000,百分比结合法,5
16,7,Ingo Rademacher,0.120432,12.043197,8.333333,存活,40722,40.722000,百分比结合法,6
16,7,Andy Dick,0.049147,4.914716,5.666667,淘汰,40722,40.722000,百分比结合法,7
16,8,Zendaya,0.207566,20.756593,9.666667,存活,46207,46.207000,百分比结合法,1
16,8,Alexandra Raisman,0.195903,19.590307,9.333333,存活,46207,46.207000,百分比结合法,2
16,8,Kellie Pickler,0.194785,19.478505,9.166667,存活,46207,46.207000,百分比结合法,3
16,8,Jacoby Jones,0.183365,18.336479,8.666667,存活,46207,46.207000,百分比结合法,4
16,8,Ingo Rademacher,0.138844,13.884354,8.000000,存活,46207,46.207000,百分比结合法,5
16,8,Sean Lowe,0.079538,7.953762,7.000000,淘汰,46207,46.207000,百分比结合法,6
16,9,Alexandra Raisman,0.229205,22.920459,9.833333,存活,52566,52.566000,百分比结合法,1
16,9,Jacoby Jones,0.228903,22.890334,9.833333,存活,52566,52.566000,百分比结合法,2
16,9,Kellie Pickler,0.227813,22.781320,9.666667,存活,52566,52.566000,百分比结合法,3
16,9,Zendaya,0.218353,21.835276,9.166667,存活,52566,52.566000,百分比结合法,4
16,9,Ingo Rademacher,0.095726,9.572611,8.500000,淘汰,52566,52.566000,百分比结合法,5
16,10,Zendaya,0.258113,25.811272,10.000000,淘汰,100000,100.000000,百分比结合法,1
16,10,Kellie Pickler,0.256796,25.679640,10.000000,淘汰,100000,100.000000,百分比结合法,2
16,10,Alexandra Raisman,0.246351,24.635063,9.666667,淘汰,100000,100.000000,百分比结合法,3
16,10,Jacoby Jones,0.238740,23.874025,9.333300,淘汰,100000,100.000000,百分比结合法,4
17,1,Amber Riley,0.109604,10.960428,9.000000,存活,100000,100.000000,百分比结合法,1
17,1,Corbin Bleu,0.098120,9.811964,8.000000,存活,100000,100.000000,百分比结合法,2
17,1,Elizabeth Berkley Lauren,0.097938,9.793802,8.000000,存活,100000,100.000000,百分比结合法,3
17,1,Brant Daugherty,0.090136,9.013612,7.333333,存活,100000,100.000000,百分比结合法,4
17,1,Christina Milian,0.089277,8.927664,7.333333,存活,100000,100.000000,百分比结合法,5
17,1,Valerie Harper,0.086365,8.636550,7.000000,存活,100000,100.000000,百分比结合法,6
17,1,Leah Remini,0.086183,8.618286,7.000000,存活,100000,100.000000,百分比结合法,7
17,1,Jack Osbourne,0.072929,7.292944,7.666667,存活,100000,100.000000,百分比结合法,8
17,1,"Nicole ""Snooki"" Polizzi",0.072669,7.266933,7.666667,存活,100000,100.000000,百分比结合法,9
17,1,Bill Engvall,0.071447,7.144661,6.000000,存活,100000,100.000000,百分比结合法,10
17,1,Keyshawn Johnson,0.068988,6.898799,5.666667,存活,100000,100.000000,百分比结合法,11
17,1,Bill Nye,0.056344,5.634357,4.666667,存活,100000,100.000000,百分比结合法,12
17,2,Corbin Bleu,0.107303,10.730259,8.666667,存活,16010,16.010000,百分比结合法,1
17,2,Elizabeth Berkley Lauren,0.103708,10.370774,8.333333,存活,16010,16.010000,百分比结合法,2
17,2,Christina Milian,0.103040,10.304008,8.333333,存活,16010,16.010000,百分比结合法,3
17,2,Amber Riley,0.099122,9.912174,8.000000,存活,16010,16.010000,百分比结合法,4
17,2,Leah Remini,0.098649,9.864883,8.000000,存活,16010,16.010000,百分比结合法,5
17,2,Brant Daugherty,0.094954,9.495390,7.666667,存活,16010,16.010000,百分比结合法,6
17,2,Jack Osbourne,0.076495,7.649545,8.000000,存活,16010,16.010000,百分比结合法,7
17,2,Bill Engvall,0.083919,8.391876,7.000000,存活,16010,16.010000,百分比结合法,8
17,2,Valerie Harper,0.079439,7.943935,6.333333,存活,16010,16.010000,百分比结合法,9
17,2,Bill Nye,0.086512,8.651205,5.666667,存活,16010,16.010000,百分比结合法,10
17,2,"Nicole ""Snooki"" Polizzi",0.064307,6.430734,6.666667,存活,16010,16.010000,百分比结合法,11
17,2,Keyshawn Johnson,0.002552,0.255216,6.000000,淘汰,16010,16.010000,百分比结合法,12
17,3,Brant Daugherty,0.115906,11.590603,9.000000,存活,26089,26.089000,百分比结合法,1
17,3,Corbin Bleu,0.111294,11.129377,8.666667,存活,26089,26.089000,百分比结合法,2
17,3,Christina Milian,0.110941,11.094103,8.666667,存活,26089,26.089000,百分比结合法,3
17,3,Elizabeth Berkley Lauren,0.107245,10.724460,8.333333,存活,26089,26.089000,百分比结合法,4
17,3,Amber Riley,0.103704,10.370431,8.000000,存活,26089,26.089000,百分比结合法,5
17,3,Leah Remini,0.102904,10.290369,8.000000,存活,26089,26.089000,百分比结合法,6
17,3,Bill Engvall,0.099778,9.977837,8.000000,存活,26089,26.089000,百分比结合法,7
17,3,"Nicole ""Snooki"" Polizzi",0.083710,8.371029,8.333333,存活,26089,26.089000,百分比结合法,8
17,3,Jack Osbourne,0.073394,7.339356,7.333333,存活,26089,26.089000,百分比结合法,9
17,3,Valerie Harper,0.071975,7.197522,5.333333,存活,26089,26.089000,百分比结合法,10
17,3,Bill Nye,0.019149,1.914913,5.333333,淘汰,26089,26.089000,百分比结合法,11
17,4,Corbin Bleu,0.126085,12.608480,9.000000,存活,30699,30.699000,百分比结合法,1
17,4,Amber Riley,0.126020,12.601950,9.000000,存活,30699,30.699000,百分比结合法,2
17,4,Elizabeth Berkley Lauren,0.125999,12.599886,9.000000,存活,30699,30.699000,百分比结合法,3
17,4,Leah Remini,0.112597,11.259743,8.000000,存活,30699,30.699000,百分比结合法,4
17,4,Christina Milian,0.111813,11.181327,8.000000,存活,30699,30.699000,百分比结合法,5
17,4,Jack Osbourne,0.087109,8.710903,8.000000,存活,30699,30.699000,百分比结合法,6
17,4,"Nicole ""Snooki"" Polizzi",0.086732,8.673166,8.000000,存活,30699,30.699000,百分比结合法,7
17,4,Brant Daugherty,0.098749,9.874910,7.000000,存活,30699,30.699000,百分比结合法,8
17,4,Bill Engvall,0.095131,9.513115,7.000000,存活,30699,30.699000,百分比结合法,9
17,4,Valerie Harper,0.029765,2.976520,6.000000,淘汰,30699,30.699000,百分比结合法,10
17,5,Brant Daugherty,0.142140,14.213956,9.000000,存活,3822,3.822000,百分比结合法,1
17,5,Elizabeth Berkley Lauren,0.136870,13.687049,8.666667,存活,3822,3.822000,百分比结合法,2
17,5,Amber Riley,0.136838,13.683837,8.666667,存活,3822,3.822000,百分比结合法,3
17,5,Corbin Bleu,0.126351,12.635057,9.333333,存活,3822,3.822000,百分比结合法,4
17,5,"Nicole ""Snooki"" Polizzi",0.109518,10.951818,9.000000,存活,3822,3.822000,百分比结合法,5
17,5,Jack Osbourne,0.109363,10.936252,9.000000,存活,3822,3.822000,百分比结合法,6
17,5,Bill Engvall,0.121462,12.146179,8.000000,存活,3822,3.822000,百分比结合法,7
17,5,Leah Remini,0.115802,11.580225,7.333333,存活,3822,3.822000,百分比结合法,8
17,5,Christina Milian,0.001656,0.165628,9.333333,淘汰,3822,3.822000,百分比结合法,9
17,6,Amber Riley,0.146966,14.696647,10.666633,存活,100000,100.000000,百分比结合法,1
17,6,Elizabeth Berkley Lauren,0.146239,14.623938,10.666600,存活,100000,100.000000,百分比结合法,2
17,6,Brant Daugherty,0.141734,14.173418,10.333333,存活,100000,100.000000,百分比结合法,3
17,6,Leah Remini,0.129162,12.916238,9.333300,存活,100000,100.000000,百分比结合法,4
17,6,Corbin Bleu,0.124543,12.454348,8.999967,存活,100000,100.000000,百分比结合法,5
17,6,"Nicole ""Snooki"" Polizzi",0.106916,10.691600,10.000000,存活,100000,100.000000,百分比结合法,6
17,6,Jack Osbourne,0.096986,9.698642,8.999933,存活,100000,100.000000,百分比结合法,7
17,6,Bill Engvall,0.107452,10.745169,7.999967,存活,100000,100.000000,百分比结合法,8
17,7,Amber Riley,0.143408,14.340782,9.833333,存活,28434,28.434000,百分比结合法,1
17,7,Corbin Bleu,0.143110,14.310961,9.833333,存活,28434,28.434000,百分比结合法,2
17,7,Brant Daugherty,0.138744,13.874422,9.500000,存活,28434,28.434000,百分比结合法,3
17,7,Leah Remini,0.146776,14.677557,8.833333,存活,28434,28.434000,百分比结合法,4
17,7,Elizabeth Berkley Lauren,0.132242,13.224195,9.000000,存活,28434,28.434000,百分比结合法,5
17,7,Bill Engvall,0.133397,13.339707,8.333333,存活,28434,28.434000,百分比结合法,6
17,7,Jack Osbourne,0.107111,10.711076,9.500000,存活,28434,28.434000,百分比结合法,7
17,7,"Nicole ""Snooki"" Polizzi",0.055213,5.521300,9.000000,淘汰,28434,28.434000,百分比结合法,8
17,8,Corbin Bleu,0.172953,17.295328,10.000000,存活,12838,12.838000,百分比结合法,1
17,8,Elizabeth Berkley Lauren,0.189392,18.939186,8.333333,存活,12838,12.838000,百分比结合法,2
17,8,Leah Remini,0.164202,16.420185,9.333333,存活,12838,12.838000,百分比结合法,3
17,8,Amber Riley,0.161349,16.134899,9.333333,存活,12838,12.838000,百分比结合法,4
17,8,Bill Engvall,0.174882,17.488199,8.000000,存活,12838,12.838000,百分比结合法,5
17,8,Jack Osbourne,0.134725,13.472455,10.000000,存活,12838,12.838000,百分比结合法,6
17,8,Brant Daugherty,0.002497,0.249749,9.000000,淘汰,12838,12.838000,百分比结合法,7
17,9,Leah Remini,0.233526,23.352587,9.000000,存活,8145,8.145000,百分比结合法,1
17,9,Amber Riley,0.220569,22.056928,8.500000,存活,8145,8.145000,百分比结合法,2
17,9,Corbin Bleu,0.188794,18.879375,9.666667,存活,8145,8.145000,百分比结合法,3
17,9,Jack Osbourne,0.179688,17.968804,9.000000,存活,8145,8.145000,百分比结合法,4
17,9,Bill Engvall,0.174673,17.467339,7.000000,存活,8145,8.145000,百分比结合法,5
17,9,Elizabeth Berkley Lauren,0.002750,0.274967,9.333333,淘汰,8145,8.145000,百分比结合法,6
17,10,Amber Riley,0.269203,26.920251,9.875000,存活,16006,16.006000,百分比结合法,1
17,10,Corbin Bleu,0.258705,25.870461,9.375000,存活,16006,16.006000,百分比结合法,2
17,10,Bill Engvall,0.273011,27.301089,7.500000,存活,16006,16.006000,百分比结合法,3
17,10,Jack Osbourne,0.194480,19.447959,8.875000,存活,16006,16.006000,百分比结合法,4
17,10,Leah Remini,0.004602,0.460241,8.125000,淘汰,16006,16.006000,百分比结合法,5
17,11,Amber Riley,0.286991,28.699074,10.444400,淘汰,100000,100.000000,百分比结合法,1
17,11,Corbin Bleu,0.273871,27.387053,9.888800,淘汰,100000,100.000000,百分比结合法,2
17,11,Bill Engvall,0.232563,23.256295,8.499967,淘汰,100000,100.000000,百分比结合法,3
17,11,Jack Osbourne,0.206576,20.657578,9.333300,淘汰,100000,100.000000,百分比结合法,4
18,1,Charlie White,0.110887,11.088705,9.000000,存活,15942,15.942000,百分比结合法,1
18,1,Candace Cameron Bure,0.104412,10.441187,8.333333,存活,15942,15.942000,百分比结合法,2
18,1,Danica McKellar,0.100929,10.092936,8.000000,存活,15942,15.942000,百分比结合法,3
18,1,Amy Purdy,0.099500,9.949983,8.000000,存活,15942,15.942000,百分比结合法,4
18,1,Meryl Davis,0.098227,9.822657,8.000000,存活,15942,15.942000,百分比结合法,5
18,1,James Maslow,0.089115,8.911451,7.000000,存活,15942,15.942000,百分比结合法,6
18,1,Drew Carey,0.086066,8.606589,7.000000,存活,15942,15.942000,百分比结合法,7
18,1,NeNe Leakes,0.085683,8.568332,7.000000,存活,15942,15.942000,百分比结合法,8
18,1,Cody Simpson,0.074526,7.452571,7.333333,存活,15942,15.942000,百分比结合法,9
18,1,Sean Avery,0.067083,6.708331,6.666667,存活,15942,15.942000,百分比结合法,10
18,1,Billy Dee Williams,0.080968,8.096850,5.000000,存活,15942,15.942000,百分比结合法,11
18,1,Diana Nyad,0.002604,0.260409,6.000000,淘汰,15942,15.942000,百分比结合法,12
18,2,James Maslow,0.112367,11.236704,8.333333,存活,44698,44.698000,百分比结合法,1
18,2,Meryl Davis,0.110743,11.074292,8.333333,存活,44698,44.698000,百分比结合法,2
18,2,Charlie White,0.110334,11.033360,8.333333,存活,44698,44.698000,百分比结合法,3
18,2,Danica McKellar,0.108552,10.855166,8.000000,存活,44698,44.698000,百分比结合法,4
18,2,Amy Purdy,0.106236,10.623574,8.000000,存活,44698,44.698000,百分比结合法,5
18,2,Candace Cameron Bure,0.095502,9.550188,7.000000,存活,44698,44.698000,百分比结合法,6
18,2,NeNe Leakes,0.091505,9.150521,7.000000,存活,44698,44.698000,百分比结合法,7
18,2,Drew Carey,0.091401,9.140130,7.000000,存活,44698,44.698000,百分比结合法,8
18,2,Cody Simpson,0.079327,7.932729,7.333333,存活,44698,44.698000,百分比结合法,9
18,2,Sean Avery,0.048966,4.896570,7.000000,淘汰,44698,44.698000,百分比结合法,10
18,2,Billy Dee Williams,0.045068,4.506768,5.000000,淘汰,44698,44.698000,百分比结合法,11
18,3,Meryl Davis,0.126410,12.641002,9.750000,存活,100000,100.000000,百分比结合法,1
18,3,James Maslow,0.120367,12.036686,9.000000,存活,100000,100.000000,百分比结合法,2
18,3,Danica McKellar,0.120064,12.006354,9.000000,存活,100000,100.000000,百分比结合法,3
18,3,Amy Purdy,0.117834,11.783374,9.000000,存活,100000,100.000000,百分比结合法,4
18,3,Charlie White,0.117647,11.764689,9.000000,存活,100000,100.000000,百分比结合法,5
18,3,Candace Cameron Bure,0.107215,10.721546,8.000000,存活,100000,100.000000,百分比结合法,6
18,3,Cody Simpson,0.093270,9.326978,8.750000,存活,100000,100.000000,百分比结合法,7
18,3,NeNe Leakes,0.100064,10.006409,7.750000,存活,100000,100.000000,百分比结合法,8
18,3,Drew Carey,0.097130,9.712962,7.500000,存活,100000,100.000000,百分比结合法,9
18,4,Meryl Davis,0.132915,13.291515,9.750000,存活,100000,100.000000,百分比结合法,1
18,4,James Maslow,0.121712,12.171219,8.750000,存活,100000,100.000000,百分比结合法,2
18,4,Amy Purdy,0.116273,11.627305,8.500000,存活,100000,100.000000,百分比结合法,3
18,4,Charlie White,0.113259,11.325853,8.250000,存活,100000,100.000000,百分比结合法,4
18,4,Drew Carey,0.110877,11.087705,8.250000,存活,100000,100.000000,百分比结合法,5
18,4,Danica McKellar,0.111859,11.185913,8.000000,存活,100000,100.000000,百分比结合法,6
18,4,NeNe Leakes,0.107618,10.761818,8.000000,存活,100000,100.000000,百分比结合法,7
18,4,Candace Cameron Bure,0.098520,9.851962,7.000000,存活,100000,100.000000,百分比结合法,8
18,4,Cody Simpson,0.086967,8.696710,7.750000,存活,100000,100.000000,百分比结合法,9
18,5,James Maslow,0.137285,13.728459,10.000000,存活,15965,15.965000,百分比结合法,1
18,5,Danica McKellar,0.133221,13.322107,9.750000,存活,15965,15.965000,百分比结合法,2
18,5,Charlie White,0.124749,12.474935,9.250000,存活,15965,15.965000,百分比结合法,3
18,5,Amy Purdy,0.123528,12.352770,9.250000,存活,15965,15.965000,百分比结合法,4
18,5,Meryl Davis,0.121058,12.105795,9.000000,存活,15965,15.965000,百分比结合法,5
18,5,NeNe Leakes,0.118694,11.869363,9.000000,存活,15965,15.965000,百分比结合法,6
18,5,Candace Cameron Bure,0.120454,12.045407,8.750000,存活,15965,15.965000,百分比结合法,7
18,5,Drew Carey,0.119377,11.937722,7.000000,存活,15965,15.965000,百分比结合法,8
18,5,Cody Simpson,0.001634,0.163442,8.500000,淘汰,15965,15.965000,百分比结合法,9
18,6,Meryl Davis,0.149982,14.998161,10.000000,存活,32413,32.413000,百分比结合法,1
18,6,Amy Purdy,0.143090,14.308993,9.500000,存活,32413,32.413000,百分比结合法,2
18,6,Danica McKellar,0.139195,13.919457,9.000000,存活,32413,32.413000,百分比结合法,3
18,6,Charlie White,0.135671,13.567115,9.000000,存活,32413,32.413000,百分比结合法,4
18,6,James Maslow,0.135358,13.535842,8.750000,存活,32413,32.413000,百分比结合法,5
18,6,Candace Cameron Bure,0.128059,12.805915,8.000000,存活,32413,32.413000,百分比结合法,6
18,6,NeNe Leakes,0.123029,12.302947,8.250000,存活,32413,32.413000,百分比结合法,7
18,6,Drew Carey,0.045616,4.561571,8.000000,淘汰,32413,32.413000,百分比结合法,8
18,7,Meryl Davis,0.163534,16.353433,9.750000,存活,41106,41.106000,百分比结合法,1
18,7,Amy Purdy,0.157426,15.742612,9.375000,存活,41106,41.106000,百分比结合法,2
18,7,Candace Cameron Bure,0.159008,15.900769,9.250000,存活,41106,41.106000,百分比结合法,3
18,7,Danica McKellar,0.154569,15.456950,9.000000,存活,41106,41.106000,百分比结合法,4
18,7,Charlie White,0.149169,14.916873,8.875000,存活,41106,41.106000,百分比结合法,5
18,7,James Maslow,0.149674,14.967420,8.750000,存活,41106,41.106000,百分比结合法,6
18,7,NeNe Leakes,0.066619,6.661944,8.250000,淘汰,41106,41.106000,百分比结合法,7
18,8,Candace Cameron Bure,0.214916,21.491586,9.000000,存活,10363,10.363000,百分比结合法,1
18,8,James Maslow,0.214801,21.480110,9.000000,存活,10363,10.363000,百分比结合法,2
18,8,Meryl Davis,0.210748,21.074847,9.000000,存活,10363,10.363000,百分比结合法,3
18,8,Amy Purdy,0.179448,17.944813,10.000000,存活,10363,10.363000,百分比结合法,4
18,8,Charlie White,0.177598,17.759772,10.000000,存活,10363,10.363000,百分比结合法,5
18,8,Danica McKellar,0.002489,0.248871,9.500000,淘汰,10363,10.363000,百分比结合法,6
18,9,Candace Cameron Bure,0.287322,28.732182,9.000000,存活,15221,15.221000,百分比结合法,1
18,9,James Maslow,0.246836,24.683555,9.500000,存活,15221,15.221000,百分比结合法,2
18,9,Meryl Davis,0.230734,23.073367,10.000000,存活,15221,15.221000,百分比结合法,3
18,9,Amy Purdy,0.229088,22.908767,9.750000,存活,15221,15.221000,百分比结合法,4
18,9,Charlie White,0.006021,0.602129,9.500000,淘汰,15221,15.221000,百分比结合法,5
18,10,Meryl Davis,0.257409,25.740879,10.000000,淘汰,100000,100.000000,百分比结合法,1
18,10,Amy Purdy,0.256196,25.619642,9.888867,淘汰,100000,100.000000,百分比结合法,2
18,10,James Maslow,0.255327,25.532651,9.666667,淘汰,100000,100.000000,百分比结合法,3
18,10,Candace Cameron Bure,0.231068,23.106828,8.666600,淘汰,100000,100.000000,百分比结合法,4
19,1,Alfonso Ribeiro,0.105282,10.528181,9.000000,存活,16184,16.184000,百分比结合法,1
19,1,Sadie Robertson,0.096236,9.623648,8.500000,存活,16184,16.184000,百分比结合法,2
19,1,Bethany Mota,0.095179,9.517854,8.000000,存活,16184,16.184000,百分比结合法,3
19,1,Lea Thompson,0.093758,9.375829,8.000000,存活,16184,16.184000,百分比结合法,4
19,1,Randy Couture,0.089059,8.905875,7.750000,存活,16184,16.184000,百分比结合法,5
19,1,Jonathan Bennett,0.088924,8.892381,7.500000,存活,16184,16.184000,百分比结合法,6
19,1,Janel Parrish,0.085019,8.501911,7.250000,存活,16184,16.184000,百分比结合法,7
19,1,Tavis Smiley,0.081480,8.147964,7.250000,存活,16184,16.184000,百分比结合法,8
19,1,Michael Waltrip,0.071077,7.107667,6.250000,存活,16184,16.184000,百分比结合法,9
19,1,Tommy Chong,0.061236,6.123615,6.750000,存活,16184,16.184000,百分比结合法,10
19,1,Antonio Sabato Jr.,0.059609,5.960878,6.250000,存活,16184,16.184000,百分比结合法,11
19,1,Betsey Johnson,0.070522,7.052173,5.000000,存活,16184,16.184000,百分比结合法,12
19,1,Lolo Jones,0.002620,0.262024,5.500000,淘汰,16184,16.184000,百分比结合法,13
19,2,Lea Thompson,0.104617,10.461725,8.750000,存活,10741,10.741000,百分比结合法,1
19,2,Janel Parrish,0.101616,10.161583,8.500000,存活,10741,10.741000,百分比结合法,2
19,2,Bethany Mota,0.098910,9.890955,8.250000,存活,10741,10.741000,百分比结合法,3
19,2,Alfonso Ribeiro,0.095349,9.534854,8.000000,存活,10741,10.741000,百分比结合法,4
19,2,Sadie Robertson,0.088756,8.875635,7.750000,存活,10741,10.741000,百分比结合法,5
19,2,Jonathan Bennett,0.089583,8.958334,7.500000,存活,10741,10.741000,百分比结合法,6
19,2,Betsey Johnson,0.089579,8.957890,7.000000,存活,10741,10.741000,百分比结合法,7
19,2,Randy Couture,0.085577,8.557712,7.000000,存活,10741,10.741000,百分比结合法,8
19,2,Antonio Sabato Jr.,0.074791,7.479097,7.750000,存活,10741,10.741000,百分比结合法,9
19,2,Tommy Chong,0.081671,8.167051,7.000000,存活,10741,10.741000,百分比结合法,10
19,2,Michael Waltrip,0.087524,8.752398,6.000000,存活,10741,10.741000,百分比结合法,11
19,2,Tavis Smiley,0.002028,0.202766,7.000000,淘汰,10741,10.741000,百分比结合法,12
19,3,Bethany Mota,0.126562,12.656169,10.000000,存活,26016,26.016000,百分比结合法,1
19,3,Janel Parrish,0.125844,12.584373,10.000000,存活,26016,26.016000,百分比结合法,2
19,3,Jonathan Bennett,0.101513,10.151330,8.000000,存活,26016,26.016000,百分比结合法,3
19,3,Alfonso Ribeiro,0.101196,10.119626,8.000000,存活,26016,26.016000,百分比结合法,4
19,3,Sadie Robertson,0.097530,9.752953,8.000000,存活,26016,26.016000,百分比结合法,5
19,3,Lea Thompson,0.097883,9.788288,7.750000,存活,26016,26.016000,百分比结合法,6
19,3,Tommy Chong,0.083318,8.331792,8.500000,存活,26016,26.016000,百分比结合法,7
19,3,Betsey Johnson,0.086757,8.675676,7.250000,存活,26016,26.016000,百分比结合法,8
19,3,Michael Waltrip,0.085420,8.541972,7.000000,存活,26016,26.016000,百分比结合法,9
19,3,Antonio Sabato Jr.,0.074587,7.458689,7.250000,存活,26016,26.016000,百分比结合法,10
19,3,Randy Couture,0.019391,1.939131,6.500000,淘汰,26016,26.016000,百分比结合法,11
19,4,Alfonso Ribeiro,0.131095,13.109485,10.000000,存活,8125,8.125000,百分比结合法,1
19,4,Lea Thompson,0.126362,12.636207,9.750000,存活,8125,8.125000,百分比结合法,2
19,4,Janel Parrish,0.119953,11.995280,9.000000,存活,8125,8.125000,百分比结合法,3
19,4,Sadie Robertson,0.116623,11.662297,9.250000,存活,8125,8.125000,百分比结合法,4
19,4,Bethany Mota,0.110897,11.089672,8.250000,存活,8125,8.125000,百分比结合法,5
19,4,Antonio Sabato Jr.,0.098230,9.823017,7.250000,存活,8125,8.125000,百分比结合法,6
19,4,Michael Waltrip,0.101869,10.186934,6.250000,存活,8125,8.125000,百分比结合法,7
19,4,Tommy Chong,0.091234,9.123410,7.000000,存活,8125,8.125000,百分比结合法,8
19,4,Jonathan Bennett,0.101565,10.156496,6.000000,存活,8125,8.125000,百分比结合法,9
19,4,Betsey Johnson,0.002172,0.217203,7.250000,淘汰,8125,8.125000,百分比结合法,10
19,5,Sadie Robertson,0.136594,13.659440,9.000000,存活,100000,100.000000,百分比结合法,1
19,5,Lea Thompson,0.134298,13.429785,8.500000,存活,100000,100.000000,百分比结合法,2
19,5,Alfonso Ribeiro,0.134144,13.414387,8.500000,存活,100000,100.000000,百分比结合法,3
19,5,Janel Parrish,0.130980,13.097973,8.250000,存活,100000,100.000000,百分比结合法,4
19,5,Bethany Mota,0.128044,12.804443,8.000000,存活,100000,100.000000,百分比结合法,5
19,5,Antonio Sabato Jr.,0.089977,8.997721,7.000000,存活,100000,100.000000,百分比结合法,6
19,5,Jonathan Bennett,0.096443,9.644292,6.000000,存活,100000,100.000000,百分比结合法,7
19,5,Tommy Chong,0.071582,7.158151,5.750000,存活,100000,100.000000,百分比结合法,8
19,5,Michael Waltrip,0.077938,7.793808,5.000000,存活,100000,100.000000,百分比结合法,9
19,6,Alfonso Ribeiro,0.141740,14.173966,9.750000,存活,9173,9.173000,百分比结合法,1
19,6,Bethany Mota,0.133106,13.310577,9.000000,存活,9173,9.173000,百分比结合法,2
19,6,Lea Thompson,0.133559,13.355889,8.000000,存活,9173,9.173000,百分比结合法,3
19,6,Sadie Robertson,0.122513,12.251306,8.750000,存活,9173,9.173000,百分比结合法,4
19,6,Michael Waltrip,0.137076,13.707641,7.500000,存活,9173,9.173000,百分比结合法,5
19,6,Janel Parrish,0.120881,12.088118,8.250000,存活,9173,9.173000,百分比结合法,6
19,6,Antonio Sabato Jr.,0.106393,10.639332,7.000000,存活,9173,9.173000,百分比结合法,7
19,6,Tommy Chong,0.102391,10.239138,7.000000,存活,9173,9.173000,百分比结合法,8
19,6,Jonathan Bennett,0.002340,0.234034,8.000000,淘汰,9173,9.173000,百分比结合法,9
19,7,Bethany Mota,0.160956,16.095635,9.375000,存活,24235,24.235000,百分比结合法,1
19,7,Lea Thompson,0.149179,14.917918,8.750000,存活,24235,24.235000,百分比结合法,2
19,7,Alfonso Ribeiro,0.145726,14.572615,8.500000,存活,24235,24.235000,百分比结合法,3
19,7,Janel Parrish,0.143123,14.312331,8.375000,存活,24235,24.235000,百分比结合法,4
19,7,Sadie Robertson,0.128545,12.854452,7.750000,存活,24235,24.235000,百分比结合法,5
19,7,Michael Waltrip,0.138890,13.889024,7.000000,存活,24235,24.235000,百分比结合法,6
19,7,Tommy Chong,0.100296,10.029621,7.500000,存活,24235,24.235000,百分比结合法,7
19,7,Antonio Sabato Jr.,0.033284,3.328405,7.375000,淘汰,24235,24.235000,百分比结合法,8
19,8,Janel Parrish,0.187691,18.769101,10.750000,存活,40797,40.797000,百分比结合法,1
19,8,Alfonso Ribeiro,0.180268,18.026826,10.250000,存活,40797,40.797000,百分比结合法,2
19,8,Bethany Mota,0.176605,17.660468,10.000000,存活,40797,40.797000,百分比结合法,3
19,8,Sadie Robertson,0.160671,16.067083,9.500000,存活,40797,40.797000,百分比结合法,4
19,8,Lea Thompson,0.141995,14.199533,8.000000,存活,40797,40.797000,百分比结合法,5
19,8,Tommy Chong,0.099329,9.932902,7.250000,存活,40797,40.797000,百分比结合法,6
19,8,Michael Waltrip,0.053441,5.344086,6.250000,淘汰,40797,40.797000,百分比结合法,7
19,9,Janel Parrish,0.214749,21.474912,9.625000,存活,15880,15.880000,百分比结合法,1
19,9,Alfonso Ribeiro,0.214077,21.407725,9.625000,存活,15880,15.880000,百分比结合法,2
19,9,Bethany Mota,0.206618,20.661782,9.250000,存活,15880,15.880000,百分比结合法,3
19,9,Sadie Robertson,0.196632,19.663242,9.125000,存活,15880,15.880000,百分比结合法,4
19,9,Tommy Chong,0.164532,16.453232,7.125000,存活,15880,15.880000,百分比结合法,5
19,9,Lea Thompson,0.003391,0.339107,8.750000,淘汰,15880,15.880000,百分比结合法,6
19,10,Janel Parrish,0.235985,23.598531,9.750000,存活,52914,52.914000,百分比结合法,1
19,10,Bethany Mota,0.232504,23.250400,9.500000,存活,52914,52.914000,百分比结合法,2
19,10,Alfonso Ribeiro,0.228328,22.832821,9.375000,存活,52914,52.914000,百分比结合法,3
19,10,Sadie Robertson,0.216828,21.682798,9.250000,存活,52914,52.914000,百分比结合法,4
19,10,Tommy Chong,0.086355,8.635451,7.750000,淘汰,52914,52.914000,百分比结合法,5
19,11,Alfonso Ribeiro,0.255726,25.572594,10.000000,淘汰,100000,100.000000,百分比结合法,1
19,11,Janel Parrish,0.250672,25.067166,9.749950,淘汰,100000,100.000000,百分比结合法,2
19,11,Sadie Robertson,0.244735,24.473487,9.833300,淘汰,100000,100.000000,百分比结合法,3
19,11,Bethany Mota,0.248868,24.886754,9.500000,淘汰,100000,100.000000,百分比结合法,4
20,1,Rumer Willis,0.105426,10.542564,8.000000,存活,100000,100.000000,百分比结合法,1
20,1,Riker Lynch,0.102264,10.226409,7.750000,存活,100000,100.000000,百分比结合法,2
20,1,Nastia Liukin,0.078168,7.816761,7.500000,存活,100000,100.000000,百分比结合法,3
20,1,Michael Sam,0.084564,8.456408,6.500000,存活,100000,100.000000,百分比结合法,4
20,1,Noah Galloway,0.083002,8.300213,6.500000,存活,100000,100.000000,百分比结合法,5
20,1,Chris Soules,0.082920,8.292016,6.500000,存活,100000,100.000000,百分比结合法,6
20,1,Suzanne Somers,0.083214,8.321352,6.250000,存活,100000,100.000000,百分比结合法,7
20,1,Willow Shields,0.083115,8.311517,6.250000,存活,100000,100.000000,百分比结合法,8
20,1,Patti LaBelle,0.082289,8.228892,6.250000,存活,100000,100.000000,百分比结合法,9
20,1,Robert Herjavec,0.071196,7.119584,7.000000,存活,100000,100.000000,百分比结合法,10
20,1,Redfoo,0.072628,7.262781,5.500000,存活,100000,100.000000,百分比结合法,11
20,1,Charlotte McKinney,0.071215,7.121504,5.500000,存活,100000,100.000000,百分比结合法,12
20,2,Rumer Willis,0.091627,9.162670,8.000000,存活,4158,4.158000,百分比结合法,1
20,2,Willow Shields,0.091609,9.160877,8.000000,存活,4158,4.158000,百分比结合法,2
20,2,Riker Lynch,0.091459,9.145902,8.000000,存活,4158,4.158000,百分比结合法,3
20,2,Suzanne Somers,0.102689,10.268870,7.000000,存活,4158,4.158000,百分比结合法,4
20,2,Patti LaBelle,0.101720,10.172002,7.000000,存活,4158,4.158000,百分比结合法,5
20,2,Michael Sam,0.100760,10.076004,7.000000,存活,4158,4.158000,百分比结合法,6
20,2,Nastia Liukin,0.077957,7.795669,8.500000,存活,4158,4.158000,百分比结合法,7
20,2,Noah Galloway,0.095281,9.528088,6.750000,存活,4158,4.158000,百分比结合法,8
20,2,Charlotte McKinney,0.092693,9.269304,6.500000,存活,4158,4.158000,百分比结合法,9
20,2,Robert Herjavec,0.078262,7.826222,7.000000,存活,4158,4.158000,百分比结合法,10
20,2,Chris Soules,0.074092,7.409195,5.250000,存活,4158,4.158000,百分比结合法,11
20,2,Redfoo,0.001852,0.185199,7.750000,淘汰,4158,4.158000,百分比结合法,12
20,3,Riker Lynch,0.119457,11.945658,8.500000,存活,24821,24.821000,百分比结合法,1
20,3,Rumer Willis,0.116755,11.675526,8.250000,存活,24821,24.821000,百分比结合法,2
20,3,Willow Shields,0.113285,11.328483,8.000000,存活,24821,24.821000,百分比结合法,3
20,3,Nastia Liukin,0.095380,9.538014,8.500000,存活,24821,24.821000,百分比结合法,4
20,3,Noah Galloway,0.102669,10.266852,7.500000,存活,24821,24.821000,百分比结合法,5
20,3,Chris Soules,0.096108,9.610774,7.000000,存活,24821,24.821000,百分比结合法,6
20,3,Robert Herjavec,0.079680,7.967965,7.250000,存活,24821,24.821000,百分比结合法,7
20,3,Suzanne Somers,0.089801,8.980056,6.250000,存活,24821,24.821000,百分比结合法,8
20,3,Michael Sam,0.084030,8.402996,6.000000,存活,24821,24.821000,百分比结合法,9
20,3,Patti LaBelle,0.083096,8.309612,5.500000,存活,24821,24.821000,百分比结合法,10
20,3,Charlotte McKinney,0.019741,1.974065,5.500000,淘汰,24821,24.821000,百分比结合法,11
20,4,Willow Shields,0.131004,13.100412,9.750000,存活,11663,11.663000,百分比结合法,1
20,4,Rumer Willis,0.117632,11.763232,8.750000,存活,11663,11.663000,百分比结合法,2
20,4,Riker Lynch,0.115569,11.556891,8.500000,存活,11663,11.663000,百分比结合法,3
20,4,Suzanne Somers,0.121570,12.157000,7.000000,存活,11663,11.663000,百分比结合法,4
20,4,Nastia Liukin,0.095897,9.589682,9.000000,存活,11663,11.663000,百分比结合法,5
20,4,Patti LaBelle,0.110510,11.050986,7.500000,存活,11663,11.663000,百分比结合法,6
20,4,Noah Galloway,0.104148,10.414760,8.000000,存活,11663,11.663000,百分比结合法,7
20,4,Chris Soules,0.112793,11.279300,6.750000,存活,11663,11.663000,百分比结合法,8
20,4,Robert Herjavec,0.088640,8.863993,8.500000,存活,11663,11.663000,百分比结合法,9
20,4,Michael Sam,0.002237,0.223743,7.500000,淘汰,11663,11.663000,百分比结合法,10
20,5,Rumer Willis,0.144227,14.422750,9.750000,存活,8729,8.729000,百分比结合法,1
20,5,Riker Lynch,0.142326,14.232565,9.500000,存活,8729,8.729000,百分比结合法,2
20,5,Willow Shields,0.127677,12.767742,8.500000,存活,8729,8.729000,百分比结合法,3
20,5,Nastia Liukin,0.112898,11.289790,9.500000,存活,8729,8.729000,百分比结合法,4
20,5,Patti LaBelle,0.130082,13.008173,6.750000,存活,8729,8.729000,百分比结合法,5
20,5,Noah Galloway,0.124781,12.478084,7.000000,存活,8729,8.729000,百分比结合法,6
20,5,Chris Soules,0.126325,12.632453,6.750000,存活,8729,8.729000,百分比结合法,7
20,5,Robert Herjavec,0.088948,8.894811,6.000000,存活,8729,8.729000,百分比结合法,8
20,5,Suzanne Somers,0.002736,0.273633,7.000000,淘汰,8729,8.729000,百分比结合法,9
20,6,Riker Lynch,0.153727,15.372696,9.500000,存活,13585,13.585000,百分比结合法,1
20,6,Noah Galloway,0.161105,16.110541,8.500000,存活,13585,13.585000,百分比结合法,2
20,6,Willow Shields,0.147704,14.770356,9.125000,存活,13585,13.585000,百分比结合法,3
20,6,Rumer Willis,0.144568,14.456837,8.875000,存活,13585,13.585000,百分比结合法,4
20,6,Chris Soules,0.137580,13.758039,8.750000,存活,13585,13.585000,百分比结合法,5
20,6,Robert Herjavec,0.135272,13.527175,8.375000,存活,13585,13.585000,百分比结合法,6
20,6,Nastia Liukin,0.117607,11.760735,9.125000,存活,13585,13.585000,百分比结合法,7
20,6,Patti LaBelle,0.002436,0.243621,8.500000,淘汰,13585,13.585000,百分比结合法,8
20,7,Noah Galloway,0.193130,19.312969,9.500000,存活,6557,6.557000,百分比结合法,1
20,7,Riker Lynch,0.195595,19.559483,9.250000,存活,6557,6.557000,百分比结合法,2
20,7,Rumer Willis,0.195480,19.547953,9.250000,存活,6557,6.557000,百分比结合法,3
20,7,Nastia Liukin,0.131322,13.132202,10.250000,存活,6557,6.557000,百分比结合法,4
20,7,Chris Soules,0.157583,15.758328,7.750000,存活,6557,6.557000,百分比结合法,5
20,7,Robert Herjavec,0.124744,12.474438,7.750000,存活,6557,6.557000,百分比结合法,6
20,7,Willow Shields,0.002146,0.214626,9.750000,淘汰,6557,6.557000,百分比结合法,7
20,8,Rumer Willis,0.218504,21.850413,10.000000,存活,59195,59.195000,百分比结合法,1
20,8,Riker Lynch,0.211966,21.196573,9.750000,存活,59195,59.195000,百分比结合法,2
20,8,Nastia Liukin,0.165482,16.548214,9.500000,存活,59195,59.195000,百分比结合法,3
20,8,Noah Galloway,0.178272,17.827242,7.875000,存活,59195,59.195000,百分比结合法,4
20,8,Chris Soules,0.133173,13.317336,8.000000,淘汰,59195,59.195000,百分比结合法,5
20,8,Robert Herjavec,0.092602,9.260222,7.750000,淘汰,59195,59.195000,百分比结合法,6
20,9,Rumer Willis,0.290447,29.044666,9.750000,存活,53817,53.817000,百分比结合法,1
20,9,Riker Lynch,0.273411,27.341142,10.000000,存活,53817,53.817000,百分比结合法,2
20,9,Noah Galloway,0.272287,27.228742,9.500000,存活,53817,53.817000,百分比结合法,3
20,9,Nastia Liukin,0.163854,16.385449,10.000000,淘汰,53817,53.817000,百分比结合法,4
20,10,Rumer Willis,0.346111,34.611107,10.000000,淘汰,100000,100.000000,百分比结合法,1
20,10,Riker Lynch,0.345895,34.589456,10.000000,淘汰,100000,100.000000,百分比结合法,2
20,10,Noah Galloway,0.307994,30.799437,9.000000,淘汰,100000,100.000000,百分比结合法,3
21,1,Nick Carter,0.098554,9.855365,8.000000,存活,100000,100.000000,百分比结合法,1
21,1,Carlos PenaVega,0.095718,9.571829,7.666667,存活,100000,100.000000,百分比结合法,2
21,1,Tamar Braxton,0.094720,9.472009,7.666667,存活,100000,100.000000,百分比结合法,3
21,1,Alexa PenaVega,0.091458,9.145776,7.333333,存活,100000,100.000000,百分比结合法,4
21,1,Alek Skarlatos,0.089171,8.917120,7.333333,存活,100000,100.000000,百分比结合法,5
21,1,Bindi Irwin,0.077066,7.706555,8.000000,存活,100000,100.000000,百分比结合法,6
21,1,Hayes Grier,0.088617,8.861681,7.000000,存活,100000,100.000000,百分比结合法,7
21,1,Andy Grammer,0.086835,8.683521,7.000000,存活,100000,100.000000,百分比结合法,8
21,1,Gary Busey,0.063374,6.337418,5.000000,存活,100000,100.000000,百分比结合法,9
21,1,Paula Deen,0.060952,6.095155,5.000000,存活,100000,100.000000,百分比结合法,10
21,1,Victor Espinoza,0.049880,4.987981,5.000000,存活,100000,100.000000,百分比结合法,11
21,1,Chaka Khan,0.054502,5.450194,4.333333,存活,100000,100.000000,百分比结合法,12
21,1,Kim Zolciak-Biermann,0.049154,4.915395,4.000000,存活,100000,100.000000,百分比结合法,13
21,2,Tamar Braxton,0.096253,9.625322,8.166667,存活,47371,47.371000,百分比结合法,1
21,2,Alexa PenaVega,0.091611,9.161149,7.666667,存活,47371,47.371000,百分比结合法,2
21,2,Hayes Grier,0.090544,9.054371,7.500000,存活,47371,47.371000,百分比结合法,3
21,2,Carlos PenaVega,0.089418,8.941772,7.500000,存活,47371,47.371000,百分比结合法,4
21,2,Nick Carter,0.089107,8.910664,7.500000,存活,47371,47.371000,百分比结合法,5
21,2,Alek Skarlatos,0.087468,8.746752,7.500000,存活,47371,47.371000,百分比结合法,6
21,2,Andy Grammer,0.087271,8.727088,7.333333,存活,47371,47.371000,百分比结合法,7
21,2,Bindi Irwin,0.073987,7.398695,8.000000,存活,47371,47.371000,百分比结合法,8
21,2,Paula Deen,0.072926,7.292560,6.166667,存活,47371,47.371000,百分比结合法,9
21,2,Gary Busey,0.074379,7.437913,5.500000,存活,47371,47.371000,百分比结合法,10
21,2,Kim Zolciak-Biermann,0.058405,5.840541,6.166667,淘汰,47371,47.371000,百分比结合法,11
21,2,Victor Espinoza,0.046577,4.657741,6.166667,淘汰,47371,47.371000,百分比结合法,12
21,2,Chaka Khan,0.042054,4.205434,5.000000,淘汰,47371,47.371000,百分比结合法,13
21,3,Alexa PenaVega,0.120836,12.083621,9.000000,存活,100000,100.000000,百分比结合法,1
21,3,Nick Carter,0.119833,11.983325,9.000000,存活,100000,100.000000,百分比结合法,2
21,3,Tamar Braxton,0.110453,11.045292,8.250000,存活,100000,100.000000,百分比结合法,3
21,3,Alek Skarlatos,0.108207,10.820733,8.250000,存活,100000,100.000000,百分比结合法,4
21,3,Carlos PenaVega,0.104827,10.482746,7.750000,存活,100000,100.000000,百分比结合法,5
21,3,Hayes Grier,0.102691,10.269144,7.500000,存活,100000,100.000000,百分比结合法,6
21,3,Andy Grammer,0.097608,9.760751,7.250000,存活,100000,100.000000,百分比结合法,7
21,3,Bindi Irwin,0.083790,8.379000,8.000000,存活,100000,100.000000,百分比结合法,8
21,3,Gary Busey,0.085347,8.534726,6.250000,存活,100000,100.000000,百分比结合法,9
21,3,Paula Deen,0.066407,6.640663,5.000000,存活,100000,100.000000,百分比结合法,10
21,4,Hayes Grier,0.124401,12.440073,9.000000,存活,31080,31.080000,百分比结合法,1
21,4,Tamar Braxton,0.123087,12.308660,9.000000,存活,31080,31.080000,百分比结合法,2
21,4,Nick Carter,0.122151,12.215089,9.000000,存活,31080,31.080000,百分比结合法,3
21,4,Carlos PenaVega,0.114939,11.493922,8.333333,存活,31080,31.080000,百分比结合法,4
21,4,Bindi Irwin,0.099330,9.932974,9.333333,存活,31080,31.080000,百分比结合法,5
21,4,Alek Skarlatos,0.106890,10.689019,8.000000,存活,31080,31.080000,百分比结合法,6
21,4,Andy Grammer,0.105107,10.510671,7.666667,存活,31080,31.080000,百分比结合法,7
21,4,Alexa PenaVega,0.096888,9.688790,7.000000,存活,31080,31.080000,百分比结合法,8
21,4,Paula Deen,0.080598,8.059798,6.000000,存活,31080,31.080000,百分比结合法,9
21,4,Gary Busey,0.026610,2.661004,5.333333,淘汰,31080,31.080000,百分比结合法,10
21,5,Alexa PenaVega,0.136866,13.686618,10.000000,存活,100000,100.000000,百分比结合法,1
21,5,Carlos PenaVega,0.132991,13.299094,9.750000,存活,100000,100.000000,百分比结合法,2
21,5,Andy Grammer,0.122193,12.219256,9.000000,存活,100000,100.000000,百分比结合法,3
21,5,Nick Carter,0.119440,11.944003,8.750000,存活,100000,100.000000,百分比结合法,4
21,5,Bindi Irwin,0.098586,9.858561,9.250000,存活,100000,100.000000,百分比结合法,5
21,5,Hayes Grier,0.105019,10.501945,7.500000,存活,100000,100.000000,百分比结合法,6
21,5,Tamar Braxton,0.099665,9.966525,7.250000,存活,100000,100.000000,百分比结合法,7
21,5,Alek Skarlatos,0.098066,9.806586,7.250000,存活,100000,100.000000,百分比结合法,8
21,5,Paula Deen,0.087174,8.717413,6.500000,存活,100000,100.000000,百分比结合法,9
21,6,Tamar Braxton,0.137287,13.728711,10.000000,存活,33587,33.587000,百分比结合法,1
21,6,Andy Grammer,0.137260,13.726008,10.000000,存活,33587,33.587000,百分比结合法,2
21,6,Nick Carter,0.133543,13.354289,9.750000,存活,33587,33.587000,百分比结合法,3
21,6,Carlos PenaVega,0.132270,13.227032,9.500000,存活,33587,33.587000,百分比结合法,4
21,6,Bindi Irwin,0.107378,10.737783,10.000000,存活,33587,33.587000,百分比结合法,5
21,6,Hayes Grier,0.112626,11.262550,8.000000,存活,33587,33.587000,百分比结合法,6
21,6,Alexa PenaVega,0.104616,10.461584,7.500000,存活,33587,33.587000,百分比结合法,7
21,6,Alek Skarlatos,0.102454,10.245352,7.500000,存活,33587,33.587000,百分比结合法,8
21,6,Paula Deen,0.032567,3.256690,6.000000,淘汰,33587,33.587000,百分比结合法,9
21,7,Alexa PenaVega,0.157670,15.767037,9.166667,存活,6307,6.307000,百分比结合法,1
21,7,Tamar Braxton,0.153357,15.335661,9.000000,存活,6307,6.307000,百分比结合法,2
21,7,Nick Carter,0.153347,15.334736,9.000000,存活,6307,6.307000,百分比结合法,3
21,7,Andy Grammer,0.143394,14.339425,9.333333,存活,6307,6.307000,百分比结合法,4
21,7,Carlos PenaVega,0.142379,14.237934,9.333333,存活,6307,6.307000,百分比结合法,5
21,7,Alek Skarlatos,0.147693,14.769264,8.833333,存活,6307,6.307000,百分比结合法,6
21,7,Bindi Irwin,0.100325,10.032512,9.666667,存活,6307,6.307000,百分比结合法,7
21,7,Hayes Grier,0.001834,0.183431,9.333333,淘汰,6307,6.307000,百分比结合法,8
21,8,Nick Carter,0.188000,18.800028,11.000000,存活,38798,38.798000,百分比结合法,1
21,8,Carlos PenaVega,0.167424,16.742436,9.666600,存活,38798,38.798000,百分比结合法,2
21,8,Tamar Braxton,0.159728,15.972798,9.333333,存活,38798,38.798000,百分比结合法,3
21,8,Alexa PenaVega,0.155951,15.595081,8.999933,存活,38798,38.798000,百分比结合法,4
21,8,Alek Skarlatos,0.141014,14.101359,8.333333,存活,38798,38.798000,百分比结合法,5
21,8,Bindi Irwin,0.124994,12.499415,9.333333,存活,38798,38.798000,百分比结合法,6
21,8,Andy Grammer,0.062889,6.288883,7.999933,淘汰,38798,38.798000,百分比结合法,7
21,9,Alexa PenaVega,0.180238,18.023793,10.000000,淘汰,50148,50.148000,百分比结合法,1
21,9,Nick Carter,0.192018,19.201796,9.166667,存活,50148,50.148000,百分比结合法,2
21,9,Carlos PenaVega,0.189464,18.946405,9.000000,存活,50148,50.148000,百分比结合法,3
21,9,Bindi Irwin,0.163649,16.364931,10.000000,存活,50148,50.148000,百分比结合法,4
21,9,Alek Skarlatos,0.174973,17.497324,8.500000,存活,50148,50.148000,百分比结合法,5
21,9,Tamar Braxton,0.099658,9.965751,8.166667,淘汰,50148,50.148000,百分比结合法,6
21,10,Carlos PenaVega,0.281390,28.139000,10.500000,存活,100000,100.000000,百分比结合法,1
21,10,Alek Skarlatos,0.251161,25.116060,9.500000,存活,100000,100.000000,百分比结合法,2
21,10,Bindi Irwin,0.223117,22.311728,10.500000,存活,100000,100.000000,百分比结合法,3
21,10,Nick Carter,0.244332,24.433213,9.000000,存活,100000,100.000000,百分比结合法,4
21,11,Carlos PenaVega,0.270630,27.062979,10.000000,淘汰,100000,100.000000,百分比结合法,1
21,11,Nick Carter,0.267408,26.740815,10.000000,淘汰,100000,100.000000,百分比结合法,2
21,11,Alek Skarlatos,0.248233,24.823326,9.333300,淘汰,100000,100.000000,百分比结合法,3
21,11,Bindi Irwin,0.213729,21.372881,10.000000,淘汰,100000,100.000000,百分比结合法,4
22,1,Wanya Morris,0.098988,9.898808,7.666667,存活,100000,100.000000,百分比结合法,1
22,1,Nyle DiMarco,0.097377,9.737739,7.666667,存活,100000,100.000000,百分比结合法,2
22,1,Ginger Zee,0.095126,9.512583,7.666667,存活,100000,100.000000,百分比结合法,3
22,1,Paige VanZant,0.089866,8.986578,7.000000,存活,100000,100.000000,百分比结合法,4
22,1,Antonio Brown,0.089742,8.974194,7.000000,存活,100000,100.000000,百分比结合法,5
22,1,Von Miller,0.089635,8.963545,7.000000,存活,100000,100.000000,百分比结合法,6
22,1,Marla Maples,0.088192,8.819160,7.000000,存活,100000,100.000000,百分比结合法,7
22,1,Kim Fields,0.087374,8.737364,6.666667,存活,100000,100.000000,百分比结合法,8
22,1,Jodie Sweetin,0.087166,8.716570,6.666667,存活,100000,100.000000,百分比结合法,9
22,1,Doug Flutie,0.064896,6.489572,5.000000,存活,100000,100.000000,百分比结合法,10
22,1,Mischa Barton,0.056736,5.673585,5.333333,存活,100000,100.000000,百分比结合法,11
22,1,Geraldo Rivera,0.054903,5.490300,4.333333,存活,100000,100.000000,百分比结合法,12
22,2,Wanya Morris,0.107694,10.769400,8.000000,存活,26870,26.870000,百分比结合法,1
22,2,Paige VanZant,0.106920,10.691966,8.000000,存活,26870,26.870000,百分比结合法,2
22,2,Jodie Sweetin,0.095583,9.558309,7.000000,存活,26870,26.870000,百分比结合法,3
22,2,Ginger Zee,0.090931,9.093090,7.000000,存活,26870,26.870000,百分比结合法,4
22,2,Doug Flutie,0.089347,8.934676,6.666667,存活,26870,26.870000,百分比结合法,5
22,2,Von Miller,0.089272,8.927220,6.666667,存活,26870,26.870000,百分比结合法,6
22,2,Nyle DiMarco,0.088650,8.864996,6.666667,存活,26870,26.870000,百分比结合法,7
22,2,Marla Maples,0.087967,8.796710,6.666667,存活,26870,26.870000,百分比结合法,8
22,2,Kim Fields,0.086515,8.651462,6.333333,存活,26870,26.870000,百分比结合法,9
22,2,Antonio Brown,0.085001,8.500097,6.333333,存活,26870,26.870000,百分比结合法,10
22,2,Mischa Barton,0.055421,5.542072,5.000000,存活,26870,26.870000,百分比结合法,11
22,2,Geraldo Rivera,0.016700,1.670001,4.333333,淘汰,26870,26.870000,百分比结合法,12
22,3,Nyle DiMarco,0.110402,11.040231,8.333333,存活,28672,28.672000,百分比结合法,1
22,3,Wanya Morris,0.108126,10.812624,8.000000,存活,28672,28.672000,百分比结合法,2
22,3,Jodie Sweetin,0.104762,10.476203,7.666667,存活,28672,28.672000,百分比结合法,3
22,3,Paige VanZant,0.102582,10.258183,7.666667,存活,28672,28.672000,百分比结合法,4
22,3,Kim Fields,0.100373,10.037332,7.333333,存活,28672,28.672000,百分比结合法,5
22,3,Marla Maples,0.092616,9.261554,7.000000,存活,28672,28.672000,百分比结合法,6
22,3,Ginger Zee,0.091211,9.121074,7.000000,存活,28672,28.672000,百分比结合法,7
22,3,Von Miller,0.089909,8.990868,6.666667,存活,28672,28.672000,百分比结合法,8
22,3,Antonio Brown,0.089829,8.982924,6.666667,存活,28672,28.672000,百分比结合法,9
22,3,Doug Flutie,0.089602,8.960168,6.666667,存活,28672,28.672000,百分比结合法,10
22,3,Mischa Barton,0.020588,2.058840,6.000000,淘汰,28672,28.672000,百分比结合法,11
22,4,Paige VanZant,0.117063,11.706264,9.000000,存活,12977,12.977000,百分比结合法,1
22,4,Ginger Zee,0.113764,11.376415,9.000000,存活,12977,12.977000,百分比结合法,2
22,4,Wanya Morris,0.115671,11.567141,8.750000,存活,12977,12.977000,百分比结合法,3
22,4,Antonio Brown,0.113947,11.394735,8.750000,存活,12977,12.977000,百分比结合法,4
22,4,Nyle DiMarco,0.109852,10.985157,8.500000,存活,12977,12.977000,百分比结合法,5
22,4,Kim Fields,0.106567,10.656674,8.000000,存活,12977,12.977000,百分比结合法,6
22,4,Von Miller,0.104914,10.491396,8.000000,存活,12977,12.977000,百分比结合法,7
22,4,Jodie Sweetin,0.115315,11.531520,6.750000,存活,12977,12.977000,百分比结合法,8
22,4,Doug Flutie,0.100593,10.059321,6.000000,存活,12977,12.977000,百分比结合法,9
22,4,Marla Maples,0.002314,0.231377,7.000000,淘汰,12977,12.977000,百分比结合法,10
22,5,Nyle DiMarco,0.131469,13.146933,9.250000,存活,100000,100.000000,百分比结合法,1
22,5,Jodie Sweetin,0.128411,12.841092,8.750000,存活,100000,100.000000,百分比结合法,2
22,5,Ginger Zee,0.112191,11.219129,8.000000,存活,100000,100.000000,百分比结合法,3
22,5,Paige VanZant,0.112251,11.225089,7.750000,存活,100000,100.000000,百分比结合法,4
22,5,Wanya Morris,0.110049,11.004901,7.500000,存活,100000,100.000000,百分比结合法,5
22,5,Von Miller,0.105263,10.526265,7.250000,存活,100000,100.000000,百分比结合法,6
22,5,Kim Fields,0.103626,10.362559,7.000000,存活,100000,100.000000,百分比结合法,7
22,5,Doug Flutie,0.101902,10.190194,7.000000,存活,100000,100.000000,百分比结合法,8
22,5,Antonio Brown,0.094838,9.483838,6.500000,存活,100000,100.000000,百分比结合法,9
22,6,Wanya Morris,0.136119,13.611935,9.666667,存活,33395,33.395000,百分比结合法,1
22,6,Paige VanZant,0.130242,13.024184,9.333333,存活,33395,33.395000,百分比结合法,2
22,6,Antonio Brown,0.125724,12.572385,9.000000,存活,33395,33.395000,百分比结合法,3
22,6,Jodie Sweetin,0.118766,11.876639,8.333333,存活,33395,33.395000,百分比结合法,4
22,6,Nyle DiMarco,0.115069,11.506902,8.333333,存活,33395,33.395000,百分比结合法,5
22,6,Kim Fields,0.114337,11.433661,8.000000,存活,33395,33.395000,百分比结合法,6
22,6,Von Miller,0.111699,11.169895,8.000000,存活,33395,33.395000,百分比结合法,7
22,6,Ginger Zee,0.108951,10.895112,8.000000,存活,33395,33.395000,百分比结合法,8
22,6,Doug Flutie,0.039093,3.909288,7.000000,淘汰,33395,33.395000,百分比结合法,9
22,7,Jodie Sweetin,0.159345,15.934462,8.500000,存活,30272,30.272000,百分比结合法,1
22,7,Nyle DiMarco,0.135086,13.508552,9.333333,存活,30272,30.272000,百分比结合法,2
22,7,Antonio Brown,0.142617,14.261678,8.666667,存活,30272,30.272000,百分比结合法,3
22,7,Wanya Morris,0.135510,13.551008,9.166667,存活,30272,30.272000,百分比结合法,4
22,7,Paige VanZant,0.134196,13.419598,9.166667,存活,30272,30.272000,百分比结合法,5
22,7,Ginger Zee,0.130925,13.092540,9.166667,存活,30272,30.272000,百分比结合法,6
22,7,Kim Fields,0.082890,8.289037,8.666667,淘汰,30272,30.272000,百分比结合法,7
22,7,Von Miller,0.079431,7.943125,8.666667,淘汰,30272,30.272000,百分比结合法,8
22,8,Ginger Zee,0.204054,20.405420,10.000000,存活,6798,6.798000,百分比结合法,1
22,8,Nyle DiMarco,0.209223,20.922257,9.666667,存活,6798,6.798000,百分比结合法,2
22,8,Paige VanZant,0.204076,20.407640,9.333333,存活,6798,6.798000,百分比结合法,3
22,8,Antonio Brown,0.196585,19.658454,9.000000,存活,6798,6.798000,百分比结合法,4
22,8,Wanya Morris,0.183859,18.385936,8.333333,存活,6798,6.798000,百分比结合法,5
22,8,Jodie Sweetin,0.002203,0.220293,10.000000,淘汰,6798,6.798000,百分比结合法,6
22,9,Paige VanZant,0.236907,23.690703,9.833333,存活,46053,46.053000,百分比结合法,1
22,9,Nyle DiMarco,0.227603,22.760301,9.500000,存活,46053,46.053000,百分比结合法,2
22,9,Ginger Zee,0.220129,22.012928,9.333333,存活,46053,46.053000,百分比结合法,3
22,9,Wanya Morris,0.196341,19.634105,10.000000,淘汰,46053,46.053000,百分比结合法,4
22,9,Antonio Brown,0.119020,11.901963,9.166667,淘汰,46053,46.053000,百分比结合法,5
22,10,Paige VanZant,0.342943,34.294337,9.888867,淘汰,100000,100.000000,百分比结合法,1
22,10,Nyle DiMarco,0.333469,33.346900,9.666600,淘汰,100000,100.000000,百分比结合法,2
22,10,Ginger Zee,0.323588,32.358763,9.444400,淘汰,100000,100.000000,百分比结合法,3
23,1,Laurie Hernandez,0.095350,9.534980,7.750000,存活,100000,100.000000,百分比结合法,1
23,1,James Hinchcliffe,0.074995,7.499465,7.750000,存活,100000,100.000000,百分比结合法,2
23,1,Marilu Henner,0.084871,8.487061,6.750000,存活,100000,100.000000,百分比结合法,3
23,1,Jana Kramer,0.083930,8.393020,6.750000,存活,100000,100.000000,百分比结合法,4
23,1,Babyface,0.080804,8.080417,6.500000,存活,100000,100.000000,百分比结合法,5
23,1,Calvin Johnson Jr.,0.080224,8.022354,6.500000,存活,100000,100.000000,百分比结合法,6
23,1,Vanilla Ice,0.077894,7.789394,6.250000,存活,100000,100.000000,百分比结合法,7
23,1,Terra Jole,0.075781,7.578052,6.250000,存活,100000,100.000000,百分比结合法,8
23,1,Ryan Lochte,0.074183,7.418324,6.000000,存活,100000,100.000000,百分比结合法,9
23,1,Amber Rose,0.073398,7.339826,6.000000,存活,100000,100.000000,百分比结合法,10
23,1,Jake T. Austin,0.069726,6.972584,5.500000,存活,100000,100.000000,百分比结合法,11
23,1,Maureen McCormick,0.069513,6.951313,5.500000,存活,100000,100.000000,百分比结合法,12
23,1,Rick Perry,0.059332,5.933210,5.000000,存活,100000,100.000000,百分比结合法,13
23,2,Laurie Hernandez,0.093947,9.394709,8.000000,存活,11917,11.917000,百分比结合法,1
23,2,Terra Jole,0.090388,9.038755,7.750000,存活,11917,11.917000,百分比结合法,2
23,2,Babyface,0.090171,9.017095,7.500000,存活,11917,11.917000,百分比结合法,3
23,2,Jana Kramer,0.087174,8.717363,7.250000,存活,11917,11.917000,百分比结合法,4
23,2,Calvin Johnson Jr.,0.083078,8.307826,7.000000,存活,11917,11.917000,百分比结合法,5
23,2,Marilu Henner,0.082047,8.204650,6.750000,存活,11917,11.917000,百分比结合法,6
23,2,Maureen McCormick,0.078848,7.884844,6.500000,存活,11917,11.917000,百分比结合法,7
23,2,Vanilla Ice,0.078420,7.842040,6.500000,存活,11917,11.917000,百分比结合法,8
23,2,Amber Rose,0.083431,8.343099,6.000000,存活,11917,11.917000,百分比结合法,9
23,2,Ryan Lochte,0.082938,8.293785,6.000000,存活,11917,11.917000,百分比结合法,10
23,2,James Hinchcliffe,0.067912,6.791206,7.250000,存活,11917,11.917000,百分比结合法,11
23,2,Rick Perry,0.079129,7.912925,5.500000,存活,11917,11.917000,百分比结合法,12
23,2,Jake T. Austin,0.002517,0.251703,6.000000,淘汰,11917,11.917000,百分比结合法,13
23,3,Calvin Johnson Jr.,0.105204,10.520409,8.000000,存活,25916,25.916000,百分比结合法,1
23,3,Laurie Hernandez,0.102081,10.208097,7.750000,存活,25916,25.916000,百分比结合法,2
23,3,Terra Jole,0.096911,9.691067,7.500000,存活,25916,25.916000,百分比结合法,3
23,3,Maureen McCormick,0.094031,9.403098,7.000000,存活,25916,25.916000,百分比结合法,4
23,3,Marilu Henner,0.093822,9.382223,7.000000,存活,25916,25.916000,百分比结合法,5
23,3,Jana Kramer,0.087042,8.704175,6.500000,存活,25916,25.916000,百分比结合法,6
23,3,James Hinchcliffe,0.075599,7.559876,7.250000,存活,25916,25.916000,百分比结合法,7
23,3,Babyface,0.083434,8.343383,6.250000,存活,25916,25.916000,百分比结合法,8
23,3,Ryan Lochte,0.082948,8.294755,6.250000,存活,25916,25.916000,百分比结合法,9
23,3,Amber Rose,0.081987,8.198688,6.250000,存活,25916,25.916000,百分比结合法,10
23,3,Vanilla Ice,0.078036,7.803646,5.750000,存活,25916,25.916000,百分比结合法,11
23,3,Rick Perry,0.018906,1.890583,5.750000,淘汰,25916,25.916000,百分比结合法,12
23,4,Laurie Hernandez,0.120767,12.076721,10.000000,存活,36698,36.698000,百分比结合法,1
23,4,James Hinchcliffe,0.089043,8.904337,9.333333,存活,36698,36.698000,百分比结合法,2
23,4,Terra Jole,0.099739,9.973902,8.333333,存活,36698,36.698000,百分比结合法,3
23,4,Maureen McCormick,0.099385,9.938536,8.000000,存活,36698,36.698000,百分比结合法,4
23,4,Amber Rose,0.096880,9.687986,8.000000,存活,36698,36.698000,百分比结合法,5
23,4,Jana Kramer,0.097128,9.712779,7.666667,存活,36698,36.698000,百分比结合法,6
23,4,Calvin Johnson Jr.,0.096559,9.655892,7.666667,存活,36698,36.698000,百分比结合法,7
23,4,Ryan Lochte,0.094886,9.488590,7.333333,存活,36698,36.698000,百分比结合法,8
23,4,Marilu Henner,0.092621,9.262066,7.000000,存活,36698,36.698000,百分比结合法,9
23,4,Vanilla Ice,0.074546,7.454583,7.666667,淘汰,36698,36.698000,百分比结合法,10
23,4,Babyface,0.038446,3.844607,6.000000,淘汰,36698,36.698000,百分比结合法,11
23,5,Marilu Henner,0.122364,12.236424,9.000000,存活,100000,100.000000,百分比结合法,1
23,5,Terra Jole,0.117949,11.794943,9.000000,存活,100000,100.000000,百分比结合法,2
23,5,Jana Kramer,0.116809,11.680895,8.666667,存活,100000,100.000000,百分比结合法,3
23,5,James Hinchcliffe,0.101743,10.174328,9.666667,存活,100000,100.000000,百分比结合法,4
23,5,Laurie Hernandez,0.110985,11.098495,8.333333,存活,100000,100.000000,百分比结合法,5
23,5,Maureen McCormick,0.109203,10.920331,8.000000,存活,100000,100.000000,百分比结合法,6
23,5,Ryan Lochte,0.107302,10.730217,8.000000,存活,100000,100.000000,百分比结合法,7
23,5,Calvin Johnson Jr.,0.107296,10.729570,8.000000,存活,100000,100.000000,百分比结合法,8
23,5,Amber Rose,0.106348,10.634796,8.000000,存活,100000,100.000000,百分比结合法,9
23,6,Jana Kramer,0.142349,14.234944,10.000000,存活,33488,33.488000,百分比结合法,1
23,6,Laurie Hernandez,0.131825,13.182505,9.250000,存活,33488,33.488000,百分比结合法,2
23,6,Calvin Johnson Jr.,0.131356,13.135568,9.250000,存活,33488,33.488000,百分比结合法,3
23,6,Marilu Henner,0.123102,12.310181,8.500000,存活,33488,33.488000,百分比结合法,4
23,6,James Hinchcliffe,0.106586,10.658618,9.500000,存活,33488,33.488000,百分比结合法,5
23,6,Maureen McCormick,0.112711,11.271069,7.750000,存活,33488,33.488000,百分比结合法,6
23,6,Ryan Lochte,0.107264,10.726441,7.500000,存活,33488,33.488000,百分比结合法,7
23,6,Terra Jole,0.105318,10.531818,7.500000,存活,33488,33.488000,百分比结合法,8
23,6,Amber Rose,0.039489,3.948856,7.000000,淘汰,33488,33.488000,百分比结合法,9
23,7,Marilu Henner,0.166464,16.646435,8.000000,存活,14562,14.562000,百分比结合法,1
23,7,Calvin Johnson Jr.,0.146932,14.693154,9.250000,存活,14562,14.562000,百分比结合法,2
23,7,Ryan Lochte,0.154166,15.416584,8.250000,存活,14562,14.562000,百分比结合法,3
23,7,Jana Kramer,0.139101,13.910075,8.625000,存活,14562,14.562000,百分比结合法,4
23,7,Laurie Hernandez,0.136691,13.669073,8.625000,存活,14562,14.562000,百分比结合法,5
23,7,Terra Jole,0.133686,13.368599,8.625000,存活,14562,14.562000,百分比结合法,6
23,7,James Hinchcliffe,0.115165,11.516510,9.250000,存活,14562,14.562000,百分比结合法,7
23,7,Maureen McCormick,0.007796,0.779571,8.250000,淘汰,14562,14.562000,百分比结合法,8
23,8,Laurie Hernandez,0.179525,17.952525,11.000000,存活,12822,12.822000,百分比结合法,1
23,8,James Hinchcliffe,0.151677,15.167674,11.666600,存活,12822,12.822000,百分比结合法,2
23,8,Jana Kramer,0.166669,16.666887,10.000000,存活,12822,12.822000,百分比结合法,3
23,8,Calvin Johnson Jr.,0.163899,16.389931,10.000000,存活,12822,12.822000,百分比结合法,4
23,8,Terra Jole,0.168218,16.821767,8.000000,存活,12822,12.822000,百分比结合法,5
23,8,Marilu Henner,0.167566,16.756604,7.666667,存活,12822,12.822000,百分比结合法,6
23,8,Ryan Lochte,0.002446,0.244614,8.666667,淘汰,12822,12.822000,百分比结合法,7
23,9,Jana Kramer,0.207377,20.737718,10.000000,存活,15892,15.892000,百分比结合法,1
23,9,Laurie Hernandez,0.206832,20.683164,10.000000,存活,15892,15.892000,百分比结合法,2
23,9,Terra Jole,0.193667,19.366672,9.500000,存活,15892,15.892000,百分比结合法,3
23,9,Calvin Johnson Jr.,0.193492,19.349232,9.250000,存活,15892,15.892000,百分比结合法,4
23,9,James Hinchcliffe,0.195531,19.553083,9.000000,存活,15892,15.892000,百分比结合法,5
23,9,Marilu Henner,0.003101,0.310132,9.000000,淘汰,15892,15.892000,百分比结合法,6
23,10,Jana Kramer,0.278736,27.873614,9.666667,存活,9584,9.584000,百分比结合法,1
23,10,Calvin Johnson Jr.,0.266649,26.664856,9.333333,存活,9584,9.584000,百分比结合法,2
23,10,Laurie Hernandez,0.231351,23.135120,10.000000,存活,9584,9.584000,百分比结合法,3
23,10,James Hinchcliffe,0.220496,22.049587,9.833333,存活,9584,9.584000,百分比结合法,4
23,10,Terra Jole,0.002768,0.276824,10.000000,淘汰,9584,9.584000,百分比结合法,5
23,11,Laurie Hernandez,0.270061,27.006102,9.833300,淘汰,100000,100.000000,百分比结合法,1
23,11,Calvin Johnson Jr.,0.264071,26.407090,9.583275,淘汰,100000,100.000000,百分比结合法,2
23,11,Jana Kramer,0.250450,25.044982,8.875000,淘汰,100000,100.000000,百分比结合法,3
23,11,James Hinchcliffe,0.215418,21.541827,9.749950,淘汰,100000,100.000000,百分比结合法,4
24,1,Simone Biles,0.106152,10.615218,8.000000,存活,100000,100.000000,百分比结合法,1
24,1,Rashad Jennings,0.102858,10.285837,7.750000,存活,100000,100.000000,百分比结合法,2
24,1,Heather Morris,0.095111,9.511113,7.000000,存活,100000,100.000000,百分比结合法,3
24,1,David Ross,0.093448,9.344843,7.000000,存活,100000,100.000000,百分比结合法,4
24,1,Nancy Kerrigan,0.093266,9.326575,7.000000,存活,100000,100.000000,百分比结合法,5
24,1,Normani,0.091180,9.118014,6.750000,存活,100000,100.000000,百分比结合法,6
24,1,Erika Jayne,0.081215,8.121547,6.000000,存活,100000,100.000000,百分比结合法,7
24,1,Nick Viall,0.079178,7.917797,6.000000,存活,100000,100.000000,百分比结合法,8
24,1,Bonner Bolton,0.074027,7.402677,5.500000,存活,100000,100.000000,百分比结合法,9
24,1,Mr. T,0.068800,6.879967,5.000000,存活,100000,100.000000,百分比结合法,10
24,1,Charo,0.058027,5.802688,5.250000,存活,100000,100.000000,百分比结合法,11
24,1,Chris Kattan,0.056737,5.673723,4.250000,存活,100000,100.000000,百分比结合法,12
24,2,Normani,0.104309,10.430857,8.000000,存活,24763,24.763000,百分比结合法,1
24,2,Rashad Jennings,0.103214,10.321398,8.000000,存活,24763,24.763000,百分比结合法,2
24,2,Heather Morris,0.098725,9.872523,7.500000,存活,24763,24.763000,百分比结合法,3
24,2,Simone Biles,0.094136,9.413617,7.250000,存活,24763,24.763000,百分比结合法,4
24,2,Erika Jayne,0.092046,9.204555,7.000000,存活,24763,24.763000,百分比结合法,5
24,2,Nancy Kerrigan,0.091006,9.100583,7.000000,存活,24763,24.763000,百分比结合法,6
24,2,Bonner Bolton,0.090928,9.092782,7.000000,存活,24763,24.763000,百分比结合法,7
24,2,David Ross,0.087816,8.781581,6.750000,存活,24763,24.763000,百分比结合法,8
24,2,Nick Viall,0.079423,7.942292,6.250000,存活,24763,24.763000,百分比结合法,9
24,2,Charo,0.066368,6.636822,6.250000,存活,24763,24.763000,百分比结合法,10
24,2,Mr. T,0.075045,7.504507,5.500000,存活,24763,24.763000,百分比结合法,11
24,2,Chris Kattan,0.016985,1.698483,5.500000,淘汰,24763,24.763000,百分比结合法,12
24,3,Normani,0.114931,11.493103,8.500000,存活,28288,28.288000,百分比结合法,1
24,3,Heather Morris,0.112009,11.200876,8.250000,存活,28288,28.288000,百分比结合法,2
24,3,Nancy Kerrigan,0.109896,10.989642,8.250000,存活,28288,28.288000,百分比结合法,3
24,3,Simone Biles,0.107196,10.719634,8.000000,存活,28288,28.288000,百分比结合法,4
24,3,David Ross,0.103738,10.373787,7.750000,存活,28288,28.288000,百分比结合法,5
24,3,Rashad Jennings,0.094248,9.424824,7.000000,存活,28288,28.288000,百分比结合法,6
24,3,Erika Jayne,0.088248,8.824794,6.500000,存活,28288,28.288000,百分比结合法,7
24,3,Nick Viall,0.086288,8.628792,6.500000,存活,28288,28.288000,百分比结合法,8
24,3,Mr. T,0.082152,8.215204,6.000000,存活,28288,28.288000,百分比结合法,9
24,3,Bonner Bolton,0.080762,8.076241,6.000000,存活,28288,28.288000,百分比结合法,10
24,3,Charo,0.020531,2.053103,6.000000,淘汰,28288,28.288000,百分比结合法,11
24,4,Rashad Jennings,0.125490,12.548968,9.750000,存活,30778,30.778000,百分比结合法,1
24,4,Simone Biles,0.116401,11.640149,9.000000,存活,30778,30.778000,百分比结合法,2
24,4,Heather Morris,0.115742,11.574199,8.750000,存活,30778,30.778000,百分比结合法,3
24,4,Nancy Kerrigan,0.106846,10.684583,8.250000,存活,30778,30.778000,百分比结合法,4
24,4,Normani,0.104608,10.460801,8.000000,存活,30778,30.778000,百分比结合法,5
24,4,Bonner Bolton,0.103709,10.370884,8.000000,存活,30778,30.778000,百分比结合法,6
24,4,David Ross,0.100513,10.051270,7.750000,存活,30778,30.778000,百分比结合法,7
24,4,Erika Jayne,0.098295,9.829549,7.500000,存活,30778,30.778000,百分比结合法,8
24,4,Nick Viall,0.095684,9.568404,7.500000,存活,30778,30.778000,百分比结合法,9
24,4,Mr. T,0.032712,3.271192,7.000000,淘汰,30778,30.778000,百分比结合法,10
24,5,Normani,0.132726,13.272572,9.750000,存活,11283,11.283000,百分比结合法,1
24,5,Simone Biles,0.128872,12.887156,9.500000,存活,11283,11.283000,百分比结合法,2
24,5,Nancy Kerrigan,0.121677,12.167709,9.000000,存活,11283,11.283000,百分比结合法,3
24,5,Rashad Jennings,0.125551,12.555076,8.000000,存活,11283,11.283000,百分比结合法,4
24,5,Bonner Bolton,0.131291,13.129131,7.500000,存活,11283,11.283000,百分比结合法,5
24,5,Heather Morris,0.117838,11.783799,8.500000,存活,11283,11.283000,百分比结合法,6
24,5,Nick Viall,0.112992,11.299221,8.500000,存活,11283,11.283000,百分比结合法,7
24,5,David Ross,0.126876,12.687633,7.250000,存活,11283,11.283000,百分比结合法,8
24,5,Erika Jayne,0.002177,0.217703,8.000000,淘汰,11283,11.283000,百分比结合法,9
24,6,Normani,0.156541,15.654102,9.000000,存活,4171,4.171000,百分比结合法,1
24,6,Rashad Jennings,0.150602,15.060202,8.750000,存活,4171,4.171000,百分比结合法,2
24,6,Simone Biles,0.148590,14.858992,8.625000,存活,4171,4.171000,百分比结合法,3
24,6,Nancy Kerrigan,0.144219,14.421947,8.375000,存活,4171,4.171000,百分比结合法,4
24,6,Bonner Bolton,0.135776,13.577645,7.875000,存活,4171,4.171000,百分比结合法,5
24,6,David Ross,0.133552,13.355194,7.750000,存活,4171,4.171000,百分比结合法,6
24,6,Nick Viall,0.128842,12.884159,7.625000,存活,4171,4.171000,百分比结合法,7
24,6,Heather Morris,0.001878,0.187759,9.250000,淘汰,4171,4.171000,百分比结合法,8
24,7,Normani,0.173721,17.372079,10.500000,存活,23215,23.215000,百分比结合法,1
24,7,Simone Biles,0.160788,16.078767,9.750000,存活,23215,23.215000,百分比结合法,2
24,7,Rashad Jennings,0.160571,16.057118,9.750000,存活,23215,23.215000,百分比结合法,3
24,7,David Ross,0.172879,17.287877,8.000000,存活,23215,23.215000,百分比结合法,4
24,7,Bonner Bolton,0.167405,16.740521,7.750000,存活,23215,23.215000,百分比结合法,5
24,7,Nancy Kerrigan,0.085424,8.542440,9.000000,淘汰,23215,23.215000,百分比结合法,6
24,7,Nick Viall,0.079212,7.921198,8.500000,淘汰,23215,23.215000,百分比结合法,7
24,8,Normani,0.243930,24.392976,9.875000,存活,52969,52.969000,百分比结合法,1
24,8,Rashad Jennings,0.229805,22.980477,9.375000,存活,52969,52.969000,百分比结合法,2
24,8,Simone Biles,0.220883,22.088252,9.000000,存活,52969,52.969000,百分比结合法,3
24,8,David Ross,0.200394,20.039380,8.125000,存活,52969,52.969000,百分比结合法,4
24,8,Bonner Bolton,0.104989,10.498915,7.250000,淘汰,52969,52.969000,百分比结合法,5
24,9,Rashad Jennings,0.342517,34.251711,9.625000,存活,10320,10.320000,百分比结合法,1
24,9,Normani,0.341400,34.140043,9.500000,存活,10320,10.320000,百分比结合法,2
24,9,David Ross,0.311532,31.153233,8.750000,存活,10320,10.320000,百分比结合法,3
24,9,Simone Biles,0.004550,0.455013,10.000000,淘汰,10320,10.320000,百分比结合法,4
24,10,Rashad Jennings,0.340457,34.045704,9.916650,淘汰,100000,100.000000,百分比结合法,1
24,10,Normani,0.341793,34.179329,9.833300,淘汰,100000,100.000000,百分比结合法,2
24,10,David Ross,0.317750,31.774967,9.083325,淘汰,100000,100.000000,百分比结合法,3
25,1,Jordan Fisher,0.098039,9.803896,7.333333,存活,100000,100.000000,百分比结合法,1
25,1,Lindsey Stirling,0.093130,9.312985,7.333333,存活,100000,100.000000,百分比结合法,2
25,1,Nikki Bella,0.087418,8.741759,6.666667,存活,100000,100.000000,百分比结合法,3
25,1,Frankie Muniz,0.084907,8.490694,6.333333,存活,100000,100.000000,百分比结合法,4
25,1,Victoria Arlen,0.083340,8.333991,6.333333,存活,100000,100.000000,百分比结合法,5
25,1,Vanessa Lachey,0.072294,7.229405,7.000000,存活,100000,100.000000,百分比结合法,6
25,1,Nick Lachey,0.079785,7.978492,6.000000,存活,100000,100.000000,百分比结合法,7
25,1,Derek Fisher,0.078789,7.878856,6.000000,存活,100000,100.000000,百分比结合法,8
25,1,Debbie Gibson,0.075496,7.549571,5.666667,存活,100000,100.000000,百分比结合法,9
25,1,Sasha Pieterse,0.064533,6.453258,6.000000,存活,100000,100.000000,百分比结合法,10
25,1,Terrell Owens,0.066351,6.635094,5.000000,存活,100000,100.000000,百分比结合法,11
25,1,Drew Scott,0.055586,5.558568,5.333333,存活,100000,100.000000,百分比结合法,12
25,1,Barbara Corcoran,0.060334,6.033429,4.666667,存活,100000,100.000000,百分比结合法,13
25,2,Jordan Fisher,0.097488,9.748785,8.000000,存活,30483,30.483000,百分比结合法,1
25,2,Frankie Muniz,0.097022,9.702163,8.000000,存活,30483,30.483000,百分比结合法,2
25,2,Lindsey Stirling,0.086714,8.671357,7.500000,存活,30483,30.483000,百分比结合法,3
25,2,Victoria Arlen,0.087953,8.795291,7.333333,存活,30483,30.483000,百分比结合法,4
25,2,Vanessa Lachey,0.073554,7.355416,7.833333,存活,30483,30.483000,百分比结合法,5
25,2,Sasha Pieterse,0.073073,7.307288,7.500000,存活,30483,30.483000,百分比结合法,6
25,2,Terrell Owens,0.081493,8.149325,6.500000,存活,30483,30.483000,百分比结合法,7
25,2,Nikki Bella,0.081366,8.136599,6.500000,存活,30483,30.483000,百分比结合法,8
25,2,Nick Lachey,0.079803,7.980322,6.333333,存活,30483,30.483000,百分比结合法,9
25,2,Derek Fisher,0.079038,7.903842,6.333333,存活,30483,30.483000,百分比结合法,10
25,2,Debbie Gibson,0.069207,6.920708,6.833333,淘汰,30483,30.483000,百分比结合法,11
25,2,Drew Scott,0.066848,6.684762,6.833333,存活,30483,30.483000,百分比结合法,12
25,2,Barbara Corcoran,0.026441,2.644142,5.666667,淘汰,30483,30.483000,百分比结合法,13
25,3,Lindsey Stirling,0.112363,11.236302,9.000000,存活,100000,100.000000,百分比结合法,1
25,3,Jordan Fisher,0.109327,10.932744,8.333333,存活,100000,100.000000,百分比结合法,2
25,3,Victoria Arlen,0.095242,9.524180,7.333333,存活,100000,100.000000,百分比结合法,3
25,3,Frankie Muniz,0.092976,9.297601,7.000000,存活,100000,100.000000,百分比结合法,4
25,3,Nick Lachey,0.091863,9.186314,7.000000,存活,100000,100.000000,百分比结合法,5
25,3,Terrell Owens,0.091288,9.128817,7.000000,存活,100000,100.000000,百分比结合法,6
25,3,Nikki Bella,0.091190,9.119011,7.000000,存活,100000,100.000000,百分比结合法,7
25,3,Derek Fisher,0.090979,9.097913,7.000000,存活,100000,100.000000,百分比结合法,8
25,3,Drew Scott,0.078576,7.857590,7.666667,存活,100000,100.000000,百分比结合法,9
25,3,Vanessa Lachey,0.078436,7.843590,7.666667,存活,100000,100.000000,百分比结合法,10
25,3,Sasha Pieterse,0.067759,6.775939,6.333333,存活,100000,100.000000,百分比结合法,11
25,4,Jordan Fisher,0.122411,12.241128,9.666667,存活,15840,15.840000,百分比结合法,1
25,4,Victoria Arlen,0.111733,11.173298,9.000000,存活,15840,15.840000,百分比结合法,2
25,4,Lindsey Stirling,0.104777,10.477731,8.666667,存活,15840,15.840000,百分比结合法,3
25,4,Nick Lachey,0.118042,11.804226,7.333333,存活,15840,15.840000,百分比结合法,4
25,4,Frankie Muniz,0.101606,10.160575,8.000000,存活,15840,15.840000,百分比结合法,5
25,4,Terrell Owens,0.099874,9.987352,8.000000,存活,15840,15.840000,百分比结合法,6
25,4,Nikki Bella,0.099631,9.963065,8.000000,存活,15840,15.840000,百分比结合法,7
25,4,Sasha Pieterse,0.081966,8.196639,8.000000,存活,15840,15.840000,百分比结合法,8
25,4,Drew Scott,0.079438,7.943765,8.000000,存活,15840,15.840000,百分比结合法,9
25,4,Vanessa Lachey,0.078469,7.846906,8.000000,存活,15840,15.840000,百分比结合法,10
25,4,Derek Fisher,0.002053,0.205316,7.666667,淘汰,15840,15.840000,百分比结合法,11
25,5,Jordan Fisher,0.128338,12.833791,10.000000,存活,15211,15.211000,百分比结合法,1
25,5,Frankie Muniz,0.123007,12.300692,9.666667,存活,15211,15.211000,百分比结合法,2
25,5,Lindsey Stirling,0.113666,11.366621,9.333333,存活,15211,15.211000,百分比结合法,3
25,5,Victoria Arlen,0.113015,11.301499,9.000000,存活,15211,15.211000,百分比结合法,4
25,5,Nikki Bella,0.112876,11.287622,9.000000,存活,15211,15.211000,百分比结合法,5
25,5,Nick Lachey,0.116409,11.640922,7.333333,存活,15211,15.211000,百分比结合法,6
25,5,Terrell Owens,0.104484,10.448424,8.333333,存活,15211,15.211000,百分比结合法,7
25,5,Vanessa Lachey,0.094508,9.450845,8.000000,存活,15211,15.211000,百分比结合法,8
25,5,Drew Scott,0.082356,8.235576,8.333333,存活,15211,15.211000,百分比结合法,9
25,5,Sasha Pieterse,0.011340,1.134008,8.000000,淘汰,15211,15.211000,百分比结合法,10
25,6,Jordan Fisher,0.143729,14.372923,9.750000,存活,31271,31.271000,百分比结合法,1
25,6,Lindsey Stirling,0.140306,14.030561,10.000000,存活,31271,31.271000,百分比结合法,2
25,6,Terrell Owens,0.134411,13.441115,9.250000,存活,31271,31.271000,百分比结合法,3
25,6,Nikki Bella,0.130144,13.014366,9.000000,存活,31271,31.271000,百分比结合法,4
25,6,Vanessa Lachey,0.103099,10.309860,9.000000,存活,31271,31.271000,百分比结合法,5
25,6,Frankie Muniz,0.114710,11.470995,7.750000,存活,31271,31.271000,百分比结合法,6
25,6,Victoria Arlen,0.112947,11.294653,7.750000,存活,31271,31.271000,百分比结合法,7
25,6,Drew Scott,0.086399,8.639888,7.500000,存活,31271,31.271000,百分比结合法,8
25,6,Nick Lachey,0.034256,3.425638,6.500000,淘汰,31271,31.271000,百分比结合法,9
25,7,Frankie Muniz,0.158284,15.828377,10.000000,存活,45572,45.572000,百分比结合法,1
25,7,Victoria Arlen,0.146969,14.696939,9.500000,存活,45572,45.572000,百分比结合法,2
25,7,Jordan Fisher,0.142473,14.247329,9.000000,存活,45572,45.572000,百分比结合法,3
25,7,Lindsey Stirling,0.136753,13.675264,8.500000,存活,45572,45.572000,百分比结合法,4
25,7,Drew Scott,0.116769,11.676916,9.500000,存活,45572,45.572000,百分比结合法,5
25,7,Terrell Owens,0.135311,13.531110,8.166667,存活,45572,45.572000,百分比结合法,6
25,7,Vanessa Lachey,0.087782,8.778201,9.000000,淘汰,45572,45.572000,百分比结合法,7
25,7,Nikki Bella,0.075659,7.565864,8.000000,淘汰,45572,45.572000,百分比结合法,8
25,8,Jordan Fisher,0.216267,21.626660,10.000000,存活,12889,12.889000,百分比结合法,1
25,8,Victoria Arlen,0.226955,22.695522,8.000000,存活,12889,12.889000,百分比结合法,2
25,8,Frankie Muniz,0.192206,19.220586,8.833333,存活,12889,12.889000,百分比结合法,3
25,8,Lindsey Stirling,0.187046,18.704616,9.000000,存活,12889,12.889000,百分比结合法,4
25,8,Drew Scott,0.174228,17.422810,7.833333,存活,12889,12.889000,百分比结合法,5
25,8,Terrell Owens,0.003298,0.329806,8.500000,淘汰,12889,12.889000,百分比结合法,6
25,9,Frankie Muniz,0.297277,29.727729,8.500000,存活,12948,12.948000,百分比结合法,1
25,9,Jordan Fisher,0.247570,24.757041,9.666667,存活,12948,12.948000,百分比结合法,2
25,9,Lindsey Stirling,0.236177,23.617679,9.500000,存活,12948,12.948000,百分比结合法,3
25,9,Drew Scott,0.215338,21.533756,8.000000,存活,12948,12.948000,百分比结合法,4
25,9,Victoria Arlen,0.003638,0.363796,9.333333,淘汰,12948,12.948000,百分比结合法,5
25,10,Jordan Fisher,0.272090,27.208958,10.000000,淘汰,100000,100.000000,百分比结合法,1
25,10,Lindsey Stirling,0.260116,26.011563,10.000000,淘汰,100000,100.000000,百分比结合法,2
25,10,Frankie Muniz,0.264734,26.473407,9.722175,淘汰,100000,100.000000,百分比结合法,3
25,10,Drew Scott,0.203061,20.306071,9.375000,淘汰,100000,100.000000,百分比结合法,4
26,1,Adam Rippon,0.120098,12.009781,8.000000,存活,29077,29.077000,百分比结合法,1
26,1,Josh Norman,0.119399,11.939912,8.000000,存活,29077,29.077000,百分比结合法,2
26,1,Tonya Harding,0.115841,11.584067,7.666667,存活,29077,29.077000,百分比结合法,3
26,1,Mirai Nagasu,0.115175,11.517455,7.666667,存活,29077,29.077000,百分比结合法,4
26,1,Chris Mazdzer,0.105675,10.567489,7.000000,存活,29077,29.077000,百分比结合法,5
26,1,Jennie Finch Daigle,0.105175,10.517473,7.000000,存活,29077,29.077000,百分比结合法,6
26,1,Arike Ogunbowale,0.101390,10.138960,6.666667,存活,29077,29.077000,百分比结合法,7
26,1,Kareem Abdul-Jabbar,0.109528,10.952823,5.666667,存活,29077,29.077000,百分比结合法,8
26,1,Jamie Anderson,0.055064,5.506379,6.333333,淘汰,29077,29.077000,百分比结合法,9
26,1,Johnny Damon,0.052657,5.265661,6.000000,淘汰,29077,29.077000,百分比结合法,10
26,2,Adam Rippon,0.144549,14.454865,9.250000,存活,42902,42.902000,百分比结合法,1
26,2,Mirai Nagasu,0.144013,14.401276,9.250000,存活,42902,42.902000,百分比结合法,2
26,2,Tonya Harding,0.135168,13.516835,8.250000,存活,42902,42.902000,百分比结合法,3
26,2,Chris Mazdzer,0.134507,13.450717,8.250000,存活,42902,42.902000,百分比结合法,4
26,2,Arike Ogunbowale,0.119216,11.921641,8.750000,淘汰,42902,42.902000,百分比结合法,5
26,2,Josh Norman,0.129117,12.911708,7.875000,存活,42902,42.902000,百分比结合法,6
26,2,Jennie Finch Daigle,0.129093,12.909265,7.875000,存活,42902,42.902000,百分比结合法,7
26,2,Kareem Abdul-Jabbar,0.064337,6.433693,7.375000,淘汰,42902,42.902000,百分比结合法,8
26,3,Adam Rippon,0.207741,20.774095,10.250000,存活,73663,73.663000,百分比结合法,1
26,3,Josh Norman,0.193460,19.345964,9.500000,存活,73663,73.663000,百分比结合法,2
26,3,Tonya Harding,0.182582,18.258184,8.750000,存活,73663,73.663000,百分比结合法,3
26,3,Mirai Nagasu,0.152493,15.249273,8.750000,淘汰,73663,73.663000,百分比结合法,4
26,3,Chris Mazdzer,0.139266,13.926582,8.250000,淘汰,73663,73.663000,百分比结合法,5
26,3,Jennie Finch Daigle,0.124459,12.445902,7.250000,淘汰,73663,73.663000,百分比结合法,6
26,4,Adam Rippon,0.339124,33.912447,9.666667,淘汰,100000,100.000000,百分比结合法,1
26,4,Josh Norman,0.331971,33.197065,9.500000,淘汰,100000,100.000000,百分比结合法,2
26,4,Tonya Harding,0.328905,32.890488,9.333333,淘汰,100000,100.000000,百分比结合法,3
27,1,Tinashe,0.098076,9.807556,7.666667,存活,16063,16.063000,百分比结合法,1
27,1,DeMarcus Ware,0.097622,9.762244,7.666667,存活,16063,16.063000,百分比结合法,2
27,1,Alexis Ren,0.095717,9.571656,7.333333,存活,16063,16.063000,百分比结合法,3
27,1,Milo Manheim,0.086508,8.650782,6.666667,存活,16063,16.063000,百分比结合法,4
27,1,Mary Lou Retton,0.084653,8.465258,6.666667,存活,16063,16.063000,百分比结合法,5
27,1,Juan Pablo Di Pace,0.076326,7.632551,7.333333,存活,16063,16.063000,百分比结合法,6
27,1,Nancy McKeon,0.084385,8.438542,6.500000,存活,16063,16.063000,百分比结合法,7
27,1,Bobby Bones,0.082394,8.239373,6.666667,存活,16063,16.063000,百分比结合法,8
27,1,John Schneider,0.077903,7.790331,6.000000,存活,16063,16.063000,百分比结合法,9
27,1,Danelle Umstead,0.076961,7.696066,6.000000,存活,16063,16.063000,百分比结合法,10
27,1,Evanna Lynch,0.062728,6.272805,6.000000,存活,16063,16.063000,百分比结合法,11
27,1,Joe Amabile,0.074055,7.405481,4.666667,存活,16063,16.063000,百分比结合法,12
27,1,Nikki Glaser,0.002674,0.267355,5.833333,淘汰,16063,16.063000,百分比结合法,13
27,2,Milo Manheim,0.106399,10.639938,8.666667,存活,15922,15.922000,百分比结合法,1
27,2,Tinashe,0.104873,10.487331,8.666667,存活,15922,15.922000,百分比结合法,2
27,2,Alexis Ren,0.100381,10.038094,8.166667,存活,15922,15.922000,百分比结合法,3
27,2,DeMarcus Ware,0.094625,9.462495,7.833333,存活,15922,15.922000,百分比结合法,4
27,2,Juan Pablo Di Pace,0.084791,8.479093,8.666667,存活,15922,15.922000,百分比结合法,5
27,2,Mary Lou Retton,0.091913,9.191255,7.666667,存活,15922,15.922000,百分比结合法,6
27,2,John Schneider,0.087918,8.791806,7.166667,存活,15922,15.922000,百分比结合法,7
27,2,Evanna Lynch,0.078046,7.804588,8.000000,存活,15922,15.922000,百分比结合法,8
27,2,Nancy McKeon,0.084342,8.434249,6.833333,存活,15922,15.922000,百分比结合法,9
27,2,Joe Amabile,0.087792,8.779190,5.833333,存活,15922,15.922000,百分比结合法,10
27,2,Bobby Bones,0.076470,7.647028,6.500000,存活,15922,15.922000,百分比结合法,11
27,2,Danelle Umstead,0.002449,0.244933,6.166667,淘汰,15922,15.922000,百分比结合法,12
27,3,Milo Manheim,0.109285,10.928538,9.000000,存活,12622,12.622000,百分比结合法,1
27,3,Juan Pablo Di Pace,0.097513,9.751281,10.000000,存活,12622,12.622000,百分比结合法,2
27,3,Tinashe,0.107818,10.781795,9.000000,存活,12622,12.622000,百分比结合法,3
27,3,Alexis Ren,0.106640,10.663975,8.666667,存活,12622,12.622000,百分比结合法,4
27,3,DeMarcus Ware,0.102962,10.296195,8.666667,存活,12622,12.622000,百分比结合法,5
27,3,Evanna Lynch,0.087472,8.747183,9.000000,存活,12622,12.622000,百分比结合法,6
27,3,John Schneider,0.109458,10.945773,7.000000,存活,12622,12.622000,百分比结合法,7
27,3,Mary Lou Retton,0.096743,9.674339,8.000000,存活,12622,12.622000,百分比结合法,8
27,3,Bobby Bones,0.089707,8.970680,7.666667,存活,12622,12.622000,百分比结合法,9
27,3,Joe Amabile,0.090298,9.029817,6.000000,存活,12622,12.622000,百分比结合法,10
27,3,Nancy McKeon,0.002104,0.210425,7.333333,淘汰,12622,12.622000,百分比结合法,11
27,4,Milo Manheim,0.121969,12.196917,9.666667,存活,3726,3.726000,百分比结合法,1
27,4,Alexis Ren,0.135993,13.599296,8.333333,存活,3726,3.726000,百分比结合法,2
27,4,Mary Lou Retton,0.123693,12.369307,8.666667,存活,3726,3.726000,百分比结合法,3
27,4,DeMarcus Ware,0.116327,11.632689,7.333333,存活,3726,3.726000,百分比结合法,4
27,4,Evanna Lynch,0.103442,10.344160,8.000000,存活,3726,3.726000,百分比结合法,5
27,4,Juan Pablo Di Pace,0.103417,10.341719,8.000000,存活,3726,3.726000,百分比结合法,6
27,4,John Schneider,0.113053,11.305329,7.000000,存活,3726,3.726000,百分比结合法,7
27,4,Bobby Bones,0.102610,10.260977,6.666667,存活,3726,3.726000,百分比结合法,8
27,4,Joe Amabile,0.077673,7.767348,5.000000,存活,3726,3.726000,百分比结合法,9
27,4,Tinashe,0.001823,0.182257,8.666667,淘汰,3726,3.726000,百分比结合法,10
27,5,Alexis Ren,0.138704,13.870447,9.666667,存活,100000,100.000000,百分比结合法,1
27,5,Milo Manheim,0.128509,12.850936,9.000000,存活,100000,100.000000,百分比结合法,2
27,5,Juan Pablo Di Pace,0.110920,11.091959,9.666667,存活,100000,100.000000,百分比结合法,3
27,5,DeMarcus Ware,0.121555,12.155466,8.666667,存活,100000,100.000000,百分比结合法,4
27,5,Mary Lou Retton,0.117232,11.723159,8.333333,存活,100000,100.000000,百分比结合法,5
27,5,John Schneider,0.114758,11.475795,8.000000,存活,100000,100.000000,百分比结合法,6
27,5,Evanna Lynch,0.092424,9.242359,8.000000,存活,100000,100.000000,百分比结合法,7
27,5,Bobby Bones,0.096400,9.639952,7.000000,存活,100000,100.000000,百分比结合法,8
27,5,Joe Amabile,0.079499,7.949928,5.666667,存活,100000,100.000000,百分比结合法,9
27,6,Milo Manheim,0.141805,14.180508,10.000000,存活,10388,10.388000,百分比结合法,1
27,6,Alexis Ren,0.130665,13.066474,9.000000,存活,10388,10.388000,百分比结合法,2
27,6,Juan Pablo Di Pace,0.115131,11.513122,10.000000,存活,10388,10.388000,百分比结合法,3
27,6,Evanna Lynch,0.109541,10.954063,9.666667,存活,10388,10.388000,百分比结合法,4
27,6,DeMarcus Ware,0.122424,12.242409,8.666667,存活,10388,10.388000,百分比结合法,5
27,6,Joe Amabile,0.130979,13.097938,7.333333,存活,10388,10.388000,百分比结合法,6
27,6,Bobby Bones,0.129600,12.960029,7.333333,存活,10388,10.388000,百分比结合法,7
27,6,John Schneider,0.117606,11.760602,6.333333,存活,10388,10.388000,百分比结合法,8
27,6,Mary Lou Retton,0.002249,0.224856,8.000000,淘汰,10388,10.388000,百分比结合法,9
27,7,Bobby Bones,0.162537,16.253729,8.833333,存活,24054,24.054000,百分比结合法,1
27,7,Milo Manheim,0.149371,14.937086,9.666667,存活,24054,24.054000,百分比结合法,2
27,7,Alexis Ren,0.142371,14.237127,9.166667,存活,24054,24.054000,百分比结合法,3
27,7,Joe Amabile,0.151562,15.156166,7.833333,存活,24054,24.054000,百分比结合法,4
27,7,Evanna Lynch,0.122344,12.234391,9.833333,存活,24054,24.054000,百分比结合法,5
27,7,Juan Pablo Di Pace,0.115707,11.570692,9.333333,存活,24054,24.054000,百分比结合法,6
27,7,John Schneider,0.081622,8.162207,9.000000,淘汰,24054,24.054000,百分比结合法,7
27,7,DeMarcus Ware,0.074486,7.448602,8.833333,淘汰,24054,24.054000,百分比结合法,8
27,8,Alexis Ren,0.220798,22.079793,9.666667,存活,25584,25.584000,百分比结合法,1
27,8,Milo Manheim,0.207691,20.769054,9.166667,存活,25584,25.584000,百分比结合法,2
27,8,Evanna Lynch,0.176135,17.613499,9.666667,存活,25584,25.584000,百分比结合法,3
27,8,Bobby Bones,0.197160,19.716017,7.500000,存活,25584,25.584000,百分比结合法,4
27,8,Juan Pablo Di Pace,0.133460,13.346005,10.000000,淘汰,25584,25.584000,百分比结合法,5
27,8,Joe Amabile,0.064756,6.475632,7.666667,淘汰,25584,25.584000,百分比结合法,6
27,9,Milo Manheim,0.273266,27.326610,10.000000,淘汰,100000,100.000000,百分比结合法,1
27,9,Alexis Ren,0.263698,26.369790,9.500000,淘汰,100000,100.000000,百分比结合法,2
27,9,Evanna Lynch,0.224532,22.453206,10.000000,淘汰,100000,100.000000,百分比结合法,3
27,9,Bobby Bones,0.238504,23.850395,9.000000,淘汰,100000,100.000000,百分比结合法,4
28,1,James Van Der Beek,0.107500,10.750041,7.000000,存活,100000,100.000000,排名结合法,1
28,1,Hannah Brown,0.098779,9.877909,6.666667,存活,100000,100.000000,排名结合法,2
28,1,Lauren Alaina,0.096783,9.678269,6.333333,存活,100000,100.000000,排名结合法,3
28,1,Sailor Brinkley-Cook,0.090271,9.027140,6.000000,存活,100000,100.000000,排名结合法,4
28,1,Mary Wilson,0.086859,8.685921,5.666667,存活,100000,100.000000,排名结合法,5
28,1,Karamo Brown,0.084799,8.479872,5.666667,存活,100000,100.000000,排名结合法,6
28,1,Kel Mitchell,0.082960,8.296049,5.333333,存活,100000,100.000000,排名结合法,7
28,1,Ally Brooke,0.082201,8.220148,5.333333,存活,100000,100.000000,排名结合法,8
28,1,Kate Flannery,0.077984,7.798424,5.000000,存活,100000,100.000000,排名结合法,9
28,1,Ray Lewis,0.076343,7.634321,5.000000,存活,100000,100.000000,排名结合法,10
28,1,Sean Spicer,0.058788,5.878768,4.000000,存活,100000,100.000000,排名结合法,11
28,1,Lamar Odom,0.056731,5.673138,3.666667,存活,100000,100.000000,排名结合法,12
28,2,Hannah Brown,0.114137,11.413736,8.000000,存活,19958,19.958000,排名结合法,1
28,2,Kate Flannery,0.103531,10.353134,7.000000,存活,19958,19.958000,排名结合法,2
28,2,Kel Mitchell,0.099456,9.945573,6.666667,存活,19958,19.958000,排名结合法,3
28,2,Ally Brooke,0.097901,9.790054,6.666667,存活,19958,19.958000,排名结合法,4
28,2,James Van Der Beek,0.098886,9.888559,6.666667,存活,19958,19.958000,排名结合法,5
28,2,Lauren Alaina,0.093376,9.337646,6.333333,存活,19958,19.958000,排名结合法,6
28,2,Karamo Brown,0.091388,9.138811,6.333333,存活,19958,19.958000,排名结合法,7
28,2,Sailor Brinkley-Cook,0.087986,8.798608,6.000000,存活,19958,19.958000,排名结合法,8
28,2,Sean Spicer,0.075426,7.542562,5.333333,存活,19958,19.958000,排名结合法,9
28,2,Mary Wilson,0.074615,7.461452,5.000000,淘汰,19958,19.958000,排名结合法,10
28,2,Ray Lewis,0.003653,0.365255,5.000000,淘汰,19958,19.958000,排名结合法,11
28,2,Lamar Odom,0.059646,5.964611,4.000000,存活,19958,19.958000,排名结合法,12
28,3,Kate Flannery,0.122484,12.248356,8.000000,存活,100000,100.000000,排名结合法,1
28,3,Ally Brooke,0.121467,12.146680,8.000000,存活,100000,100.000000,排名结合法,2
28,3,James Van Der Beek,0.117575,11.757529,7.666667,存活,100000,100.000000,排名结合法,3
28,3,Sailor Brinkley-Cook,0.114302,11.430190,7.666667,存活,100000,100.000000,排名结合法,4
28,3,Hannah Brown,0.104168,10.416847,7.000000,存活,100000,100.000000,排名结合法,5
28,3,Kel Mitchell,0.102739,10.273938,6.666667,存活,100000,100.000000,排名结合法,6
28,3,Lauren Alaina,0.101913,10.191343,6.666667,存活,100000,100.000000,排名结合法,7
28,3,Karamo Brown,0.080315,8.031539,5.333333,存活,100000,100.000000,排名结合法,8
28,3,Sean Spicer,0.073030,7.303044,5.000000,存活,100000,100.000000,排名结合法,9
28,3,Lamar Odom,0.062005,6.200535,4.000000,存活,100000,100.000000,排名结合法,10
28,4,Kel Mitchell,0.113617,11.361718,8.000000,存活,89147,89.147000,排名结合法,1
28,4,Lauren Alaina,0.112689,11.268923,8.000000,存活,89147,89.147000,排名结合法,2
28,4,Ally Brooke,0.112158,11.215831,8.000000,存活,89147,89.147000,排名结合法,3
28,4,Hannah Brown,0.109329,10.932936,8.000000,存活,89147,89.147000,排名结合法,4
28,4,Sailor Brinkley-Cook,0.107145,10.714452,7.750000,存活,89147,89.147000,排名结合法,5
28,4,Kate Flannery,0.105137,10.513736,6.500000,存活,89147,89.147000,排名结合法,6
28,4,James Van Der Beek,0.100566,10.056568,7.000000,存活,89147,89.147000,排名结合法,7
28,4,Karamo Brown,0.096761,9.676062,7.000000,存活,89147,89.147000,排名结合法,8
28,4,Sean Spicer,0.073173,7.317265,5.250000,存活,89147,89.147000,排名结合法,9
28,4,Lamar Odom,0.069425,6.942509,5.000000,淘汰,89147,89.147000,排名结合法,10
28,5,Ally Brooke,0.126054,12.605383,9.000000,存活,100000,100.000000,排名结合法,1
28,5,James Van Der Beek,0.122747,12.274749,8.666667,存活,100000,100.000000,排名结合法,2
28,5,Kel Mitchell,0.122710,12.271002,8.666667,存活,100000,100.000000,排名结合法,3
28,5,Hannah Brown,0.113897,11.389717,8.333333,存活,100000,100.000000,排名结合法,4
28,5,Kate Flannery,0.113835,11.383512,8.000000,存活,100000,100.000000,排名结合法,5
28,5,Sailor Brinkley-Cook,0.110698,11.069839,8.000000,存活,100000,100.000000,排名结合法,6
28,5,Lauren Alaina,0.108475,10.847469,7.666667,存活,100000,100.000000,排名结合法,7
28,5,Karamo Brown,0.096346,9.634554,7.000000,存活,100000,100.000000,排名结合法,8
28,5,Sean Spicer,0.085238,8.523775,6.333333,存活,100000,100.000000,排名结合法,9
28,6,Sailor Brinkley-Cook,0.111111,11.111111,9.000000,淘汰,0,0.000000,排名结合法,1
28,6,Lauren Alaina,0.111111,11.111111,8.666667,存活,0,0.000000,排名结合法,2
28,6,Karamo Brown,0.111111,11.111111,8.333333,存活,0,0.000000,排名结合法,3
28,6,Hannah Brown,0.111111,11.111111,8.000000,存活,0,0.000000,排名结合法,4
28,6,James Van Der Beek,0.111111,11.111111,9.000000,存活,0,0.000000,排名结合法,5
28,6,Ally Brooke,0.111111,11.111111,8.333333,存活,0,0.000000,排名结合法,6
28,6,Kate Flannery,0.111111,11.111111,9.000000,存活,0,0.000000,排名结合法,7
28,6,Kel Mitchell,0.111111,11.111111,8.666667,存活,0,0.000000,排名结合法,8
28,6,Sean Spicer,0.111111,11.111111,7.000000,存活,0,0.000000,排名结合法,9
28,7,Lauren Alaina,0.186204,18.620420,9.000000,存活,669,0.669000,排名结合法,1
28,7,Ally Brooke,0.182002,18.200215,9.000000,存活,669,0.669000,排名结合法,2
28,7,James Van Der Beek,0.167460,16.746029,9.000000,存活,669,0.669000,排名结合法,3
28,7,Hannah Brown,0.159839,15.983926,8.666667,存活,669,0.669000,排名结合法,4
28,7,Kel Mitchell,0.081466,8.146559,8.500000,存活,669,0.669000,排名结合法,5
28,7,Sean Spicer,0.153810,15.380970,7.000000,存活,669,0.669000,排名结合法,6
28,7,Kate Flannery,0.065879,6.587880,8.000000,存活,669,0.669000,排名结合法,7
28,7,Karamo Brown,0.003340,0.334002,8.166667,淘汰,669,0.669000,排名结合法,8
28,8,James Van Der Beek,0.219688,21.968766,10.666600,存活,3825,3.825000,排名结合法,1
28,8,Kel Mitchell,0.218172,21.817247,9.999933,存活,3825,3.825000,排名结合法,2
28,8,Ally Brooke,0.213064,21.306436,10.000000,存活,3825,3.825000,排名结合法,3
28,8,Hannah Brown,0.208488,20.848791,10.333267,存活,3825,3.825000,排名结合法,4
28,8,Kate Flannery,0.003193,0.319322,8.666600,淘汰,3825,3.825000,排名结合法,5
28,8,Sean Spicer,0.133951,13.395098,6.666667,存活,3825,3.825000,排名结合法,6
28,8,Lauren Alaina,0.003443,0.344339,8.000000,存活,3825,3.825000,排名结合法,7
28,9,Ally Brooke,0.187753,18.775264,10.000000,存活,96462,96.462000,排名结合法,1
28,9,Kel Mitchell,0.179814,17.981400,9.250000,存活,96462,96.462000,排名结合法,2
28,9,James Van Der Beek,0.177516,17.751596,9.000000,存活,96462,96.462000,排名结合法,3
28,9,Lauren Alaina,0.173474,17.347355,8.750000,存活,96462,96.462000,排名结合法,4
28,9,Hannah Brown,0.167601,16.760133,8.875000,存活,96462,96.462000,排名结合法,5
28,9,Sean Spicer,0.113843,11.384252,6.250000,淘汰,96462,96.462000,排名结合法,6
28,10,Ally Brooke,0.211535,21.153475,9.833333,存活,92622,92.622000,排名结合法,1
28,10,Kel Mitchell,0.208654,20.865368,9.500000,存活,92622,92.622000,排名结合法,2
28,10,Lauren Alaina,0.208811,20.881118,9.000000,存活,92622,92.622000,排名结合法,3
28,10,Hannah Brown,0.189290,18.929029,9.000000,存活,92622,92.622000,排名结合法,4
28,10,James Van Der Beek,0.181710,18.171010,8.500000,淘汰,92622,92.622000,排名结合法,5
28,11,Ally Brooke,0.256538,25.653805,10.000000,淘汰,100000,100.000000,排名结合法,1
28,11,Kel Mitchell,0.254785,25.478503,9.833333,淘汰,100000,100.000000,排名结合法,2
28,11,Lauren Alaina,0.245387,24.538698,9.500000,淘汰,100000,100.000000,排名结合法,3
28,11,Hannah Brown,0.243290,24.328994,9.666667,淘汰,100000,100.000000,排名结合法,4
29,1,Skai Jackson,0.082836,8.283604,7.000000,存活,100000,100.000000,排名结合法,1
29,1,Justina Machado,0.082729,8.272860,7.000000,存活,100000,100.000000,排名结合法,2
29,1,Nev Schulman,0.075563,7.556292,6.666667,存活,100000,100.000000,排名结合法,3
29,1,Monica Aldama,0.072560,7.255967,6.333333,存活,100000,100.000000,排名结合法,4
29,1,Jesse Metcalfe,0.071405,7.140495,6.000000,存活,100000,100.000000,排名结合法,5
29,1,AJ McLean,0.070916,7.091616,6.000000,存活,100000,100.000000,排名结合法,6
29,1,Kaitlyn Bristowe,0.061339,6.133917,6.666667,存活,100000,100.000000,排名结合法,7
29,1,Jeannie Mai,0.068892,6.889181,6.000000,存活,100000,100.000000,排名结合法,8
29,1,Anne Heche,0.071361,7.136065,6.000000,存活,100000,100.000000,排名结合法,9
29,1,Johnny Weir,0.070141,7.014125,6.000000,存活,100000,100.000000,排名结合法,10
29,1,Veron Davis,0.066478,6.647837,5.666667,存活,100000,100.000000,排名结合法,11
29,1,Nelly,0.063221,6.322070,5.333333,存活,100000,100.000000,排名结合法,12
29,1,Chrishell Stause,0.052199,5.219896,4.333333,存活,100000,100.000000,排名结合法,13
29,1,Charles Oakley,0.047513,4.751303,4.000000,存活,100000,100.000000,排名结合法,14
29,1,Carole Baskin,0.042848,4.284770,3.666667,存活,100000,100.000000,排名结合法,15
29,2,Justina Machado,0.076866,7.686551,7.000000,存活,21065,21.065000,排名结合法,1
29,2,Nev Schulman,0.073602,7.360167,7.000000,存活,21065,21.065000,排名结合法,2
29,2,Jesse Metcalfe,0.073130,7.312961,6.666667,存活,21065,21.065000,排名结合法,3
29,2,AJ McLean,0.069843,6.984338,6.333333,存活,21065,21.065000,排名结合法,4
29,2,Kaitlyn Bristowe,0.062368,6.236826,7.333333,存活,21065,21.065000,排名结合法,5
29,2,Nelly,0.066687,6.668736,6.000000,存活,21065,21.065000,排名结合法,6
29,2,Anne Heche,0.068717,6.871673,6.000000,存活,21065,21.065000,排名结合法,7
29,2,Chrishell Stause,0.067335,6.733546,6.000000,存活,21065,21.065000,排名结合法,8
29,2,Johnny Weir,0.065838,6.583778,6.000000,存活,21065,21.065000,排名结合法,9
29,2,Jeannie Mai,0.064248,6.424779,6.000000,存活,21065,21.065000,排名结合法,10
29,2,Skai Jackson,0.071524,7.152381,5.000000,存活,21065,21.065000,排名结合法,11
29,2,Veron Davis,0.065621,6.562060,6.000000,存活,21065,21.065000,排名结合法,12
29,2,Carole Baskin,0.062653,6.265250,5.333333,存活,21065,21.065000,排名结合法,13
29,2,Monica Aldama,0.062350,6.234995,5.333333,存活,21065,21.065000,排名结合法,14
29,2,Charles Oakley,0.049220,4.921959,5.000000,淘汰,21065,21.065000,排名结合法,15
29,3,Johnny Weir,0.084522,8.452208,8.000000,存活,78192,78.192000,排名结合法,1
29,3,Nev Schulman,0.082562,8.256220,8.000000,存活,78192,78.192000,排名结合法,2
29,3,Chrishell Stause,0.079506,7.950650,7.333333,存活,78192,78.192000,排名结合法,3
29,3,Veron Davis,0.077693,7.769328,7.333333,存活,78192,78.192000,排名结合法,4
29,3,Jeannie Mai,0.076538,7.653833,7.333333,存活,78192,78.192000,排名结合法,5
29,3,AJ McLean,0.075379,7.537921,7.000000,存活,78192,78.192000,排名结合法,6
29,3,Monica Aldama,0.073282,7.328181,7.000000,存活,78192,78.192000,排名结合法,7
29,3,Kaitlyn Bristowe,0.064115,6.411540,7.666667,存活,78192,78.192000,排名结合法,8
29,3,Jesse Metcalfe,0.072718,7.271778,6.666667,存活,78192,78.192000,排名结合法,9
29,3,Justina Machado,0.069251,6.925120,6.333333,存活,78192,78.192000,排名结合法,10
29,3,Anne Heche,0.068761,6.876090,5.000000,存活,78192,78.192000,排名结合法,11
29,3,Skai Jackson,0.067050,6.704991,6.000000,存活,78192,78.192000,排名结合法,12
29,3,Nelly,0.066073,6.607290,6.000000,存活,78192,78.192000,排名结合法,13
29,3,Carole Baskin,0.042548,4.254849,4.000000,淘汰,78192,78.192000,排名结合法,14
29,4,Skai Jackson,0.095607,9.560654,9.333333,存活,53078,53.078000,排名结合法,1
29,4,AJ McLean,0.081284,8.128373,8.000000,存活,53078,53.078000,排名结合法,2
29,4,Monica Aldama,0.079238,7.923760,8.000000,存活,53078,53.078000,排名结合法,3
29,4,Justina Machado,0.082404,8.240398,8.000000,存活,53078,53.078000,排名结合法,4
29,4,Johnny Weir,0.080463,8.046280,8.000000,存活,53078,53.078000,排名结合法,5
29,4,Nev Schulman,0.078759,7.875927,8.000000,存活,53078,53.078000,排名结合法,6
29,4,Jesse Metcalfe,0.084012,8.401238,7.000000,存活,53078,53.078000,排名结合法,7
29,4,Kaitlyn Bristowe,0.063636,6.363562,8.333333,存活,53078,53.078000,排名结合法,8
29,4,Chrishell Stause,0.077132,7.713154,7.333333,存活,53078,53.078000,排名结合法,9
29,4,Veron Davis,0.074331,7.433077,7.333333,存活,53078,53.078000,排名结合法,10
29,4,Nelly,0.078180,7.818007,7.000000,存活,53078,53.078000,排名结合法,11
29,4,Jeannie Mai,0.069917,6.991703,7.000000,存活,53078,53.078000,排名结合法,12
29,4,Anne Heche,0.055039,5.503867,7.000000,淘汰,53078,53.078000,排名结合法,13
29,5,Johnny Weir,0.101872,10.187244,9.666667,存活,97629,97.629000,排名结合法,1
29,5,Monica Aldama,0.090022,9.002201,8.666667,存活,97629,97.629000,排名结合法,2
29,5,Nev Schulman,0.089182,8.918167,8.666667,存活,97629,97.629000,排名结合法,3
29,5,Kaitlyn Bristowe,0.075185,7.518486,9.000000,存活,97629,97.629000,排名结合法,4
29,5,Skai Jackson,0.087880,8.788031,8.000000,存活,97629,97.629000,排名结合法,5
29,5,Justina Machado,0.087266,8.726589,8.000000,存活,97629,97.629000,排名结合法,6
29,5,AJ McLean,0.086234,8.623366,8.000000,存活,97629,97.629000,排名结合法,7
29,5,Nelly,0.086003,8.600336,8.000000,存活,97629,97.629000,排名结合法,8
29,5,Jeannie Mai,0.083613,8.361316,8.000000,存活,97629,97.629000,排名结合法,9
29,5,Veron Davis,0.075050,7.504956,7.000000,存活,97629,97.629000,排名结合法,10
29,5,Chrishell Stause,0.069193,6.919308,6.333333,存活,97629,97.629000,排名结合法,11
29,5,Jesse Metcalfe,0.068500,6.850000,6.333333,淘汰,97629,97.629000,排名结合法,12
29,6,Monica Aldama,0.118568,11.856750,9.000000,存活,610,0.610000,排名结合法,1
29,6,Justina Machado,0.124700,12.470003,9.000000,存活,610,0.610000,排名结合法,2
29,6,AJ McLean,0.121668,12.166781,9.000000,存活,610,0.610000,排名结合法,3
29,6,Nev Schulman,0.114443,11.444265,8.666667,存活,610,0.610000,排名结合法,4
29,6,Kaitlyn Bristowe,0.097581,9.758066,9.000000,存活,610,0.610000,排名结合法,5
29,6,Jeannie Mai,0.111982,11.198243,8.333333,存活,610,0.610000,排名结合法,6
29,6,Nelly,0.111107,11.110693,8.000000,存活,610,0.610000,排名结合法,7
29,6,Chrishell Stause,0.110780,11.078012,8.000000,存活,610,0.610000,排名结合法,8
29,6,Johnny Weir,0.002396,0.239626,7.333333,存活,610,0.610000,排名结合法,9
29,6,Skai Jackson,0.084420,8.442049,6.000000,存活,610,0.610000,排名结合法,10
29,6,Veron Davis,0.002355,0.235511,7.000000,淘汰,610,0.610000,排名结合法,11
29,7,Nev Schulman,0.122970,12.296988,10.000000,存活,19236,19.236000,排名结合法,1
29,7,Nelly,0.113839,11.383903,9.000000,存活,19236,19.236000,排名结合法,2
29,7,Skai Jackson,0.114345,11.434543,9.000000,存活,19236,19.236000,排名结合法,3
29,7,Johnny Weir,0.112754,11.275375,9.000000,存活,19236,19.236000,排名结合法,4
29,7,Chrishell Stause,0.108938,10.893833,8.666667,存活,19236,19.236000,排名结合法,5
29,7,Justina Machado,0.108618,10.861838,8.666667,存活,19236,19.236000,排名结合法,6
29,7,AJ McLean,0.107979,10.797918,8.666667,存活,19236,19.236000,排名结合法,7
29,7,Kaitlyn Bristowe,0.102041,10.204056,8.000000,存活,19236,19.236000,排名结合法,8
29,7,Jeannie Mai,0.083996,8.399590,8.333333,淘汰,19236,19.236000,排名结合法,9
29,7,Monica Aldama,0.024520,2.451955,7.333333,淘汰,19236,19.236000,排名结合法,10
29,8,Johnny Weir,0.150891,15.089052,10.000000,存活,12509,12.509000,排名结合法,1
29,8,Justina Machado,0.147352,14.735229,9.666600,存活,12509,12.509000,排名结合法,2
29,8,Nev Schulman,0.144245,14.424505,10.000000,存活,12509,12.509000,排名结合法,3
29,8,Kaitlyn Bristowe,0.133633,13.363338,9.333333,存活,12509,12.509000,排名结合法,4
29,8,Skai Jackson,0.145186,14.518601,8.999933,存活,12509,12.509000,排名结合法,5
29,8,Nelly,0.145997,14.599694,8.000000,存活,12509,12.509000,排名结合法,6
29,8,AJ McLean,0.130521,13.052149,9.000000,存活,12509,12.509000,排名结合法,7
29,8,Chrishell Stause,0.002174,0.217433,9.000000,淘汰,12509,12.509000,排名结合法,8
29,9,Johnny Weir,0.165760,16.575952,10.000000,存活,23796,23.796000,排名结合法,1
29,9,Skai Jackson,0.172784,17.278443,9.666600,存活,23796,23.796000,排名结合法,2
29,9,Justina Machado,0.179043,17.904273,8.666600,存活,23796,23.796000,排名结合法,3
29,9,Nev Schulman,0.156655,15.665539,9.666600,存活,23796,23.796000,排名结合法,4
29,9,Kaitlyn Bristowe,0.127864,12.786449,10.000000,存活,23796,23.796000,排名结合法,5
29,9,Nelly,0.149527,14.952734,8.000000,存活,23796,23.796000,排名结合法,6
29,9,AJ McLean,0.048366,4.836610,8.333267,淘汰,23796,23.796000,排名结合法,7
29,10,Justina Machado,0.191020,19.101986,9.666667,存活,43938,43.938000,排名结合法,1
29,10,Nev Schulman,0.178720,17.872023,10.000000,存活,43938,43.938000,排名结合法,2
29,10,Kaitlyn Bristowe,0.149137,14.913657,10.000000,存活,43938,43.938000,排名结合法,3
29,10,Nelly,0.210680,21.067979,9.333333,存活,43938,43.938000,排名结合法,4
29,10,Johnny Weir,0.147648,14.764848,9.500000,淘汰,43938,43.938000,排名结合法,5
29,10,Skai Jackson,0.122795,12.279508,9.500000,淘汰,43938,43.938000,排名结合法,6
29,11,Justina Machado,0.270393,27.039269,10.000000,淘汰,100000,100.000000,排名结合法,1
29,11,Nev Schulman,0.259271,25.927104,10.000000,淘汰,100000,100.000000,排名结合法,2
29,11,Kaitlyn Bristowe,0.214455,21.445529,10.000000,淘汰,100000,100.000000,排名结合法,3
29,11,Nelly,0.255881,25.588098,9.500000,淘汰,100000,100.000000,排名结合法,4
30,1,JoJo Siwa,0.083312,8.331206,7.250000,存活,100000,100.000000,排名结合法,1
30,1,Suni Lee,0.078256,7.825568,7.000000,存活,100000,100.000000,排名结合法,2
30,1,Amanda Kloots,0.076494,7.649441,7.000000,存活,100000,100.000000,排名结合法,3
30,1,Melora Hardin,0.073962,7.396176,6.500000,存活,100000,100.000000,排名结合法,4
30,1,Kenya Moore,0.071304,7.130432,6.500000,存活,100000,100.000000,排名结合法,5
30,1,Olivia Jade,0.071764,7.176432,6.250000,存活,100000,100.000000,排名结合法,6
30,1,Melanie C,0.061063,6.106330,6.750000,存活,100000,100.000000,排名结合法,7
30,1,Brian Austin Green,0.068587,6.858666,6.000000,存活,100000,100.000000,排名结合法,8
30,1,Matt James,0.067357,6.735747,6.000000,存活,100000,100.000000,排名结合法,9
30,1,"Mike ""The Miz"" Mizanin",0.067186,6.718641,6.000000,存活,100000,100.000000,排名结合法,10
30,1,Cody Rigsby,0.065944,6.594423,6.000000,存活,100000,100.000000,排名结合法,11
30,1,Christine Chiu,0.055178,5.517793,6.250000,存活,100000,100.000000,排名结合法,12
30,1,Jimmie Allen,0.062524,6.252426,5.500000,存活,100000,100.000000,排名结合法,13
30,1,Iman Shumpert,0.059066,5.906617,5.250000,存活,100000,100.000000,排名结合法,14
30,1,Martin Kove,0.038001,3.800102,3.250000,存活,100000,100.000000,排名结合法,15
30,2,JoJo Siwa,0.083904,8.390413,7.750000,存活,95856,95.856000,排名结合法,1
30,2,Amanda Kloots,0.082112,8.211194,8.000000,存活,95856,95.856000,排名结合法,2
30,2,Suni Lee,0.074156,7.415571,7.000000,存活,95856,95.856000,排名结合法,3
30,2,Olivia Jade,0.073647,7.364703,6.750000,存活,95856,95.856000,排名结合法,4
30,2,Melora Hardin,0.073056,7.305625,6.750000,存活,95856,95.856000,排名结合法,5
30,2,Melanie C,0.063934,6.393356,7.500000,存活,95856,95.856000,排名结合法,6
30,2,Jimmie Allen,0.072186,7.218635,6.750000,存活,95856,95.856000,排名结合法,7
30,2,"Mike ""The Miz"" Mizanin",0.069022,6.902215,6.500000,存活,95856,95.856000,排名结合法,8
30,2,Iman Shumpert,0.066634,6.663401,6.250000,存活,95856,95.856000,排名结合法,9
30,2,Kenya Moore,0.062862,6.286240,6.000000,存活,95856,95.856000,排名结合法,10
30,2,Brian Austin Green,0.063329,6.332905,5.750000,存活,95856,95.856000,排名结合法,11
30,2,Cody Rigsby,0.062941,6.294076,6.000000,存活,95856,95.856000,排名结合法,12
30,2,Christine Chiu,0.051740,5.174040,6.000000,存活,95856,95.856000,排名结合法,13
30,2,Matt James,0.059393,5.939269,5.500000,存活,95856,95.856000,排名结合法,14
30,2,Martin Kove,0.041084,4.108357,3.750000,淘汰,95856,95.856000,排名结合法,15
30,3,JoJo Siwa,0.085978,8.597756,8.000000,存活,325,0.325000,排名结合法,1
30,3,Amanda Kloots,0.076196,7.619568,8.000000,存活,325,0.325000,排名结合法,2
30,3,Melanie C,0.086547,8.654731,7.333333,存活,325,0.325000,排名结合法,3
30,3,Melora Hardin,0.078500,7.849953,7.666667,存活,325,0.325000,排名结合法,4
30,3,Olivia Jade,0.068219,6.821872,8.000000,存活,325,0.325000,排名结合法,5
30,3,Brian Austin Green,0.088879,8.887944,6.333333,存活,325,0.325000,排名结合法,6
30,3,Cody Rigsby,0.107638,10.763775,6.000000,存活,325,0.325000,排名结合法,7
30,3,"Mike ""The Miz"" Mizanin",0.065312,6.531184,7.333333,存活,325,0.325000,排名结合法,8
30,3,Jimmie Allen,0.073415,7.341539,6.666667,存活,325,0.325000,排名结合法,9
30,3,Matt James,0.070628,7.062827,6.666667,存活,325,0.325000,排名结合法,10
30,3,Iman Shumpert,0.071445,7.144485,6.333333,存活,325,0.325000,排名结合法,11
30,3,Kenya Moore,0.061364,6.136426,7.000000,存活,325,0.325000,排名结合法,12
30,3,Suni Lee,0.063589,6.358862,7.000000,存活,325,0.325000,排名结合法,13
30,3,Christine Chiu,0.002291,0.229077,7.000000,淘汰,325,0.325000,排名结合法,14
30,4,Melora Hardin,0.089715,8.971457,9.125000,存活,98711,98.711000,排名结合法,1
30,4,JoJo Siwa,0.087113,8.711314,8.750000,存活,98711,98.711000,排名结合法,2
30,4,Olivia Jade,0.086883,8.688266,8.750000,存活,98711,98.711000,排名结合法,3
30,4,Suni Lee,0.081911,8.191098,8.500000,存活,98711,98.711000,排名结合法,4
30,4,Amanda Kloots,0.080990,8.099009,8.500000,存活,98711,98.711000,排名结合法,5
30,4,Jimmie Allen,0.079401,7.940099,8.125000,存活,98711,98.711000,排名结合法,6
30,4,"Mike ""The Miz"" Mizanin",0.078791,7.879103,8.125000,存活,98711,98.711000,排名结合法,7
30,4,Iman Shumpert,0.076373,7.637331,7.875000,存活,98711,98.711000,排名结合法,8
30,4,Melanie C,0.064581,6.458085,8.250000,存活,98711,98.711000,排名结合法,9
30,4,Kenya Moore,0.070727,7.072737,7.375000,存活,98711,98.711000,排名结合法,10
30,4,Cody Rigsby,0.069813,6.981266,7.250000,存活,98711,98.711000,排名结合法,11
30,4,Matt James,0.069356,6.935583,7.125000,淘汰,98711,98.711000,排名结合法,12
30,4,Brian Austin Green,0.064347,6.434652,6.500000,淘汰,98711,98.711000,排名结合法,13
30,5,Olivia Jade,0.129894,12.989355,9.000000,存活,50,0.050000,排名结合法,1
30,5,JoJo Siwa,0.074795,7.479463,10.000000,存活,50,0.050000,排名结合法,2
30,5,Kenya Moore,0.082175,8.217494,9.000000,存活,50,0.050000,排名结合法,3
30,5,Suni Lee,0.093068,9.306790,9.000000,存活,50,0.050000,排名结合法,4
30,5,Amanda Kloots,0.065905,6.590500,9.750000,存活,50,0.050000,排名结合法,5
30,5,"Mike ""The Miz"" Mizanin",0.142687,14.268682,8.000000,存活,50,0.050000,排名结合法,6
30,5,Iman Shumpert,0.172260,17.225981,7.000000,存活,50,0.050000,排名结合法,7
30,5,Cody Rigsby,0.102812,10.281174,8.000000,存活,50,0.050000,排名结合法,8
30,5,Jimmie Allen,0.080380,8.037986,8.500000,存活,50,0.050000,排名结合法,9
30,5,Melanie C,0.002815,0.281537,9.000000,淘汰,50,0.050000,排名结合法,10
30,5,Melora Hardin,0.053210,5.321038,9.000000,存活,50,0.050000,排名结合法,11
30,6,JoJo Siwa,0.108983,10.898285,10.000000,存活,78754,78.754000,排名结合法,1
30,6,Iman Shumpert,0.105947,10.594749,10.000000,存活,78754,78.754000,排名结合法,2
30,6,Jimmie Allen,0.102158,10.215770,9.500000,存活,78754,78.754000,排名结合法,3
30,6,Amanda Kloots,0.098821,9.882059,9.500000,存活,78754,78.754000,排名结合法,4
30,6,Melora Hardin,0.115543,11.554315,8.500000,存活,78754,78.754000,排名结合法,5
30,6,Olivia Jade,0.100740,10.073986,9.000000,存活,78754,78.754000,排名结合法,6
30,6,Suni Lee,0.097774,9.777368,9.000000,存活,78754,78.754000,排名结合法,7
30,6,Cody Rigsby,0.094866,9.486609,9.000000,存活,78754,78.754000,排名结合法,8
30,6,"Mike ""The Miz"" Mizanin",0.093094,9.309405,8.500000,存活,78754,78.754000,排名结合法,9
30,6,Kenya Moore,0.082075,8.207454,8.000000,淘汰,78754,78.754000,排名结合法,10
30,7,Olivia Jade,0.129089,12.908931,10.500000,存活,92678,92.678000,排名结合法,1
30,7,JoJo Siwa,0.120296,12.029632,9.750000,存活,92678,92.678000,排名结合法,2
30,7,Melora Hardin,0.116616,11.661605,9.500000,存活,92678,92.678000,排名结合法,3
30,7,Jimmie Allen,0.115370,11.537042,9.500000,存活,92678,92.678000,排名结合法,4
30,7,Cody Rigsby,0.106476,10.647600,9.000000,存活,92678,92.678000,排名结合法,5
30,7,Suni Lee,0.109769,10.976862,8.500000,存活,92678,92.678000,排名结合法,6
30,7,Iman Shumpert,0.105334,10.533390,8.500000,存活,92678,92.678000,排名结合法,7
30,7,Amanda Kloots,0.101753,10.175308,8.500000,存活,92678,92.678000,排名结合法,8
30,7,"Mike ""The Miz"" Mizanin",0.095296,9.529629,8.000000,淘汰,92678,92.678000,排名结合法,9
30,8,Melora Hardin,0.133055,13.305480,10.500000,存活,78303,78.303000,排名结合法,1
30,8,Suni Lee,0.130477,13.047661,10.500000,存活,78303,78.303000,排名结合法,2
30,8,Amanda Kloots,0.128064,12.806358,10.500000,存活,78303,78.303000,排名结合法,3
30,8,JoJo Siwa,0.131882,13.188181,10.250000,存活,78303,78.303000,排名结合法,4
30,8,Iman Shumpert,0.141438,14.143841,8.750000,存活,78303,78.303000,排名结合法,5
30,8,Cody Rigsby,0.117419,11.741892,9.500000,存活,78303,78.303000,排名结合法,6
30,8,Olivia Jade,0.116358,11.635819,9.000000,淘汰,78303,78.303000,排名结合法,7
30,8,Jimmie Allen,0.101308,10.130767,8.000000,淘汰,78303,78.303000,排名结合法,8
30,9,JoJo Siwa,0.194316,19.431574,10.000000,存活,26468,26.468000,排名结合法,1
30,9,Amanda Kloots,0.186543,18.654316,9.875000,存活,26468,26.468000,排名结合法,2
30,9,Iman Shumpert,0.172103,17.210317,9.375000,存活,26468,26.468000,排名结合法,3
30,9,Cody Rigsby,0.206666,20.666638,8.875000,存活,26468,26.468000,排名结合法,4
30,9,Suni Lee,0.164881,16.488066,9.375000,淘汰,26468,26.468000,排名结合法,5
30,9,Melora Hardin,0.075491,7.549089,9.000000,淘汰,26468,26.468000,排名结合法,6
30,10,JoJo Siwa,0.260566,26.056619,10.000000,淘汰,100000,100.000000,排名结合法,1
30,10,Iman Shumpert,0.255483,25.548334,10.000000,淘汰,100000,100.000000,排名结合法,2
30,10,Amanda Kloots,0.244321,24.432104,9.750000,淘汰,100000,100.000000,排名结合法,3
30,10,Cody Rigsby,0.239629,23.962943,9.500000,淘汰,100000,100.000000,排名结合法,4
31,1,Charli D'Amelio,0.087812,8.781159,8.000000,存活,16314,16.314000,排名结合法,1
31,1,Wayne Brady,0.076145,7.614517,7.250000,存活,16314,16.314000,排名结合法,2
31,1,Selma Blair,0.077097,7.709684,7.000000,存活,16314,16.314000,排名结合法,3
31,1,Shangela,0.073843,7.384273,7.000000,存活,16314,16.314000,排名结合法,4
31,1,Gabby Windey,0.073587,7.358650,7.000000,存活,16314,16.314000,排名结合法,5
31,1,Daniel Durant,0.074823,7.482327,6.750000,存活,16314,16.314000,排名结合法,6
31,1,Jordin Sparks,0.071089,7.108935,6.500000,存活,16314,16.314000,排名结合法,7
31,1,Heidi D'Amelio,0.068120,6.812002,6.000000,存活,16314,16.314000,排名结合法,8
31,1,Joseph Baena,0.064756,6.475629,5.750000,存活,16314,16.314000,排名结合法,9
31,1,Trevor Donovan,0.060563,6.056307,5.250000,存活,16314,16.314000,排名结合法,10
31,1,Cheryl Ladd,0.059895,5.989522,5.250000,存活,16314,16.314000,排名结合法,11
31,1,Teresa Giudice,0.055778,5.577761,5.000000,存活,16314,16.314000,排名结合法,12
31,1,Sam Champion,0.057034,5.703360,5.000000,存活,16314,16.314000,排名结合法,13
31,1,Jessie James Decker,0.047382,4.738215,5.000000,存活,16314,16.314000,排名结合法,14
31,1,Vinny Guadagnino,0.048913,4.891331,4.250000,存活,16314,16.314000,排名结合法,15
31,1,Jason Lewis,0.003163,0.316327,4.500000,淘汰,16314,16.314000,排名结合法,16
31,2,Charli D'Amelio,0.082421,8.242112,8.000000,存活,10845,10.845000,排名结合法,1
31,2,Gabby Windey,0.078579,7.857897,8.000000,存活,10845,10.845000,排名结合法,2
31,2,Wayne Brady,0.077724,7.772421,8.000000,存活,10845,10.845000,排名结合法,3
31,2,Trevor Donovan,0.076189,7.618874,7.500000,存活,10845,10.845000,排名结合法,4
31,2,Daniel Durant,0.074199,7.419897,7.250000,存活,10845,10.845000,排名结合法,5
31,2,Heidi D'Amelio,0.072648,7.264841,7.000000,存活,10845,10.845000,排名结合法,6
31,2,Shangela,0.068760,6.876047,7.000000,存活,10845,10.845000,排名结合法,7
31,2,Selma Blair,0.072228,7.222783,7.000000,存活,10845,10.845000,排名结合法,8
31,2,Jordin Sparks,0.068621,6.862109,6.750000,存活,10845,10.845000,排名结合法,9
31,2,Vinny Guadagnino,0.066720,6.671966,6.750000,存活,10845,10.845000,排名结合法,10
31,2,Joseph Baena,0.066124,6.612431,6.000000,存活,10845,10.845000,排名结合法,11
31,2,Sam Champion,0.064079,6.407892,6.500000,存活,10845,10.845000,排名结合法,12
31,2,Jessie James Decker,0.063527,6.352706,6.250000,存活,10845,10.845000,排名结合法,13
31,2,Cheryl Ladd,0.066060,6.606025,5.250000,存活,10845,10.845000,排名结合法,14
31,2,Teresa Giudice,0.002120,0.211999,5.750000,淘汰,10845,10.845000,排名结合法,15
31,3,Charli D'Amelio,0.088190,8.819033,8.250000,存活,17062,17.062000,排名结合法,1
31,3,Wayne Brady,0.083216,8.321553,8.250000,存活,17062,17.062000,排名结合法,2
31,3,Heidi D'Amelio,0.085558,8.555788,8.000000,存活,17062,17.062000,排名结合法,3
31,3,Gabby Windey,0.082674,8.267433,8.250000,存活,17062,17.062000,排名结合法,4
31,3,Daniel Durant,0.082782,8.278218,7.750000,存活,17062,17.062000,排名结合法,5
31,3,Joseph Baena,0.077747,7.774715,7.250000,存活,17062,17.062000,排名结合法,6
31,3,Jordin Sparks,0.077394,7.739432,7.250000,存活,17062,17.062000,排名结合法,7
31,3,Shangela,0.076578,7.657814,7.500000,存活,17062,17.062000,排名结合法,8
31,3,Selma Blair,0.075178,7.517800,7.000000,存活,17062,17.062000,排名结合法,9
31,3,Trevor Donovan,0.072754,7.275376,6.750000,存活,17062,17.062000,排名结合法,10
31,3,Sam Champion,0.065351,6.535142,6.250000,存活,17062,17.062000,排名结合法,11
31,3,Jessie James Decker,0.061403,6.140257,6.500000,存活,17062,17.062000,排名结合法,12
31,3,Vinny Guadagnino,0.065547,6.554691,5.750000,存活,17062,17.062000,排名结合法,13
31,3,Cheryl Ladd,0.005627,0.562747,6.000000,淘汰,17062,17.062000,排名结合法,14
31,4,Charli D'Amelio,0.089093,8.909311,9.000000,存活,76607,76.607000,排名结合法,1
31,4,Gabby Windey,0.084651,8.465069,9.000000,存活,76607,76.607000,排名结合法,2
31,4,Wayne Brady,0.085012,8.501169,9.000000,存活,76607,76.607000,排名结合法,3
31,4,Heidi D'Amelio,0.084404,8.440444,8.500000,存活,76607,76.607000,排名结合法,4
31,4,Jordin Sparks,0.083148,8.314842,8.500000,存活,76607,76.607000,排名结合法,5
31,4,Selma Blair,0.078794,7.879421,8.000000,存活,76607,76.607000,排名结合法,6
31,4,Joseph Baena,0.086992,8.699156,7.000000,存活,76607,76.607000,排名结合法,7
31,4,Shangela,0.075696,7.569639,8.000000,存活,76607,76.607000,排名结合法,8
31,4,Daniel Durant,0.072426,7.242641,7.250000,存活,76607,76.607000,排名结合法,9
31,4,Jessie James Decker,0.060342,6.034161,7.750000,存活,76607,76.607000,排名结合法,10
31,4,Vinny Guadagnino,0.069058,6.905826,7.250000,存活,76607,76.607000,排名结合法,11
31,4,Trevor Donovan,0.072252,7.225159,7.000000,存活,76607,76.607000,排名结合法,12
31,4,Sam Champion,0.058132,5.813163,6.250000,淘汰,76607,76.607000,排名结合法,13
31,5,Charli D'Amelio,0.103070,10.307045,10.500000,存活,12426,12.426000,排名结合法,1
31,5,Selma Blair,0.098791,9.879076,10.000000,淘汰,12426,12.426000,排名结合法,2
31,5,Gabby Windey,0.096485,9.648465,10.250000,存活,12426,12.426000,排名结合法,3
31,5,Wayne Brady,0.096347,9.634735,10.250000,存活,12426,12.426000,排名结合法,4
31,5,Heidi D'Amelio,0.096841,9.684130,9.750000,存活,12426,12.426000,排名结合法,5
31,5,Shangela,0.091661,9.166082,9.625000,存活,12426,12.426000,排名结合法,6
31,5,Trevor Donovan,0.086628,8.662837,9.000000,存活,12426,12.426000,排名结合法,7
31,5,Jessie James Decker,0.081816,8.181573,9.000000,存活,12426,12.426000,排名结合法,8
31,5,Jordin Sparks,0.084772,8.477174,8.875000,存活,12426,12.426000,排名结合法,9
31,5,Vinny Guadagnino,0.086181,8.618069,7.750000,存活,12426,12.426000,排名结合法,10
31,5,Joseph Baena,0.001403,0.140339,8.750000,淘汰,12426,12.426000,排名结合法,11
31,5,Daniel Durant,0.076005,7.600474,8.375000,存活,12426,12.426000,排名结合法,12
31,6,Charli D'Amelio,0.116678,11.667799,10.000000,存活,65470,65.470000,排名结合法,1
31,6,Gabby Windey,0.103585,10.358469,9.250000,存活,65470,65.470000,排名结合法,2
31,6,Heidi D'Amelio,0.106646,10.664646,9.000000,存活,65470,65.470000,排名结合法,3
31,6,Trevor Donovan,0.117523,11.752264,8.500000,存活,65470,65.470000,排名结合法,4
31,6,Shangela,0.100560,10.056009,9.000000,存活,65470,65.470000,排名结合法,5
31,6,Daniel Durant,0.101791,10.179123,8.500000,存活,65470,65.470000,排名结合法,6
31,6,Jordin Sparks,0.099820,9.982049,8.500000,存活,65470,65.470000,排名结合法,7
31,6,Wayne Brady,0.097078,9.707758,8.500000,存活,65470,65.470000,排名结合法,8
31,6,Jessie James Decker,0.062789,6.278940,8.000000,淘汰,65470,65.470000,排名结合法,9
31,6,Vinny Guadagnino,0.093529,9.352943,7.000000,存活,65470,65.470000,排名结合法,10
31,7,Charli D'Amelio,0.136608,13.660774,9.750000,存活,19370,19.370000,排名结合法,1
31,7,Trevor Donovan,0.134916,13.491597,9.750000,存活,19370,19.370000,排名结合法,2
31,7,Wayne Brady,0.126122,12.612153,9.500000,存活,19370,19.370000,排名结合法,3
31,7,Daniel Durant,0.127766,12.776579,9.125000,存活,19370,19.370000,排名结合法,4
31,7,Shangela,0.122195,12.219504,9.125000,存活,19370,19.370000,排名结合法,5
31,7,Heidi D'Amelio,0.123742,12.374220,8.750000,存活,19370,19.370000,排名结合法,6
31,7,Gabby Windey,0.119464,11.946392,8.875000,存活,19370,19.370000,排名结合法,7
31,7,Jordin Sparks,0.002022,0.202174,8.625000,淘汰,19370,19.370000,排名结合法,8
31,7,Vinny Guadagnino,0.107166,10.716607,7.875000,存活,19370,19.370000,排名结合法,9
31,8,Charli D'Amelio,0.143082,14.308195,11.250000,存活,94137,94.137000,排名结合法,1
31,8,Wayne Brady,0.136219,13.621872,11.250000,存活,94137,94.137000,排名结合法,2
31,8,Shangela,0.128189,12.818933,10.500000,存活,94137,94.137000,排名结合法,3
31,8,Trevor Donovan,0.134187,13.418716,9.750000,存活,94137,94.137000,排名结合法,4
31,8,Daniel Durant,0.126891,12.689083,9.750000,存活,94137,94.137000,排名结合法,5
31,8,Gabby Windey,0.122862,12.286186,10.000000,存活,94137,94.137000,排名结合法,6
31,8,Heidi D'Amelio,0.118548,11.854819,8.750000,淘汰,94137,94.137000,排名结合法,7
31,8,Vinny Guadagnino,0.090022,9.002196,7.250000,淘汰,94137,94.137000,排名结合法,8
31,9,Charli D'Amelio,0.185062,18.506250,10.000000,存活,99221,99.221000,排名结合法,1
31,9,Gabby Windey,0.176422,17.642213,10.000000,存活,99221,99.221000,排名结合法,2
31,9,Wayne Brady,0.164180,16.418042,9.125000,存活,99221,99.221000,排名结合法,3
31,9,Shangela,0.163772,16.377188,9.125000,存活,99221,99.221000,排名结合法,4
31,9,Daniel Durant,0.160577,16.057657,8.625000,淘汰,99221,99.221000,排名结合法,5
31,9,Trevor Donovan,0.149987,14.998650,8.125000,淘汰,99221,99.221000,排名结合法,6
31,10,Charli D'Amelio,0.262995,26.299520,10.000000,淘汰,100000,100.000000,排名结合法,1
31,10,Gabby Windey,0.252960,25.296048,10.000000,淘汰,100000,100.000000,排名结合法,2
31,10,Wayne Brady,0.242525,24.252493,9.500000,淘汰,100000,100.000000,排名结合法,3
31,10,Shangela,0.241519,24.151939,9.500000,淘汰,100000,100.000000,排名结合法,4
32,1,Charity Lawson,0.095177,9.517703,7.333333,存活,64459,64.459000,排名结合法,1
32,1,Jason Mraz,0.094032,9.403193,7.000000,存活,64459,64.459000,排名结合法,2
32,1,Ariana Madix,0.091054,9.105379,7.000000,存活,64459,64.459000,排名结合法,3
32,1,Xochitl Gomez,0.082003,8.200277,6.000000,存活,64459,64.459000,排名结合法,4
32,1,Adrian Peterson,0.080576,8.057566,6.000000,存活,64459,64.459000,排名结合法,5
32,1,Mira Sorvino,0.077480,7.747977,5.666667,存活,64459,64.459000,排名结合法,6
32,1,Lele Pons,0.069749,6.974923,6.333333,存活,64459,64.459000,排名结合法,7
32,1,Barry Williams,0.073868,7.386826,5.333333,存活,64459,64.459000,排名结合法,8
32,1,Jamie Lynn Spears,0.070534,7.053438,5.000000,存活,64459,64.459000,排名结合法,9
32,1,Alyson Hannigan,0.064373,6.437290,4.333333,存活,64459,64.459000,排名结合法,10
32,1,Mauricio Umansky,0.050645,5.064458,5.000000,存活,64459,64.459000,排名结合法,11
32,1,Tyson Beckford,0.061921,6.192087,4.000000,存活,64459,64.459000,排名结合法,12
32,1,Harry Jowsey,0.042796,4.279567,4.000000,存活,64459,64.459000,排名结合法,13
32,1,Matt Walsh,0.045793,4.579317,4.000000,淘汰,64459,64.459000,排名结合法,14
32,2,Charity Lawson,0.076923,7.692308,7.000000,存活,0,0.000000,排名结合法,1
32,2,Ariana Madix,0.076923,7.692308,6.666667,存活,0,0.000000,排名结合法,2
32,2,Jason Mraz,0.076923,7.692308,8.000000,存活,0,0.000000,排名结合法,3
32,2,Lele Pons,0.076923,7.692308,7.000000,存活,0,0.000000,排名结合法,4
32,2,Xochitl Gomez,0.076923,7.692308,8.000000,存活,0,0.000000,排名结合法,5
32,2,Tyson Beckford,0.076923,7.692308,6.000000,存活,0,0.000000,排名结合法,6
32,2,Harry Jowsey,0.076923,7.692308,5.000000,存活,0,0.000000,排名结合法,7
32,2,Alyson Hannigan,0.076923,7.692308,6.333333,存活,0,0.000000,排名结合法,8
32,2,Mauricio Umansky,0.076923,7.692308,4.000000,存活,0,0.000000,排名结合法,9
32,2,Adrian Peterson,0.076923,7.692308,5.000000,存活,0,0.000000,排名结合法,10
32,2,Mira Sorvino,0.076923,7.692308,6.000000,存活,0,0.000000,排名结合法,11
32,2,Jamie Lynn Spears,0.076923,7.692308,5.333333,淘汰,0,0.000000,排名结合法,12
32,2,Barry Williams,0.076923,7.692308,5.000000,存活,0,0.000000,排名结合法,13
32,3,Jason Mraz,0.106811,10.681076,8.500000,存活,67089,67.089000,排名结合法,1
32,3,Ariana Madix,0.103510,10.351010,8.500000,存活,67089,67.089000,排名结合法,2
32,3,Xochitl Gomez,0.101756,10.175626,8.000000,存活,67089,67.089000,排名结合法,3
32,3,Charity Lawson,0.097545,9.754484,8.000000,存活,67089,67.089000,排名结合法,4
32,3,Mira Sorvino,0.085332,8.533188,6.500000,存活,67089,67.089000,排名结合法,5
32,3,Lele Pons,0.070168,7.016775,6.750000,存活,67089,67.089000,排名结合法,6
32,3,Barry Williams,0.082219,8.221853,6.250000,存活,67089,67.089000,排名结合法,7
32,3,Alyson Hannigan,0.087452,8.745202,6.000000,存活,67089,67.089000,排名结合法,8
32,3,Adrian Peterson,0.087610,8.761027,5.500000,存活,67089,67.089000,排名结合法,9
32,3,Harry Jowsey,0.057241,5.724122,6.000000,存活,67089,67.089000,排名结合法,10
32,3,Mauricio Umansky,0.060446,6.044635,5.750000,存活,67089,67.089000,排名结合法,11
32,3,Tyson Beckford,0.059910,5.991003,5.000000,淘汰,67089,67.089000,排名结合法,12
32,4,Ariana Madix,0.090909,9.090909,8.333333,存活,0,0.000000,排名结合法,1
32,4,Charity Lawson,0.090909,9.090909,8.000000,存活,0,0.000000,排名结合法,2
32,4,Xochitl Gomez,0.090909,9.090909,9.000000,存活,0,0.000000,排名结合法,3
32,4,Jason Mraz,0.090909,9.090909,8.000000,存活,0,0.000000,排名结合法,4
32,4,Lele Pons,0.090909,9.090909,7.333333,存活,0,0.000000,排名结合法,5
32,4,Harry Jowsey,0.090909,9.090909,7.000000,存活,0,0.000000,排名结合法,6
32,4,Mauricio Umansky,0.090909,9.090909,6.333333,存活,0,0.000000,排名结合法,7
32,4,Adrian Peterson,0.090909,9.090909,7.000000,淘汰,0,0.000000,排名结合法,8
32,4,Mira Sorvino,0.090909,9.090909,7.000000,存活,0,0.000000,排名结合法,9
32,4,Alyson Hannigan,0.090909,9.090909,6.000000,存活,0,0.000000,排名结合法,10
32,4,Barry Williams,0.090909,9.090909,6.000000,存活,0,0.000000,排名结合法,11
32,5,Xochitl Gomez,0.150324,15.032417,9.333333,存活,2531,2.531000,排名结合法,1
32,5,Charity Lawson,0.143929,14.392882,9.333333,存活,2531,2.531000,排名结合法,2
32,5,Jason Mraz,0.142972,14.297241,9.000000,存活,2531,2.531000,排名结合法,3
32,5,Ariana Madix,0.125002,12.500248,8.000000,存活,2531,2.531000,排名结合法,4
32,5,Barry Williams,0.128923,12.892325,8.000000,存活,2531,2.531000,排名结合法,5
32,5,Lele Pons,0.110025,11.002503,8.000000,存活,2531,2.531000,排名结合法,6
32,5,Mauricio Umansky,0.098520,9.851961,8.000000,存活,2531,2.531000,排名结合法,7
32,5,Mira Sorvino,0.002710,0.270983,7.333333,淘汰,2531,2.531000,排名结合法,8
32,5,Alyson Hannigan,0.004241,0.424085,7.000000,存活,2531,2.531000,排名结合法,9
32,5,Harry Jowsey,0.093354,9.335355,6.000000,存活,2531,2.531000,排名结合法,10
32,6,Xochitl Gomez,0.132606,13.260561,10.500000,存活,965,0.965000,排名结合法,1
32,6,Lele Pons,0.186047,18.604701,9.250000,存活,965,0.965000,排名结合法,2
32,6,Ariana Madix,0.130436,13.043649,10.250000,存活,965,0.965000,排名结合法,3
32,6,Jason Mraz,0.105526,10.552633,9.750000,存活,965,0.965000,排名结合法,4
32,6,Harry Jowsey,0.140401,14.040093,7.250000,存活,965,0.965000,排名结合法,5
32,6,Charity Lawson,0.102534,10.253376,9.500000,存活,965,0.965000,排名结合法,6
32,6,Barry Williams,0.105322,10.532202,8.000000,存活,965,0.965000,排名结合法,7
32,6,Mauricio Umansky,0.002445,0.244540,8.250000,淘汰,965,0.965000,排名结合法,8
32,6,Alyson Hannigan,0.094682,9.468245,7.750000,存活,965,0.965000,排名结合法,9
32,7,Xochitl Gomez,0.076683,7.668283,9.250000,存活,59,0.059000,排名结合法,1
32,7,Jason Mraz,0.150626,15.062605,9.000000,存活,59,0.059000,排名结合法,2
32,7,Ariana Madix,0.052163,5.216334,9.250000,存活,59,0.059000,排名结合法,3
32,7,Barry Williams,0.281109,28.110908,8.125000,存活,59,0.059000,排名结合法,4
32,7,Harry Jowsey,0.307952,30.795220,8.000000,存活,59,0.059000,排名结合法,5
32,7,Charity Lawson,0.061932,6.193217,9.000000,存活,59,0.059000,排名结合法,6
32,7,Alyson Hannigan,0.065141,6.514118,8.750000,存活,59,0.059000,排名结合法,7
32,7,Lele Pons,0.004393,0.439316,9.125000,淘汰,59,0.059000,排名结合法,8
32,8,Ariana Madix,0.218726,21.872573,10.500000,存活,3381,3.381000,排名结合法,1
32,8,Xochitl Gomez,0.214290,21.429038,10.000000,存活,3381,3.381000,排名结合法,2
32,8,Charity Lawson,0.202888,20.288774,9.750000,存活,3381,3.381000,排名结合法,3
32,8,Alyson Hannigan,0.156318,15.631774,9.000000,存活,3381,3.381000,排名结合法,4
32,8,Barry Williams,0.003225,0.322549,8.750000,淘汰,3381,3.381000,排名结合法,5
32,8,Jason Mraz,0.050828,5.082812,8.250000,存活,3381,3.381000,排名结合法,6
32,8,Harry Jowsey,0.153725,15.372481,7.000000,存活,3381,3.381000,排名结合法,7
32,9,Jason Mraz,0.194633,19.463279,10.750000,存活,83964,83.964000,排名结合法,1
32,9,Xochitl Gomez,0.187545,18.754501,10.250000,存活,83964,83.964000,排名结合法,2
32,9,Charity Lawson,0.169109,16.910890,9.500000,存活,83964,83.964000,排名结合法,3
32,9,Alyson Hannigan,0.181534,18.153442,8.000000,存活,83964,83.964000,排名结合法,4
32,9,Ariana Madix,0.165190,16.518999,9.250000,存活,83964,83.964000,排名结合法,5
32,9,Harry Jowsey,0.101989,10.198889,7.500000,淘汰,83964,83.964000,排名结合法,6
32,10,Xochitl Gomez,0.213413,21.341271,10.000000,存活,100000,100.000000,排名结合法,1
32,10,Charity Lawson,0.202332,20.233240,9.833333,存活,100000,100.000000,排名结合法,2
32,10,Jason Mraz,0.201576,20.157617,9.500000,存活,100000,100.000000,排名结合法,3
32,10,Ariana Madix,0.199179,19.917855,9.666667,存活,100000,100.000000,排名结合法,4
32,10,Alyson Hannigan,0.183500,18.350017,8.500000,存活,100000,100.000000,排名结合法,5
32,11,Xochitl Gomez,0.209089,20.908869,10.000000,淘汰,100000,100.000000,排名结合法,1
32,11,Jason Mraz,0.206921,20.692080,10.000000,淘汰,100000,100.000000,排名结合法,2
32,11,Ariana Madix,0.198681,19.868054,9.833333,淘汰,100000,100.000000,排名结合法,3
32,11,Charity Lawson,0.198491,19.849116,9.833333,淘汰,100000,100.000000,排名结合法,4
32,11,Alyson Hannigan,0.186819,18.681881,8.833333,淘汰,100000,100.000000,排名结合法,5
33,1,Chandler Kinney,0.095722,9.572186,7.666667,存活,100000,100.000000,排名结合法,1
33,1,Dwight Howard ,0.089969,8.996947,7.333333,存活,100000,100.000000,排名结合法,2
33,1,Stephen Nedoroscik,0.086067,8.606674,7.000000,存活,100000,100.000000,排名结合法,3
33,1,Joey Graziadei,0.084574,8.457432,7.000000,存活,100000,100.000000,排名结合法,4
33,1,Danny Amendola,0.082203,8.220307,6.666667,存活,100000,100.000000,排名结合法,5
33,1,Jenn Tran,0.076819,7.681865,6.333333,存活,100000,100.000000,排名结合法,6
33,1,Phaedra Parks,0.076810,7.681022,6.333333,存活,100000,100.000000,排名结合法,7
33,1,Brooks Nader,0.073610,7.361037,6.000000,存活,100000,100.000000,排名结合法,8
33,1,Ilona Maher,0.074047,7.404674,6.000000,存活,100000,100.000000,排名结合法,9
33,1,Tori Spelling,0.071529,7.152936,5.666667,存活,100000,100.000000,排名结合法,10
33,1,Anna Delvey,0.057853,5.785313,6.000000,存活,100000,100.000000,排名结合法,11
33,1,Reginald VelJohnson,0.067327,6.732683,5.333333,存活,100000,100.000000,排名结合法,12
33,1,Eric Roberts,0.063469,6.346924,5.000000,存活,100000,100.000000,排名结合法,13
33,2,Chandler Kinney,0.103807,10.380745,8.000000,存活,16873,16.873000,排名结合法,1
33,2,Joey Graziadei,0.091343,9.134292,7.333333,存活,16873,16.873000,排名结合法,2
33,2,Stephen Nedoroscik,0.091111,9.111064,7.333333,存活,16873,16.873000,排名结合法,3
33,2,Dwight Howard ,0.091077,9.107668,7.333333,存活,16873,16.873000,排名结合法,4
33,2,Danny Amendola,0.084986,8.498554,7.000000,存活,16873,16.873000,排名结合法,5
33,2,Ilona Maher,0.084508,8.450765,7.000000,存活,16873,16.873000,排名结合法,6
33,2,Phaedra Parks,0.083521,8.352061,7.000000,存活,16873,16.873000,排名结合法,7
33,2,Brooks Nader,0.078522,7.852202,6.666667,存活,16873,16.873000,排名结合法,8
33,2,Jenn Tran,0.073578,7.357833,6.333333,存活,16873,16.873000,排名结合法,9
33,2,Tori Spelling,0.052305,5.230526,6.333333,淘汰,16873,16.873000,排名结合法,10
33,2,Eric Roberts,0.074646,7.464558,5.000000,存活,16873,16.873000,排名结合法,11
33,2,Reginald VelJohnson,0.067099,6.709887,5.000000,存活,16873,16.873000,排名结合法,12
33,2,Anna Delvey,0.023498,2.349847,5.666667,淘汰,16873,16.873000,排名结合法,13
33,3,Chandler Kinney,0.109792,10.979178,8.625000,存活,99894,99.894000,排名结合法,1
33,3,Joey Graziadei,0.107472,10.747174,8.750000,存活,99894,99.894000,排名结合法,2
33,3,Stephen Nedoroscik,0.097296,9.729609,7.750000,存活,99894,99.894000,排名结合法,3
33,3,Jenn Tran,0.095618,9.561809,7.750000,存活,99894,99.894000,排名结合法,4
33,3,Brooks Nader,0.094984,9.498420,7.625000,存活,99894,99.894000,排名结合法,5
33,3,Danny Amendola,0.094598,9.459812,7.500000,存活,99894,99.894000,排名结合法,6
33,3,Ilona Maher,0.088412,8.841171,7.000000,存活,99894,99.894000,排名结合法,7
33,3,Phaedra Parks,0.086833,8.683297,7.000000,存活,99894,99.894000,排名结合法,8
33,3,Dwight Howard ,0.082161,8.216063,6.500000,存活,99894,99.894000,排名结合法,9
33,3,Eric Roberts,0.074605,7.460518,5.750000,淘汰,99894,99.894000,排名结合法,10
33,3,Reginald VelJohnson,0.068229,6.822950,5.250000,淘汰,99894,99.894000,排名结合法,11
33,4,Danny Amendola,0.197274,19.727369,9.000000,存活,157,0.157000,排名结合法,1
33,4,Joey Graziadei,0.191127,19.112652,9.000000,存活,157,0.157000,排名结合法,2
33,4,Stephen Nedoroscik,0.101873,10.187349,8.250000,存活,157,0.157000,排名结合法,3
33,4,Jenn Tran,0.093292,9.329199,8.000000,存活,157,0.157000,排名结合法,4
33,4,Dwight Howard ,0.157946,15.794616,7.250000,存活,157,0.157000,排名结合法,5
33,4,Ilona Maher,0.096368,9.636812,8.000000,存活,157,0.157000,排名结合法,6
33,4,Phaedra Parks,0.070863,7.086297,8.000000,存活,157,0.157000,排名结合法,7
33,4,Chandler Kinney,0.087811,8.781148,8.000000,存活,157,0.157000,排名结合法,8
33,4,Brooks Nader,0.003446,0.344559,8.000000,淘汰,157,0.157000,排名结合法,9
33,5,Chandler Kinney,0.130174,13.017432,9.000000,存活,2742,2.742000,排名结合法,1
33,5,Joey Graziadei,0.128141,12.814134,8.666667,存活,2742,2.742000,排名结合法,2
33,5,Danny Amendola,0.131065,13.106489,8.500000,存活,2742,2.742000,排名结合法,3
33,5,Dwight Howard ,0.151844,15.184370,8.000000,存活,2742,2.742000,排名结合法,4
33,5,Stephen Nedoroscik,0.137971,13.797108,8.000000,存活,2742,2.742000,排名结合法,5
33,5,Ilona Maher,0.120277,12.027691,8.666667,存活,2742,2.742000,排名结合法,6
33,5,Jenn Tran,0.127064,12.706434,8.500000,存活,2742,2.742000,排名结合法,7
33,5,Phaedra Parks,0.073463,7.346341,8.000000,淘汰,2742,2.742000,排名结合法,8
33,6,Joey Graziadei,0.136714,13.671447,10.666667,存活,23,0.023000,排名结合法,1
33,6,Dwight Howard ,0.152808,15.280783,10.333333,存活,23,0.023000,排名结合法,2
33,6,Stephen Nedoroscik,0.246436,24.643621,9.333333,存活,23,0.023000,排名结合法,3
33,6,Chandler Kinney,0.047867,4.786712,10.666667,存活,23,0.023000,排名结合法,4
33,6,Ilona Maher,0.315758,31.575763,8.000000,存活,23,0.023000,排名结合法,5
33,6,Jenn Tran,0.006938,0.693783,10.333333,淘汰,23,0.023000,排名结合法,6
33,6,Danny Amendola,0.093479,9.347892,9.333333,存活,23,0.023000,排名结合法,7
33,7,Chandler Kinney,0.187176,18.717586,10.000000,存活,97671,97.671000,排名结合法,1
33,7,Stephen Nedoroscik,0.168728,16.872797,9.000000,存活,97671,97.671000,排名结合法,2
33,7,Joey Graziadei,0.166748,16.674828,9.166667,存活,97671,97.671000,排名结合法,3
33,7,Ilona Maher,0.165360,16.536000,8.666667,存活,97671,97.671000,排名结合法,4
33,7,Danny Amendola,0.162612,16.261221,8.500000,存活,97671,97.671000,排名结合法,5
33,7,Dwight Howard ,0.149376,14.937569,8.000000,淘汰,97671,97.671000,排名结合法,6
33,8,Chandler Kinney,0.210068,21.006785,9.666667,存活,100000,100.000000,排名结合法,1
33,8,Joey Graziadei,0.202782,20.278206,9.666667,存活,100000,100.000000,排名结合法,2
33,8,Ilona Maher,0.203098,20.309781,9.500000,存活,100000,100.000000,排名结合法,3
33,8,Danny Amendola,0.193946,19.394552,9.000000,存活,100000,100.000000,排名结合法,4
33,8,Stephen Nedoroscik,0.190107,19.010677,8.833333,存活,100000,100.000000,排名结合法,5
33,9,Chandler Kinney,0.208772,20.877152,10.000000,淘汰,100000,100.000000,排名结合法,1
33,9,Stephen Nedoroscik,0.203306,20.330561,9.833333,淘汰,100000,100.000000,排名结合法,2
33,9,Joey Graziadei,0.198865,19.886504,9.833333,淘汰,100000,100.000000,排名结合法,3
33,9,Ilona Maher,0.195951,19.595138,9.500000,淘汰,100000,100.000000,排名结合法,4
33,9,Danny Amendola,0.193106,19.310645,9.333333,淘汰,100000,100.000000,排名结合法,5
34,1,Whitney Leavitt,0.091165,9.116512,7.500000,存活,100000,100.000000,排名结合法,1
34,1,Hilaria Baldwin,0.084374,8.437417,7.000000,存活,100000,100.000000,排名结合法,2
34,1,Lauren Jauregui,0.081648,8.164804,6.500000,存活,100000,100.000000,排名结合法,3
34,1,Alix Earle,0.078629,7.862926,6.500000,存活,100000,100.000000,排名结合法,4
34,1,Robert Irwin,0.073167,7.316671,7.500000,存活,100000,100.000000,排名结合法,5
34,1,Danielle Fishel,0.076389,7.638939,6.000000,存活,100000,100.000000,排名结合法,6
34,1,Elaine Hendrix,0.076367,7.636733,6.000000,存活,100000,100.000000,排名结合法,7
34,1,Jen Affleck,0.073406,7.340587,6.000000,存活,100000,100.000000,排名结合法,8
34,1,Scott Hoying,0.063397,6.339750,5.000000,存活,100000,100.000000,排名结合法,9
34,1,Jordan Chiles,0.063158,6.315806,5.000000,存活,100000,100.000000,排名结合法,10
34,1,Dylan Efron,0.061671,6.167139,5.000000,存活,100000,100.000000,排名结合法,11
34,1,Baron Davis,0.062949,6.294872,5.000000,存活,100000,100.000000,排名结合法,12
34,1,Corey Feldman,0.057868,5.786810,4.500000,存活,100000,100.000000,排名结合法,13
34,1,Andy Richter,0.055810,5.581035,4.500000,存活,100000,100.000000,排名结合法,14
34,2,Whitney Leavitt,0.079249,7.924939,7.333333,存活,99913,99.913000,排名结合法,1
34,2,Jordan Chiles,0.080341,8.034117,7.333333,存活,99913,99.913000,排名结合法,2
34,2,Jen Affleck,0.079102,7.910176,7.333333,存活,99913,99.913000,排名结合法,3
34,2,Lauren Jauregui,0.077934,7.793425,7.000000,存活,99913,99.913000,排名结合法,4
34,2,Elaine Hendrix,0.078418,7.841833,7.000000,存活,99913,99.913000,排名结合法,5
34,2,Alix Earle,0.074904,7.490408,7.000000,存活,99913,99.913000,排名结合法,6
34,2,Hilaria Baldwin,0.074928,7.492830,7.000000,存活,99913,99.913000,排名结合法,7
34,2,Robert Irwin,0.063692,6.369162,7.333333,存活,99913,99.913000,排名结合法,8
34,2,Dylan Efron,0.072128,7.212830,6.666667,存活,99913,99.913000,排名结合法,9
34,2,Danielle Fishel,0.071370,7.137025,6.333333,存活,99913,99.913000,排名结合法,10
34,2,Scott Hoying,0.066948,6.694781,6.000000,存活,99913,99.913000,排名结合法,11
34,2,Baron Davis,0.066148,6.614813,6.000000,淘汰,99913,99.913000,排名结合法,12
34,2,Andy Richter,0.058162,5.816228,5.333333,存活,99913,99.913000,排名结合法,13
34,2,Corey Feldman,0.056674,5.667433,5.000000,淘汰,99913,99.913000,排名结合法,14
34,3,Jordan Chiles,0.095034,9.503395,8.000000,存活,12209,12.209000,排名结合法,1
34,3,Whitney Leavitt,0.093439,9.343919,8.000000,存活,12209,12.209000,排名结合法,2
34,3,Dylan Efron,0.089783,8.978280,7.666667,存活,12209,12.209000,排名结合法,3
34,3,Scott Hoying,0.089063,8.906326,7.333333,存活,12209,12.209000,排名结合法,4
34,3,Alix Earle,0.088796,8.879647,7.666667,存活,12209,12.209000,排名结合法,5
34,3,Danielle Fishel,0.092955,9.295486,7.000000,存活,12209,12.209000,排名结合法,6
34,3,Hilaria Baldwin,0.085019,8.501945,7.333333,存活,12209,12.209000,排名结合法,7
34,3,Elaine Hendrix,0.087064,8.706390,7.000000,存活,12209,12.209000,排名结合法,8
34,3,Andy Richter,0.090644,9.064369,6.000000,存活,12209,12.209000,排名结合法,9
34,3,Robert Irwin,0.082806,8.280599,7.333333,存活,12209,12.209000,排名结合法,10
34,3,Jen Affleck,0.079521,7.952105,6.333333,存活,12209,12.209000,排名结合法,11
34,3,Lauren Jauregui,0.025875,2.587538,6.000000,淘汰,12209,12.209000,排名结合法,12
34,4,Whitney Leavitt,0.137516,13.751582,8.333333,存活,310,0.310000,排名结合法,1
34,4,Alix Earle,0.111517,11.151709,8.000000,存活,310,0.310000,排名结合法,2
34,4,Jordan Chiles,0.095570,9.557015,8.000000,存活,310,0.310000,排名结合法,3
34,4,Robert Irwin,0.133994,13.399400,7.333333,存活,310,0.310000,排名结合法,4
34,4,Elaine Hendrix,0.075216,7.521566,8.000000,存活,310,0.310000,排名结合法,5
34,4,Danielle Fishel,0.122026,12.202557,7.000000,存活,310,0.310000,排名结合法,6
34,4,Andy Richter,0.123210,12.320950,6.000000,存活,310,0.310000,排名结合法,7
34,4,Jen Affleck,0.072846,7.284613,7.666667,存活,310,0.310000,排名结合法,8
34,4,Dylan Efron,0.064998,6.499760,7.666667,存活,310,0.310000,排名结合法,9
34,4,Hilaria Baldwin,0.002846,0.284566,7.666667,淘汰,310,0.310000,排名结合法,10
34,4,Scott Hoying,0.060263,6.026282,7.000000,存活,310,0.310000,排名结合法,11
34,5,Dylan Efron,0.115577,11.557674,9.000000,存活,100000,100.000000,排名结合法,1
34,5,Alix Earle,0.111534,11.153368,8.750000,存活,100000,100.000000,排名结合法,2
34,5,Whitney Leavitt,0.106680,10.668047,8.250000,存活,100000,100.000000,排名结合法,3
34,5,Jordan Chiles,0.104972,10.497199,8.000000,存活,100000,100.000000,排名结合法,4
34,5,Elaine Hendrix,0.100883,10.088272,7.500000,存活,100000,100.000000,排名结合法,5
34,5,Robert Irwin,0.090564,9.056354,8.750000,存活,100000,100.000000,排名结合法,6
34,5,Scott Hoying,0.099612,9.961233,7.500000,存活,100000,100.000000,排名结合法,7
34,5,Danielle Fishel,0.097467,9.746699,7.250000,存活,100000,100.000000,排名结合法,8
34,5,Jen Affleck,0.094416,9.441587,7.250000,存活,100000,100.000000,排名结合法,9
34,5,Andy Richter,0.078296,7.829566,6.000000,存活,100000,100.000000,排名结合法,10
34,6,Jordan Chiles,0.118170,11.817015,9.750000,存活,1130,1.130000,排名结合法,1
34,6,Whitney Leavitt,0.116737,11.673732,9.750000,存活,1130,1.130000,排名结合法,2
34,6,Danielle Fishel,0.112463,11.246341,9.000000,存活,1130,1.130000,排名结合法,3
34,6,Elaine Hendrix,0.109861,10.986107,9.000000,存活,1130,1.130000,排名结合法,4
34,6,Robert Irwin,0.105486,10.548606,9.000000,存活,1130,1.130000,排名结合法,5
34,6,Alix Earle,0.106165,10.616511,8.750000,存活,1130,1.130000,排名结合法,6
34,6,Andy Richter,0.106619,10.661867,6.750000,存活,1130,1.130000,排名结合法,7
34,6,Dylan Efron,0.098685,9.868491,8.000000,存活,1130,1.130000,排名结合法,8
34,6,Jen Affleck,0.097258,9.725754,8.000000,存活,1130,1.130000,排名结合法,9
34,6,Scott Hoying,0.028556,2.855576,7.000000,淘汰,1130,1.130000,排名结合法,10
34,7,Alix Earle,0.193091,19.309144,10.750000,存活,440,0.440000,排名结合法,1
34,7,Whitney Leavitt,0.184891,18.489082,10.500000,存活,440,0.440000,排名结合法,2
34,7,Jordan Chiles,0.174323,17.432302,9.500000,存活,440,0.440000,排名结合法,3
34,7,Robert Irwin,0.141337,14.133731,10.250000,存活,440,0.440000,排名结合法,4
34,7,Dylan Efron,0.167005,16.700533,9.500000,存活,440,0.440000,排名结合法,5
34,7,Danielle Fishel,0.002726,0.272617,8.750000,存活,440,0.440000,排名结合法,6
34,7,Elaine Hendrix,0.003744,0.374417,8.000000,存活,440,0.440000,排名结合法,7
34,7,Andy Richter,0.130254,13.025351,7.250000,存活,440,0.440000,排名结合法,8
34,7,Jen Affleck,0.002628,0.262823,8.500000,淘汰,440,0.440000,排名结合法,9
34,8,Jordan Chiles,0.152223,15.222266,9.750000,存活,18432,18.432000,排名结合法,1
34,8,Whitney Leavitt,0.150615,15.061539,9.875000,存活,18432,18.432000,排名结合法,2
34,8,Alix Earle,0.146293,14.629303,9.625000,存活,18432,18.432000,排名结合法,3
34,8,Elaine Hendrix,0.148575,14.857532,9.375000,存活,18432,18.432000,排名结合法,4
34,8,Dylan Efron,0.145835,14.583540,9.500000,存活,18432,18.432000,排名结合法,5
34,8,Robert Irwin,0.122114,12.211359,9.500000,存活,18432,18.432000,排名结合法,6
34,8,Andy Richter,0.132189,13.218871,8.500000,存活,18432,18.432000,排名结合法,7
34,8,Danielle Fishel,0.002156,0.215589,9.250000,淘汰,18432,18.432000,排名结合法,8
34,9,Whitney Leavitt,0.152314,15.231373,10.500000,存活,79615,79.615000,排名结合法,1
34,9,Dylan Efron,0.152286,15.228614,10.500000,存活,79615,79.615000,排名结合法,2
34,9,Elaine Hendrix,0.176852,17.685157,9.000000,存活,79615,79.615000,排名结合法,3
34,9,Jordan Chiles,0.145015,14.501518,9.750000,存活,79615,79.615000,排名结合法,4
34,9,Robert Irwin,0.122870,12.287011,10.500000,存活,79615,79.615000,排名结合法,5
34,9,Alix Earle,0.144370,14.436955,10.000000,存活,79615,79.615000,排名结合法,6
34,9,Andy Richter,0.106294,10.629371,7.250000,淘汰,79615,79.615000,排名结合法,7
34,10,Elaine Hendrix,0.215203,21.520289,9.500000,存活,161,0.161000,排名结合法,1
34,10,Robert Irwin,0.171535,17.153505,9.833333,存活,161,0.161000,排名结合法,2
34,10,Jordan Chiles,0.203691,20.369088,9.500000,存活,161,0.161000,排名结合法,3
34,10,Alix Earle,0.200873,20.087312,9.666667,存活,161,0.161000,排名结合法,4
34,10,Whitney Leavitt,0.002226,0.222571,9.666667,淘汰,161,0.161000,排名结合法,5
34,10,Dylan Efron,0.206472,20.647234,9.166667,存活,161,0.161000,排名结合法,6
34,11,Jordan Chiles,0.210886,21.088573,9.888867,淘汰,100000,100.000000,排名结合法,1
34,11,Alix Earle,0.206694,20.669437,10.000000,淘汰,100000,100.000000,排名结合法,2
34,11,Elaine Hendrix,0.209507,20.950735,9.666600,淘汰,100000,100.000000,排名结合法,3
34,11,Robert Irwin,0.168695,16.869465,9.888867,淘汰,100000,100.000000,排名结合法,4
34,11,Dylan Efron,0.204218,20.421791,9.777733,淘汰,100000,100.000000,排名结合法,5
