celebrity_name,celebrity_age_during_season,celebrity_homecountry/region,celebrity_industry,simulated_vote_share,avg_judge_score
John O'Hurley,50,United States,Actor/Actress,0.190866,6.666667
John O'Hurley,50,United States,Actor/Actress,0.436002,8.666667
John O'Hurley,50,United States,Actor/Actress,0.221322,8.0
John O'Hurley,50,United States,Actor/Actress,0.490685,7.0
John O'Hurley,50,United States,Actor/Actress,0.331396,9.0
John O'Hurley,50,United States,Actor/Actress,0.497739,9.0
Kelly Monaco,29,United States,Actor/Actress,0.128671,4.333333
Kelly Monaco,29,United States,Actor/Actress,0.010987,5.666667
Kelly Monaco,29,United States,Actor/Actress,0.260873,7.0
Kelly Monaco,29,United States,Actor/Actress,0.018667,8.666667
Kelly Monaco,29,United States,Actor/Actress,0.403177,7.833333
Kelly Monaco,29,United States,Actor/Actress,0.502261,9.166667
Kelly Monaco,29,United States,Actor/Actress,0.086279,7.166667
Kelly Monaco,29,United States,Actor/Actress,0.106831,7.333333
Kelly Monaco,29,United States,Actor/Actress,0.104835,9.0
Kelly Monaco,29,United States,Actor/Actress,0.130291,9.375
Kelly Monaco,29,United States,Actor/Actress,0.120673,8.583333
Kelly Monaco,29,United States,Actor/Actress,0.14549,9.0
Kelly Monaco,29,United States,Actor/Actress,0.154781,12.0
Kelly Monaco,29,United States,Actor/Actress,0.163427,9.444433
Kelly Monaco,29,United States,Actor/Actress,0.232602,9.037
Kelly Monaco,29,United States,Actor/Actress,0.338611,9.703633
Kelly Monaco,36,United States,Actor/Actress,0.128671,4.333333
Kelly Monaco,36,United States,Actor/Actress,0.010987,5.666667
Kelly Monaco,36,United States,Actor/Actress,0.260873,7.0
Kelly Monaco,36,United States,Actor/Actress,0.018667,8.666667
Kelly Monaco,36,United States,Actor/Actress,0.403177,7.833333
Kelly Monaco,36,United States,Actor/Actress,0.502261,9.166667
Kelly Monaco,36,United States,Actor/Actress,0.086279,7.166667
Kelly Monaco,36,United States,Actor/Actress,0.106831,7.333333
Kelly Monaco,36,United States,Actor/Actress,0.104835,9.0
Kelly Monaco,36,United States,Actor/Actress,0.130291,9.375
Kelly Monaco,36,United States,Actor/Actress,0.120673,8.583333
Kelly Monaco,36,United States,Actor/Actress,0.14549,9.0
Kelly Monaco,36,United States,Actor/Actress,0.154781,12.0
Kelly Monaco,36,United States,Actor/Actress,0.163427,9.444433
Kelly Monaco,36,United States,Actor/Actress,0.232602,9.037
Kelly Monaco,36,United States,Actor/Actress,0.338611,9.703633
Evander Holyfield,42,United States,Athlete,0.171778,6.0
Evander Holyfield,42,United States,Athlete,0.256891,4.666667
Evander Holyfield,42,United States,Athlete,0.12434,4.333333
Rachel Hunter,35,New Zealand,Model,0.151151,6.666667
Rachel Hunter,35,New Zealand,Model,0.277796,8.0
Rachel Hunter,35,New Zealand,Model,0.190128,8.666667
Rachel Hunter,35,New Zealand,Model,0.015049,8.333333
Joey McIntyre,32,United States,Singer/Rapper,0.189683,6.666667
Joey McIntyre,32,United States,Singer/Rapper,0.009202,7.0
Joey McIntyre,32,United States,Singer/Rapper,0.203338,7.333333
Joey McIntyre,32,United States,Singer/Rapper,0.475599,6.666667
Joey McIntyre,32,United States,Singer/Rapper,0.265428,7.5
Trista Sutter,32,United States,TV Personality,0.167851,6.0
Trista Sutter,32,United States,TV Personality,0.009123,6.333333
Tatum O'Neal,42,United States,Actor/Actress,0.1,7.666667
Tatum O'Neal,42,United States,Actor/Actress,0.016289,5.666667
Tia Carrere,39,United States,Actor/Actress,0.1,6.666667
Tia Carrere,39,United States,Actor/Actress,0.123451,7.333333
Tia Carrere,39,United States,Actor/Actress,0.145101,8.666667
Tia Carrere,39,United States,Actor/Actress,0.155251,8.333333
Tia Carrere,39,United States,Actor/Actress,0.146576,7.333333
George Hamilton,66,United States,Actor/Actress,0.1,6.0
George Hamilton,66,United States,Actor/Actress,0.123231,7.333333
George Hamilton,66,United States,Actor/Actress,0.130797,7.333333
George Hamilton,66,United States,Actor/Actress,0.166114,7.0
George Hamilton,66,United States,Actor/Actress,0.16263,8.0
George Hamilton,66,United States,Actor/Actress,0.175756,7.666667
Lisa Rinna,42,United States,Actor/Actress,0.1,6.333333
Lisa Rinna,42,United States,Actor/Actress,0.112904,6.666667
Lisa Rinna,42,United States,Actor/Actress,0.143765,8.333333
Lisa Rinna,42,United States,Actor/Actress,0.158679,8.666667
Lisa Rinna,42,United States,Actor/Actress,0.166917,8.333333
Lisa Rinna,42,United States,Actor/Actress,0.204774,9.0
Lisa Rinna,42,United States,Actor/Actress,0.007067,8.833333
Stacy Keibler,26,United States,Athlete,0.1,7.333333
Stacy Keibler,26,United States,Athlete,0.155521,9.666667
Stacy Keibler,26,United States,Athlete,0.153471,9.0
Stacy Keibler,26,United States,Athlete,0.154854,8.666667
Stacy Keibler,26,United States,Athlete,0.192918,10.0
Stacy Keibler,26,United States,Athlete,0.222566,10.0
Stacy Keibler,26,United States,Athlete,0.361539,9.166667
Stacy Keibler,26,United States,Athlete,0.337468,9.5555
Jerry Rice,43,United States,Athlete,0.1,7.0
Jerry Rice,43,United States,Athlete,0.125764,7.666667
Jerry Rice,43,United States,Athlete,0.153839,6.333333
Jerry Rice,43,United States,Athlete,0.146906,8.0
Jerry Rice,43,United States,Athlete,0.154405,7.666667
Jerry Rice,43,United States,Athlete,0.173296,7.666667
Jerry Rice,43,United States,Athlete,0.271405,6.833333
Jerry Rice,43,United States,Athlete,0.318407,8.888867
Giselle Fernandez,44,Mexico,News Anchor,0.1,7.666667
Giselle Fernandez,44,Mexico,News Anchor,0.102009,8.0
Giselle Fernandez,44,Mexico,News Anchor,0.003301,7.333333
Master P,35,United States,Singer/Rapper,0.1,4.0
Master P,35,United States,Singer/Rapper,0.094478,5.333333
Master P,35,United States,Singer/Rapper,0.115767,4.666667
Master P,35,United States,Singer/Rapper,0.05138,2.666667
Drew Lachey,29,United States,Singer/Rapper,0.1,8.0
Drew Lachey,29,United States,Singer/Rapper,0.146352,9.0
Drew Lachey,29,United States,Singer/Rapper,0.153958,9.0
Drew Lachey,29,United States,Singer/Rapper,0.166817,9.333333
Drew Lachey,29,United States,Singer/Rapper,0.176553,9.0
Drew Lachey,29,United States,Singer/Rapper,0.223608,10.0
Drew Lachey,29,United States,Singer/Rapper,0.359989,9.166667
Drew Lachey,29,United States,Singer/Rapper,0.344125,9.6666
Drew Lachey,29,United States,Singer/Rapper,0.085318,7.166667
Drew Lachey,29,United States,Singer/Rapper,0.094107,7.5
Drew Lachey,29,United States,Singer/Rapper,0.043657,8.0
Drew Lachey,36,United States,Singer/Rapper,0.1,8.0
Drew Lachey,36,United States,Singer/Rapper,0.146352,9.0
Drew Lachey,36,United States,Singer/Rapper,0.153958,9.0
Drew Lachey,36,United States,Singer/Rapper,0.166817,9.333333
Drew Lachey,36,United States,Singer/Rapper,0.176553,9.0
Drew Lachey,36,United States,Singer/Rapper,0.223608,10.0
Drew Lachey,36,United States,Singer/Rapper,0.359989,9.166667
Drew Lachey,36,United States,Singer/Rapper,0.344125,9.6666
Drew Lachey,36,United States,Singer/Rapper,0.085318,7.166667
Drew Lachey,36,United States,Singer/Rapper,0.094107,7.5
Drew Lachey,36,United States,Singer/Rapper,0.043657,8.0
Kenny Mayne,46,United States,Sports Broadcaster,0.1,4.333333
Harry Hamlin,54,United States,Actor/Actress,0.086463,5.666667
Harry Hamlin,54,United States,Actor/Actress,0.119753,7.0
Harry Hamlin,54,United States,Actor/Actress,0.00261,7.333333
Vivica A. Fox,42,United States,Actor/Actress,0.111113,7.333333
Vivica A. Fox,42,United States,Actor/Actress,0.105913,8.0
Vivica A. Fox,42,United States,Actor/Actress,0.136287,9.0
Vivica A. Fox,42,United States,Actor/Actress,0.002572,8.0
Monique Coleman,25,United States,Actor/Actress,0.096269,6.333333
Monique Coleman,25,United States,Actor/Actress,0.116416,8.666667
Monique Coleman,25,United States,Actor/Actress,0.136237,9.0
Monique Coleman,25,United States,Actor/Actress,0.145809,8.0
Monique Coleman,25,United States,Actor/Actress,0.168889,9.0
Monique Coleman,25,United States,Actor/Actress,0.203101,7.666667
Monique Coleman,25,United States,Actor/Actress,0.2218,9.0
Monique Coleman,25,United States,Actor/Actress,0.134134,8.833333
Joey Lawrence,30,United States,Actor/Actress,0.106455,7.0
Joey Lawrence,30,United States,Actor/Actress,0.128402,9.666667
Joey Lawrence,30,United States,Actor/Actress,0.123125,7.333333
Joey Lawrence,30,United States,Actor/Actress,0.143511,9.0
Joey Lawrence,30,United States,Actor/Actress,0.167181,8.333333
Joey Lawrence,30,United States,Actor/Actress,0.211845,8.0
Joey Lawrence,30,United States,Actor/Actress,0.232698,9.5
Joey Lawrence,30,United States,Actor/Actress,0.28562,9.0
Joey Lawrence,30,United States,Actor/Actress,0.148615,9.833333
Mario Lopez,32,United States,Actor/Actress,0.121054,8.666667
Mario Lopez,32,United States,Actor/Actress,0.119771,7.0
Mario Lopez,32,United States,Actor/Actress,0.123825,7.333333
Mario Lopez,32,United States,Actor/Actress,0.15445,9.666667
Mario Lopez,32,United States,Actor/Actress,0.170755,9.0
Mario Lopez,32,United States,Actor/Actress,0.243078,9.333333
Mario Lopez,32,United States,Actor/Actress,0.229934,9.333333
Mario Lopez,32,United States,Actor/Actress,0.29866,9.5
Mario Lopez,32,United States,Actor/Actress,0.420402,9.833333
Mario Lopez,32,United States,Actor/Actress,0.503967,9.888867
Emmitt Smith,37,United States,Athlete,0.11781,8.0
Emmitt Smith,37,United States,Athlete,0.104337,8.0
Emmitt Smith,37,United States,Athlete,0.121275,6.333333
Emmitt Smith,37,United States,Athlete,0.149435,8.0
Emmitt Smith,37,United States,Athlete,0.169268,9.0
Emmitt Smith,37,United States,Athlete,0.215134,8.333333
Emmitt Smith,37,United States,Athlete,0.229084,9.5
Emmitt Smith,37,United States,Athlete,0.281586,9.0
Emmitt Smith,37,United States,Athlete,0.430982,9.833333
Emmitt Smith,37,United States,Athlete,0.496033,9.888867
Emmitt Smith,37,United States,Athlete,0.096312,8.166667
Emmitt Smith,37,United States,Athlete,0.096251,7.5
Emmitt Smith,37,United States,Athlete,0.103915,8.333333
Emmitt Smith,37,United States,Athlete,0.122729,9.0
Emmitt Smith,37,United States,Athlete,0.128165,9.333333
Emmitt Smith,37,United States,Athlete,0.140242,8.833333
Emmitt Smith,37,United States,Athlete,0.146098,11.499967
Emmitt Smith,37,United States,Athlete,0.164861,9.685133
Emmitt Smith,37,United States,Athlete,0.143492,9.0
Emmitt Smith,43,United States,Athlete,0.11781,8.0
Emmitt Smith,43,United States,Athlete,0.104337,8.0
Emmitt Smith,43,United States,Athlete,0.121275,6.333333
Emmitt Smith,43,United States,Athlete,0.149435,8.0
Emmitt Smith,43,United States,Athlete,0.169268,9.0
Emmitt Smith,43,United States,Athlete,0.215134,8.333333
Emmitt Smith,43,United States,Athlete,0.229084,9.5
Emmitt Smith,43,United States,Athlete,0.281586,9.0
Emmitt Smith,43,United States,Athlete,0.430982,9.833333
Emmitt Smith,43,United States,Athlete,0.496033,9.888867
Emmitt Smith,43,United States,Athlete,0.096312,8.166667
Emmitt Smith,43,United States,Athlete,0.096251,7.5
Emmitt Smith,43,United States,Athlete,0.103915,8.333333
Emmitt Smith,43,United States,Athlete,0.122729,9.0
Emmitt Smith,43,United States,Athlete,0.128165,9.333333
Emmitt Smith,43,United States,Athlete,0.140242,8.833333
Emmitt Smith,43,United States,Athlete,0.146098,11.499967
Emmitt Smith,43,United States,Athlete,0.164861,9.685133
Emmitt Smith,43,United States,Athlete,0.143492,9.0
Shanna Moakler,31,United States,Model,0.088638,6.0
Shanna Moakler,31,United States,Model,0.002237,7.333333
Willa Ford,25,United States,Singer/Rapper,0.110597,7.333333
Willa Ford,25,United States,Singer/Rapper,0.101157,7.666667
Willa Ford,25,United States,Singer/Rapper,0.126327,7.333333
Willa Ford,25,United States,Singer/Rapper,0.148019,9.333333
Willa Ford,25,United States,Singer/Rapper,0.116901,9.0
Sara Evans,35,United States,Singer/Rapper,0.075608,5.0
Sara Evans,35,United States,Singer/Rapper,0.118629,7.0
Sara Evans,35,United States,Singer/Rapper,0.125169,8.333333
Sara Evans,35,United States,Singer/Rapper,0.138168,6.666667
Sara Evans,35,United States,Singer/Rapper,0.058027,8.0
Jerry Springer,62,England,TV Personality,0.062634,5.333333
Jerry Springer,62,England,TV Personality,0.083385,6.333333
Jerry Springer,62,England,TV Personality,0.105145,7.0
Jerry Springer,62,England,TV Personality,0.118036,7.333333
Jerry Springer,62,England,TV Personality,0.14898,8.0
Jerry Springer,62,England,TV Personality,0.126841,6.0
Jerry Springer,62,England,TV Personality,0.086485,7.666667
Tucker Carlson,37,United States,TV Personality,0.023359,4.0
John Ratzenberger,59,United States,Actor/Actress,0.087361,5.666667
John Ratzenberger,59,United States,Actor/Actress,0.092332,7.0
John Ratzenberger,59,United States,Actor/Actress,0.12611,6.666667
John Ratzenberger,59,United States,Actor/Actress,0.098167,5.333333
John Ratzenberger,59,United States,Actor/Actress,0.113319,6.0
John Ratzenberger,59,United States,Actor/Actress,0.15692,6.333333
John Ratzenberger,59,United States,Actor/Actress,0.00383,7.5
Ian Ziering,42,United States,Actor/Actress,0.10727,7.0
Ian Ziering,42,United States,Actor/Actress,0.097407,7.333333
Ian Ziering,42,United States,Actor/Actress,0.11744,8.0
Ian Ziering,42,United States,Actor/Actress,0.138399,8.0
Ian Ziering,42,United States,Actor/Actress,0.14997,8.0
Ian Ziering,42,United States,Actor/Actress,0.152081,8.0
Ian Ziering,42,United States,Actor/Actress,0.198767,9.0
Ian Ziering,42,United States,Actor/Actress,0.202683,7.833333
Ian Ziering,42,United States,Actor/Actress,0.133662,9.666667
Clyde Drexler,44,United States,Athlete,0.080827,5.333333
Clyde Drexler,44,United States,Athlete,0.099829,6.0
Clyde Drexler,44,United States,Athlete,0.098989,5.333333
Clyde Drexler,44,United States,Athlete,0.110244,5.0
Clyde Drexler,44,United States,Athlete,0.043906,4.333333
Laila Ali,29,United States,Athlete,0.114694,7.666667
Laila Ali,29,United States,Athlete,0.116229,9.0
Laila Ali,29,United States,Athlete,0.111565,7.0
Laila Ali,29,United States,Athlete,0.12067,7.0
Laila Ali,29,United States,Athlete,0.166512,9.333333
Laila Ali,29,United States,Athlete,0.174133,9.333333
Laila Ali,29,United States,Athlete,0.210442,9.833333
Laila Ali,29,United States,Athlete,0.223314,8.833333
Laila Ali,29,United States,Athlete,0.287758,10.0
Laila Ali,29,United States,Athlete,0.329129,9.4444
Apolo Anton Ohno,24,United States,Athlete,0.104985,7.0
Apolo Anton Ohno,24,United States,Athlete,0.111686,8.666667
Apolo Anton Ohno,24,United States,Athlete,0.111792,7.666667
Apolo Anton Ohno,24,United States,Athlete,0.146393,8.666667
Apolo Anton Ohno,24,United States,Athlete,0.162368,10.0
Apolo Anton Ohno,24,United States,Athlete,0.173634,9.333333
Apolo Anton Ohno,24,United States,Athlete,0.193225,9.0
Apolo Anton Ohno,24,United States,Athlete,0.242982,9.666667
Apolo Anton Ohno,24,United States,Athlete,0.285461,9.833333
Apolo Anton Ohno,24,United States,Athlete,0.338535,9.777733
Apolo Anton Ohno,24,United States,Athlete,0.086595,7.333333
Apolo Anton Ohno,24,United States,Athlete,0.091693,8.166667
Apolo Anton Ohno,24,United States,Athlete,0.097942,8.5
Apolo Anton Ohno,24,United States,Athlete,0.118147,8.625
Apolo Anton Ohno,24,United States,Athlete,0.12939,9.416667
Apolo Anton Ohno,24,United States,Athlete,0.144333,10.0
Apolo Anton Ohno,24,United States,Athlete,0.140105,11.0
Apolo Anton Ohno,24,United States,Athlete,0.158594,9.759233
Apolo Anton Ohno,24,United States,Athlete,0.175188,9.537
Apolo Anton Ohno,30,United States,Athlete,0.104985,7.0
Apolo Anton Ohno,30,United States,Athlete,0.111686,8.666667
Apolo Anton Ohno,30,United States,Athlete,0.111792,7.666667
Apolo Anton Ohno,30,United States,Athlete,0.146393,8.666667
Apolo Anton Ohno,30,United States,Athlete,0.162368,10.0
Apolo Anton Ohno,30,United States,Athlete,0.173634,9.333333
Apolo Anton Ohno,30,United States,Athlete,0.193225,9.0
Apolo Anton Ohno,30,United States,Athlete,0.242982,9.666667
Apolo Anton Ohno,30,United States,Athlete,0.285461,9.833333
Apolo Anton Ohno,30,United States,Athlete,0.338535,9.777733
Apolo Anton Ohno,30,United States,Athlete,0.086595,7.333333
Apolo Anton Ohno,30,United States,Athlete,0.091693,8.166667
Apolo Anton Ohno,30,United States,Athlete,0.097942,8.5
Apolo Anton Ohno,30,United States,Athlete,0.118147,8.625
Apolo Anton Ohno,30,United States,Athlete,0.12939,9.416667
Apolo Anton Ohno,30,United States,Athlete,0.144333,10.0
Apolo Anton Ohno,30,United States,Athlete,0.140105,11.0
Apolo Anton Ohno,30,United States,Athlete,0.158594,9.759233
Apolo Anton Ohno,30,United States,Athlete,0.175188,9.537
Shandi Finnessey,28,United States,Beauty Pagent,0.094387,6.333333
Shandi Finnessey,28,United States,Beauty Pagent,0.109845,6.666667
Shandi Finnessey,28,United States,Beauty Pagent,0.002579,7.0
Paulina Porizkova,41,Czechoslovakia,Model,0.075834,6.333333
Paulina Porizkova,41,Czechoslovakia,Model,0.0021,7.0
Heather Mills,39,England,Model,0.072339,6.0
Heather Mills,39,England,Model,0.082365,8.0
Heather Mills,39,England,Model,0.092049,8.0
Heather Mills,39,England,Model,0.103535,7.666667
Heather Mills,39,England,Model,0.102964,7.0
Heather Mills,39,England,Model,0.002498,7.666667
Billy Ray Cyrus,45,United States,Singer/Rapper,0.067123,4.333333
Billy Ray Cyrus,45,United States,Singer/Rapper,0.092575,7.0
Billy Ray Cyrus,45,United States,Singer/Rapper,0.10915,7.0
Billy Ray Cyrus,45,United States,Singer/Rapper,0.120404,7.0
Billy Ray Cyrus,45,United States,Singer/Rapper,0.106401,5.666667
Billy Ray Cyrus,45,United States,Singer/Rapper,0.171734,7.0
Billy Ray Cyrus,45,United States,Singer/Rapper,0.182594,6.333333
Billy Ray Cyrus,45,United States,Singer/Rapper,0.096786,6.333333
Joey Fatone,30,United States,Singer/Rapper,0.120628,8.0
Joey Fatone,30,United States,Singer/Rapper,0.105849,8.0
Joey Fatone,30,United States,Singer/Rapper,0.116411,8.0
Joey Fatone,30,United States,Singer/Rapper,0.158215,9.333333
Joey Fatone,30,United States,Singer/Rapper,0.154561,8.333333
Joey Fatone,30,United States,Singer/Rapper,0.169,9.0
Joey Fatone,30,United States,Singer/Rapper,0.211141,9.833333
Joey Fatone,30,United States,Singer/Rapper,0.234235,9.166667
Joey Fatone,30,United States,Singer/Rapper,0.293119,10.0
Joey Fatone,30,United States,Singer/Rapper,0.332336,9.5555
Joey Fatone,30,United States,Singer/Rapper,0.081535,6.833333
Joey Fatone,30,United States,Singer/Rapper,0.001889,7.5
Joey Fatone,35,United States,Singer/Rapper,0.120628,8.0
Joey Fatone,35,United States,Singer/Rapper,0.105849,8.0
Joey Fatone,35,United States,Singer/Rapper,0.116411,8.0
Joey Fatone,35,United States,Singer/Rapper,0.158215,9.333333
Joey Fatone,35,United States,Singer/Rapper,0.154561,8.333333
Joey Fatone,35,United States,Singer/Rapper,0.169,9.0
Joey Fatone,35,United States,Singer/Rapper,0.211141,9.833333
Joey Fatone,35,United States,Singer/Rapper,0.234235,9.166667
Joey Fatone,35,United States,Singer/Rapper,0.293119,10.0
Joey Fatone,35,United States,Singer/Rapper,0.332336,9.5555
Joey Fatone,35,United States,Singer/Rapper,0.081535,6.833333
Joey Fatone,35,United States,Singer/Rapper,0.001889,7.5
Leeza Gibbons,50,United States,TV Personality,0.074553,5.0
Leeza Gibbons,50,United States,TV Personality,0.089784,7.0
Leeza Gibbons,50,United States,TV Personality,0.113916,8.0
Leeza Gibbons,50,United States,TV Personality,0.003974,5.333333
Cameron Mathison,38,Canada,Actor/Actress,0.075666,7.0
Cameron Mathison,38,Canada,Actor/Actress,0.098862,7.0
Cameron Mathison,38,Canada,Actor/Actress,0.089918,7.666667
Cameron Mathison,38,Canada,Actor/Actress,0.111535,9.0
Cameron Mathison,38,Canada,Actor/Actress,0.129864,8.666667
Cameron Mathison,38,Canada,Actor/Actress,0.172326,8.333333
Cameron Mathison,38,Canada,Actor/Actress,0.166793,8.5
Cameron Mathison,38,Canada,Actor/Actress,0.129552,8.5
Jane Seymour,56,England,Actor/Actress,0.086366,8.0
Jane Seymour,56,England,Actor/Actress,0.098839,7.0
Jane Seymour,56,England,Actor/Actress,0.105788,9.0
Jane Seymour,56,England,Actor/Actress,0.107479,8.666667
Jane Seymour,56,England,Actor/Actress,0.130517,8.666667
Jane Seymour,56,England,Actor/Actress,0.151664,7.333333
Jane Seymour,56,England,Actor/Actress,0.07365,8.333333
Sabrina Bryan,23,United States,Actor/Actress,0.115347,8.666667
Sabrina Bryan,23,United States,Actor/Actress,0.118034,8.666667
Sabrina Bryan,23,United States,Actor/Actress,0.131057,9.0
Sabrina Bryan,23,United States,Actor/Actress,0.15263,10.0
Sabrina Bryan,23,United States,Actor/Actress,0.172361,9.333333
Sabrina Bryan,23,United States,Actor/Actress,0.003066,8.333333
Sabrina Bryan,23,United States,Actor/Actress,0.08935,7.5
Sabrina Bryan,23,United States,Actor/Actress,0.098678,8.666667
Sabrina Bryan,23,United States,Actor/Actress,0.099013,8.5
Sabrina Bryan,23,United States,Actor/Actress,0.123743,8.875
Sabrina Bryan,23,United States,Actor/Actress,0.136396,9.75
Sabrina Bryan,23,United States,Actor/Actress,0.001601,10.0
Sabrina Bryan,28,United States,Actor/Actress,0.115347,8.666667
Sabrina Bryan,28,United States,Actor/Actress,0.118034,8.666667
Sabrina Bryan,28,United States,Actor/Actress,0.131057,9.0
Sabrina Bryan,28,United States,Actor/Actress,0.15263,10.0
Sabrina Bryan,28,United States,Actor/Actress,0.172361,9.333333
Sabrina Bryan,28,United States,Actor/Actress,0.003066,8.333333
Sabrina Bryan,28,United States,Actor/Actress,0.08935,7.5
Sabrina Bryan,28,United States,Actor/Actress,0.098678,8.666667
Sabrina Bryan,28,United States,Actor/Actress,0.099013,8.5
Sabrina Bryan,28,United States,Actor/Actress,0.123743,8.875
Sabrina Bryan,28,United States,Actor/Actress,0.136396,9.75
Sabrina Bryan,28,United States,Actor/Actress,0.001601,10.0
Jennie Garth,35,United States,Actor/Actress,0.094037,7.0
Jennie Garth,35,United States,Actor/Actress,0.100897,7.0
Jennie Garth,35,United States,Actor/Actress,0.126766,8.666667
Jennie Garth,35,United States,Actor/Actress,0.13873,9.0
Jennie Garth,35,United States,Actor/Actress,0.155335,8.333333
Jennie Garth,35,United States,Actor/Actress,0.176826,9.0
Jennie Garth,35,United States,Actor/Actress,0.213967,8.833333
Jennie Garth,35,United States,Actor/Actress,0.242979,8.333333
Jennie Garth,35,United States,Actor/Actress,0.004942,9.666667
Floyd Mayweather Jr. ,30,United States,Athlete,0.079725,6.0
Floyd Mayweather Jr. ,30,United States,Athlete,0.103502,7.0
Floyd Mayweather Jr. ,30,United States,Athlete,0.100743,7.0
Floyd Mayweather Jr. ,30,United States,Athlete,0.002525,7.666667
Josie Maran,29,United States,Model,0.019466,5.333333
Albert Reed,22,United States,Model,0.091326,7.0
Albert Reed,22,United States,Model,0.002408,7.0
Helio Castroneves,32,Brazil,Racing Driver,0.085954,8.333333
Helio Castroneves,32,Brazil,Racing Driver,0.095178,9.0
Helio Castroneves,32,Brazil,Racing Driver,0.090604,8.0
Helio Castroneves,32,Brazil,Racing Driver,0.106958,9.0
Helio Castroneves,32,Brazil,Racing Driver,0.112422,7.666667
Helio Castroneves,32,Brazil,Racing Driver,0.142953,9.333333
Helio Castroneves,32,Brazil,Racing Driver,0.163571,8.666667
Helio Castroneves,32,Brazil,Racing Driver,0.194662,9.5
Helio Castroneves,32,Brazil,Racing Driver,0.270152,10.0
Helio Castroneves,32,Brazil,Racing Driver,0.324058,9.3333
Helio Castroneves,32,Brazil,Racing Driver,0.066594,7.166667
Helio Castroneves,32,Brazil,Racing Driver,0.067925,7.666667
Helio Castroneves,32,Brazil,Racing Driver,0.053536,8.5
Helio Castroneves,37,Brazil,Racing Driver,0.085954,8.333333
Helio Castroneves,37,Brazil,Racing Driver,0.095178,9.0
Helio Castroneves,37,Brazil,Racing Driver,0.090604,8.0
Helio Castroneves,37,Brazil,Racing Driver,0.106958,9.0
Helio Castroneves,37,Brazil,Racing Driver,0.112422,7.666667
Helio Castroneves,37,Brazil,Racing Driver,0.142953,9.333333
Helio Castroneves,37,Brazil,Racing Driver,0.163571,8.666667
Helio Castroneves,37,Brazil,Racing Driver,0.194662,9.5
Helio Castroneves,37,Brazil,Racing Driver,0.270152,10.0
Helio Castroneves,37,Brazil,Racing Driver,0.324058,9.3333
Helio Castroneves,37,Brazil,Racing Driver,0.066594,7.166667
Helio Castroneves,37,Brazil,Racing Driver,0.067925,7.666667
Helio Castroneves,37,Brazil,Racing Driver,0.053536,8.5
Mel B,32,England,Singer/Rapper,0.085022,8.0
Mel B,32,England,Singer/Rapper,0.084576,7.666667
Mel B,32,England,Singer/Rapper,0.104799,9.0
Mel B,32,England,Singer/Rapper,0.107543,8.666667
Mel B,32,England,Singer/Rapper,0.144181,9.666667
Mel B,32,England,Singer/Rapper,0.156958,10.0
Mel B,32,England,Singer/Rapper,0.174333,9.0
Mel B,32,England,Singer/Rapper,0.196795,9.333333
Mel B,32,England,Singer/Rapper,0.279011,10.0
Mel B,32,England,Singer/Rapper,0.333935,9.4444
Wayne Newton,65,United States,Singer/Rapper,0.08454,6.333333
Wayne Newton,65,United States,Singer/Rapper,0.087443,5.0
Wayne Newton,65,United States,Singer/Rapper,0.030758,6.0
Marie Osmond,47,United States,Singer/Rapper,0.092556,7.0
Marie Osmond,47,United States,Singer/Rapper,0.108389,8.0
Marie Osmond,47,United States,Singer/Rapper,0.125197,8.666667
Marie Osmond,47,United States,Singer/Rapper,0.131583,8.666667
Marie Osmond,47,United States,Singer/Rapper,0.137083,7.0
Marie Osmond,47,United States,Singer/Rapper,0.196207,7.666667
Marie Osmond,47,United States,Singer/Rapper,0.207686,8.666667
Marie Osmond,47,United States,Singer/Rapper,0.236013,8.166667
Marie Osmond,47,United States,Singer/Rapper,0.445895,9.333333
Marie Osmond,47,United States,Singer/Rapper,0.342007,7.666667
Mark Cuban,49,United States,TV Personality,0.089995,7.0
Mark Cuban,49,United States,TV Personality,0.101872,6.0
Mark Cuban,49,United States,TV Personality,0.09437,6.666667
Mark Cuban,49,United States,TV Personality,0.141018,7.333333
Mark Cuban,49,United States,TV Personality,0.018236,7.0
Cristian de la Fuente,34,Chile,Actor/Actress,0.072426,7.0
Cristian de la Fuente,34,Chile,Actor/Actress,0.067428,6.666667
Cristian de la Fuente,34,Chile,Actor/Actress,0.093339,8.333333
Cristian de la Fuente,34,Chile,Actor/Actress,0.101063,8.666667
Cristian de la Fuente,34,Chile,Actor/Actress,0.108836,7.666667
Cristian de la Fuente,34,Chile,Actor/Actress,0.133545,9.0
Cristian de la Fuente,34,Chile,Actor/Actress,0.183225,7.666667
Cristian de la Fuente,34,Chile,Actor/Actress,0.193597,9.5
Cristian de la Fuente,34,Chile,Actor/Actress,0.289775,9.333333
Cristian de la Fuente,34,Chile,Actor/Actress,0.278397,8.666667
Steve Guttenberg,49,United States,Actor/Actress,0.077734,6.0
Steve Guttenberg,49,United States,Actor/Actress,0.073596,5.333333
Steve Guttenberg,49,United States,Actor/Actress,0.002492,7.0
Priscilla Presley,62,United States,Actor/Actress,0.102329,8.0
Priscilla Presley,62,United States,Actor/Actress,0.088213,7.0
Priscilla Presley,62,United States,Actor/Actress,0.119483,8.666667
Priscilla Presley,62,United States,Actor/Actress,0.107334,7.333333
Priscilla Presley,62,United States,Actor/Actress,0.019377,7.0
Marlee Matlin,42,United States,Actor/Actress,0.094118,7.333333
Marlee Matlin,42,United States,Actor/Actress,0.100426,8.0
Marlee Matlin,42,United States,Actor/Actress,0.108657,7.0
Marlee Matlin,42,United States,Actor/Actress,0.116327,8.0
Marlee Matlin,42,United States,Actor/Actress,0.128658,7.333333
Marlee Matlin,42,United States,Actor/Actress,0.063757,7.0
Shannon Elizabeth,34,United States,Actor/Actress,0.090108,7.0
Shannon Elizabeth,34,United States,Actor/Actress,0.100263,8.0
Shannon Elizabeth,34,United States,Actor/Actress,0.111293,8.0
Shannon Elizabeth,34,United States,Actor/Actress,0.134767,9.333333
Shannon Elizabeth,34,United States,Actor/Actress,0.133493,7.666667
Shannon Elizabeth,34,United States,Actor/Actress,0.14809,8.0
Shannon Elizabeth,34,United States,Actor/Actress,0.003466,8.5
Marissa Jaret Winokur,35,United States,Actor/Actress,0.077638,6.0
Marissa Jaret Winokur,35,United States,Actor/Actress,0.088108,7.0
Marissa Jaret Winokur,35,United States,Actor/Actress,0.11272,6.333333
Marissa Jaret Winokur,35,United States,Actor/Actress,0.115802,8.0
Marissa Jaret Winokur,35,United States,Actor/Actress,0.139052,8.0
Marissa Jaret Winokur,35,United States,Actor/Actress,0.159382,8.666667
Marissa Jaret Winokur,35,United States,Actor/Actress,0.194701,8.666667
Marissa Jaret Winokur,35,United States,Actor/Actress,0.283486,8.333333
Marissa Jaret Winokur,35,United States,Actor/Actress,0.024534,8.666667
Jason Taylor,33,United States,Athlete,0.092422,7.333333
Jason Taylor,33,United States,Athlete,0.110388,9.0
Jason Taylor,33,United States,Athlete,0.104722,7.666667
Jason Taylor,33,United States,Athlete,0.136893,9.666667
Jason Taylor,33,United States,Athlete,0.152222,9.0
Jason Taylor,33,United States,Athlete,0.145078,8.0
Jason Taylor,33,United States,Athlete,0.200147,9.166667
Jason Taylor,33,United States,Athlete,0.289094,8.666667
Jason Taylor,33,United States,Athlete,0.340625,9.166667
Jason Taylor,33,United States,Athlete,0.353348,9.5
Kristi Yamaguchi,36,United States,Athlete,0.112775,9.0
Kristi Yamaguchi,36,United States,Athlete,0.110268,9.0
Kristi Yamaguchi,36,United States,Athlete,0.123408,9.0
Kristi Yamaguchi,36,United States,Athlete,0.137288,9.666667
Kristi Yamaguchi,36,United States,Athlete,0.163796,9.666667
Kristi Yamaguchi,36,United States,Athlete,0.180215,10.0
Kristi Yamaguchi,36,United States,Athlete,0.198761,9.0
Kristi Yamaguchi,36,United States,Athlete,0.230052,9.166667
Kristi Yamaguchi,36,United States,Athlete,0.345066,9.5
Kristi Yamaguchi,36,United States,Athlete,0.368255,10.0
Monica Seles,34,Yugoslavia,Athlete,0.051352,5.0
Monica Seles,34,Yugoslavia,Athlete,0.029946,5.0
Penn Jillette,53,United States,Magician,0.065544,5.333333
Penn Jillette,53,United States,Magician,0.046838,5.666667
Adam Carolla,43,United States,Radio Personality,0.061908,5.0
Adam Carolla,43,United States,Radio Personality,0.076436,6.333333
Adam Carolla,43,United States,Radio Personality,0.113855,7.0
Adam Carolla,43,United States,Radio Personality,0.035405,6.333333
Mario,21,United States,Singer/Rapper,0.101645,8.0
Mario,21,United States,Singer/Rapper,0.108091,8.666667
Mario,21,United States,Singer/Rapper,0.110032,7.0
Mario,21,United States,Singer/Rapper,0.11512,8.0
Mario,21,United States,Singer/Rapper,0.154567,9.0
Mario,21,United States,Singer/Rapper,0.169933,9.333333
Mario,21,United States,Singer/Rapper,0.219701,8.5
Mario,21,United States,Singer/Rapper,0.003771,8.833333
Ted McGinley,50,United States,Actor/Actress,0.060351,6.166667
Cloris Leachman,82,United States,Actor/Actress,0.070831,5.333333
Cloris Leachman,82,United States,Actor/Actress,0.089501,5.0
Cloris Leachman,82,United States,Actor/Actress,0.082981,5.333333
Cloris Leachman,82,United States,Actor/Actress,0.115883,7.333333
Cloris Leachman,82,United States,Actor/Actress,0.146316,7.0
Cloris Leachman,82,United States,Actor/Actress,0.051414,5.0
Susan Lucci,61,United States,Actor/Actress,0.078924,6.166667
Susan Lucci,61,United States,Actor/Actress,0.100653,7.0
Susan Lucci,61,United States,Actor/Actress,0.107071,7.0
Susan Lucci,61,United States,Actor/Actress,0.12588,8.0
Susan Lucci,61,United States,Actor/Actress,0.131046,7.333333
Susan Lucci,61,United States,Actor/Actress,0.15297,7.666667
Susan Lucci,61,United States,Actor/Actress,0.003631,8.0
Cody Linley,18,United States,Actor/Actress,0.085064,6.833333
Cody Linley,18,United States,Actor/Actress,0.099799,7.0
Cody Linley,18,United States,Actor/Actress,0.107517,7.0
Cody Linley,18,United States,Actor/Actress,0.121289,7.666667
Cody Linley,18,United States,Actor/Actress,0.150068,9.333333
Cody Linley,18,United States,Actor/Actress,0.153214,7.666667
Cody Linley,18,United States,Actor/Actress,0.215826,7.333333
Cody Linley,18,United States,Actor/Actress,0.220915,8.0
Cody Linley,18,United States,Actor/Actress,0.15841,7.666667
Misty May-Treanor,31,United States,Athlete,0.085594,7.0
Misty May-Treanor,31,United States,Athlete,0.068507,7.0
Maurice Greene,34,United States,Athlete,0.079522,6.5
Maurice Greene,34,United States,Athlete,0.094791,6.333333
Maurice Greene,34,United States,Athlete,0.120079,8.0
Maurice Greene,34,United States,Athlete,0.103833,6.666667
Maurice Greene,34,United States,Athlete,0.142705,9.0
Maurice Greene,34,United States,Athlete,0.13762,7.0
Maurice Greene,34,United States,Athlete,0.18369,8.333333
Maurice Greene,34,United States,Athlete,0.103093,8.0
Warren Sapp,35,United States,Athlete,0.087339,7.166667
Warren Sapp,35,United States,Athlete,0.109957,8.0
Warren Sapp,35,United States,Athlete,0.124783,8.333333
Warren Sapp,35,United States,Athlete,0.114094,7.333333
Warren Sapp,35,United States,Athlete,0.131199,8.333333
Warren Sapp,35,United States,Athlete,0.162736,8.333333
Warren Sapp,35,United States,Athlete,0.202022,7.0
Warren Sapp,35,United States,Athlete,0.230481,9.0
Warren Sapp,35,United States,Athlete,0.26756,8.166667
Warren Sapp,35,United States,Athlete,0.325975,9.166667
Jeffrey Ross,43,United States,Comedian,0.024477,4.0
Toni Braxton,40,United States,Singer/Rapper,0.092385,7.5
Toni Braxton,40,United States,Singer/Rapper,0.106115,7.666667
Toni Braxton,40,United States,Singer/Rapper,0.111324,7.333333
Toni Braxton,40,United States,Singer/Rapper,0.115109,7.333333
Toni Braxton,40,United States,Singer/Rapper,0.002833,7.333333
Lance Bass,29,United States,Singer/Rapper,0.088843,7.166667
Lance Bass,29,United States,Singer/Rapper,0.100314,6.666667
Lance Bass,29,United States,Singer/Rapper,0.111444,7.333333
Lance Bass,29,United States,Singer/Rapper,0.135471,8.666667
Lance Bass,29,United States,Singer/Rapper,0.144979,7.0
Lance Bass,29,United States,Singer/Rapper,0.176628,9.0
Lance Bass,29,United States,Singer/Rapper,0.184043,8.333333
Lance Bass,29,United States,Singer/Rapper,0.215521,8.333333
Lance Bass,29,United States,Singer/Rapper,0.311279,9.5
Lance Bass,29,United States,Singer/Rapper,0.329617,9.166667
Kim Kardashian,27,United States,TV Personality,0.077076,6.166667
Kim Kardashian,27,United States,TV Personality,0.031151,5.666667
Rocco DiSpirito,41,United States,TV Personality,0.074459,5.833333
Rocco DiSpirito,41,United States,TV Personality,0.09187,5.333333
Rocco DiSpirito,41,United States,TV Personality,0.09879,6.666667
Rocco DiSpirito,41,United States,TV Personality,0.036961,6.0
Brooke Burke,37,United States,TV Personality,0.095136,8.166667
Brooke Burke,37,United States,TV Personality,0.107342,8.0
Brooke Burke,37,United States,TV Personality,0.136011,9.333333
Brooke Burke,37,United States,TV Personality,0.13148,8.666667
Brooke Burke,37,United States,TV Personality,0.150854,9.666667
Brooke Burke,37,United States,TV Personality,0.165417,8.666667
Brooke Burke,37,United States,TV Personality,0.210789,10.0
Brooke Burke,37,United States,TV Personality,0.229989,9.166667
Brooke Burke,37,United States,TV Personality,0.262751,8.166667
Brooke Burke,37,United States,TV Personality,0.344408,10.0
Gilles Marini,33,France,Actor/Actress,0.082976,8.0
Gilles Marini,33,France,Actor/Actress,0.08666,9.0
Gilles Marini,33,France,Actor/Actress,0.093157,9.0
Gilles Marini,33,France,Actor/Actress,0.103385,10.0
Gilles Marini,33,France,Actor/Actress,0.122394,9.666667
Gilles Marini,33,France,Actor/Actress,0.124159,8.666667
Gilles Marini,33,France,Actor/Actress,0.132673,9.0
Gilles Marini,33,France,Actor/Actress,0.170281,9.166667
Gilles Marini,33,France,Actor/Actress,0.209176,9.333333
Gilles Marini,33,France,Actor/Actress,0.25976,10.0
Gilles Marini,33,France,Actor/Actress,0.297616,9.666667
Gilles Marini,33,France,Actor/Actress,0.076814,8.0
Gilles Marini,33,France,Actor/Actress,0.077829,8.5
Gilles Marini,33,France,Actor/Actress,0.080639,8.5
Gilles Marini,33,France,Actor/Actress,0.110298,9.875
Gilles Marini,33,France,Actor/Actress,0.106378,9.416667
Gilles Marini,33,France,Actor/Actress,0.118605,9.166667
Gilles Marini,33,France,Actor/Actress,0.116869,11.1666
Gilles Marini,33,France,Actor/Actress,0.110602,9.759233
Gilles Marini,36,France,Actor/Actress,0.082976,8.0
Gilles Marini,36,France,Actor/Actress,0.08666,9.0
Gilles Marini,36,France,Actor/Actress,0.093157,9.0
Gilles Marini,36,France,Actor/Actress,0.103385,10.0
Gilles Marini,36,France,Actor/Actress,0.122394,9.666667
Gilles Marini,36,France,Actor/Actress,0.124159,8.666667
Gilles Marini,36,France,Actor/Actress,0.132673,9.0
Gilles Marini,36,France,Actor/Actress,0.170281,9.166667
Gilles Marini,36,France,Actor/Actress,0.209176,9.333333
Gilles Marini,36,France,Actor/Actress,0.25976,10.0
Gilles Marini,36,France,Actor/Actress,0.297616,9.666667
Gilles Marini,36,France,Actor/Actress,0.076814,8.0
Gilles Marini,36,France,Actor/Actress,0.077829,8.5
Gilles Marini,36,France,Actor/Actress,0.080639,8.5
Gilles Marini,36,France,Actor/Actress,0.110298,9.875
Gilles Marini,36,France,Actor/Actress,0.106378,9.416667
Gilles Marini,36,France,Actor/Actress,0.118605,9.166667
Gilles Marini,36,France,Actor/Actress,0.116869,11.1666
Gilles Marini,36,France,Actor/Actress,0.110602,9.759233
Denise Richards,38,United States,Actor/Actress,0.077758,6.0
Denise Richards,38,United States,Actor/Actress,0.083837,7.0
Denise Richards,38,United States,Actor/Actress,0.003038,5.333333
David Alan Grier,52,United States,Actor/Actress,0.082205,6.333333
David Alan Grier,52,United States,Actor/Actress,0.086568,5.666667
David Alan Grier,52,United States,Actor/Actress,0.103598,8.0
David Alan Grier,52,United States,Actor/Actress,0.10145,7.333333
David Alan Grier,52,United States,Actor/Actress,0.002718,7.333333
Lawrence Taylor,50,United States,Athlete,0.068403,5.333333
Lawrence Taylor,50,United States,Athlete,0.078485,6.666667
Lawrence Taylor,50,United States,Athlete,0.085131,6.666667
Lawrence Taylor,50,United States,Athlete,0.086695,6.333333
Lawrence Taylor,50,United States,Athlete,0.132164,6.666667
Lawrence Taylor,50,United States,Athlete,0.129259,7.333333
Lawrence Taylor,50,United States,Athlete,0.062572,7.0
Ty Murray,39,United States,Athlete,0.060054,4.666667
Ty Murray,39,United States,Athlete,0.078961,6.666667
Ty Murray,39,United States,Athlete,0.097283,7.666667
Ty Murray,39,United States,Athlete,0.111096,8.333333
Ty Murray,39,United States,Athlete,0.138729,7.0
Ty Murray,39,United States,Athlete,0.10647,6.0
Ty Murray,39,United States,Athlete,0.1446,8.0
Ty Murray,39,United States,Athlete,0.195932,8.666667
Ty Murray,39,United States,Athlete,0.283381,7.666667
Ty Murray,39,United States,Athlete,0.158217,8.0
Shawn Johnson,17,United States,Athlete,0.097185,7.666667
Shawn Johnson,17,United States,Athlete,0.094198,8.0
Shawn Johnson,17,United States,Athlete,0.113225,9.0
Shawn Johnson,17,United States,Athlete,0.111008,8.333333
Shawn Johnson,17,United States,Athlete,0.13254,8.666667
Shawn Johnson,17,United States,Athlete,0.151796,8.666667
Shawn Johnson,17,United States,Athlete,0.167474,9.333333
Shawn Johnson,17,United States,Athlete,0.19416,8.666667
Shawn Johnson,17,United States,Athlete,0.251794,9.333333
Shawn Johnson,17,United States,Athlete,0.295569,9.333333
Shawn Johnson,17,United States,Athlete,0.361048,10.0
Shawn Johnson,17,United States,Athlete,0.086073,7.333333
Shawn Johnson,17,United States,Athlete,0.093206,8.333333
Shawn Johnson,17,United States,Athlete,0.101402,8.833333
Shawn Johnson,17,United States,Athlete,0.133397,9.875
Shawn Johnson,17,United States,Athlete,0.129105,9.416667
Shawn Johnson,17,United States,Athlete,0.148256,9.333333
Shawn Johnson,17,United States,Athlete,0.159746,12.6666
Shawn Johnson,17,United States,Athlete,0.157486,9.277767
Shawn Johnson,17,United States,Athlete,0.229702,9.833333
Shawn Johnson,17,United States,Athlete,0.331384,9.6481
Shawn Johnson,20,United States,Athlete,0.097185,7.666667
Shawn Johnson,20,United States,Athlete,0.094198,8.0
Shawn Johnson,20,United States,Athlete,0.113225,9.0
Shawn Johnson,20,United States,Athlete,0.111008,8.333333
Shawn Johnson,20,United States,Athlete,0.13254,8.666667
Shawn Johnson,20,United States,Athlete,0.151796,8.666667
Shawn Johnson,20,United States,Athlete,0.167474,9.333333
Shawn Johnson,20,United States,Athlete,0.19416,8.666667
Shawn Johnson,20,United States,Athlete,0.251794,9.333333
Shawn Johnson,20,United States,Athlete,0.295569,9.333333
Shawn Johnson,20,United States,Athlete,0.361048,10.0
Shawn Johnson,20,United States,Athlete,0.086073,7.333333
Shawn Johnson,20,United States,Athlete,0.093206,8.333333
Shawn Johnson,20,United States,Athlete,0.101402,8.833333
Shawn Johnson,20,United States,Athlete,0.133397,9.875
Shawn Johnson,20,United States,Athlete,0.129105,9.416667
Shawn Johnson,20,United States,Athlete,0.148256,9.333333
Shawn Johnson,20,United States,Athlete,0.159746,12.6666
Shawn Johnson,20,United States,Athlete,0.157486,9.277767
Shawn Johnson,20,United States,Athlete,0.229702,9.833333
Shawn Johnson,20,United States,Athlete,0.331384,9.6481
Steve Wozniak,58,United States,Entrepreneur,0.054466,4.333333
Steve Wozniak,58,United States,Entrepreneur,0.082402,5.666667
Steve Wozniak,58,United States,Entrepreneur,0.052416,3.333333
Steve Wozniak,58,United States,Entrepreneur,0.037168,4.0
Belinda Carlisle,50,United States,Singer/Rapper,0.073149,5.666667
Belinda Carlisle,50,United States,Singer/Rapper,0.002475,6.0
Chuck Wicks,29,United States,Singer/Rapper,0.08613,6.666667
Chuck Wicks,29,United States,Singer/Rapper,0.079675,6.666667
Chuck Wicks,29,United States,Singer/Rapper,0.098595,7.666667
Chuck Wicks,29,United States,Singer/Rapper,0.100668,7.333333
Chuck Wicks,29,United States,Singer/Rapper,0.118789,7.666667
Chuck Wicks,29,United States,Singer/Rapper,0.136231,7.666667
Chuck Wicks,29,United States,Singer/Rapper,0.163886,9.0
Chuck Wicks,29,United States,Singer/Rapper,0.003518,8.5
Lil' Kim,34,United States,Singer/Rapper,0.090022,7.0
Lil' Kim,34,United States,Singer/Rapper,0.090699,7.666667
Lil' Kim,34,United States,Singer/Rapper,0.107067,8.333333
Lil' Kim,34,United States,Singer/Rapper,0.116176,9.0
Lil' Kim,34,United States,Singer/Rapper,0.134848,8.666667
Lil' Kim,34,United States,Singer/Rapper,0.16437,9.333333
Lil' Kim,34,United States,Singer/Rapper,0.158093,8.666667
Lil' Kim,34,United States,Singer/Rapper,0.210885,9.333333
Lil' Kim,34,United States,Singer/Rapper,0.004259,8.666667
Steve-O,34,England,TV Personality,0.057146,5.666667
Steve-O,34,England,TV Personality,0.054834,4.666667
Steve-O,34,England,TV Personality,0.063535,5.0
Steve-O,34,England,TV Personality,0.057417,5.0
Steve-O,34,England,TV Personality,0.093317,6.0
Steve-O,34,England,TV Personality,0.034053,5.333333
Holly Madison,30,United States,TV Personality,0.075232,6.0
Holly Madison,30,United States,TV Personality,0.082533,6.0
Holly Madison,30,United States,TV Personality,0.070798,5.666667
Holly Madison,30,United States,TV Personality,0.054717,5.333333
Melissa Rycroft,26,United States,TV Personality,0.095275,7.666667
Melissa Rycroft,26,United States,TV Personality,0.098672,8.666667
Melissa Rycroft,26,United States,TV Personality,0.112156,9.0
Melissa Rycroft,26,United States,TV Personality,0.120219,9.666667
Melissa Rycroft,26,United States,TV Personality,0.124501,8.333333
Melissa Rycroft,26,United States,TV Personality,0.153662,9.0
Melissa Rycroft,26,United States,TV Personality,0.170702,9.666667
Melissa Rycroft,26,United States,TV Personality,0.225224,7.666667
Melissa Rycroft,26,United States,TV Personality,0.251389,9.5
Melissa Rycroft,26,United States,TV Personality,0.286454,9.166667
Melissa Rycroft,26,United States,TV Personality,0.341336,9.5
Melissa Rycroft,26,United States,TV Personality,0.08085,7.0
Melissa Rycroft,26,United States,TV Personality,0.08556,7.833333
Melissa Rycroft,26,United States,TV Personality,0.101153,9.0
Melissa Rycroft,26,United States,TV Personality,0.123985,9.25
Melissa Rycroft,26,United States,TV Personality,0.126881,9.416667
Melissa Rycroft,26,United States,TV Personality,0.153146,9.833333
Melissa Rycroft,26,United States,TV Personality,0.160589,12.999967
Melissa Rycroft,26,United States,TV Personality,0.159113,10.0
Melissa Rycroft,26,United States,TV Personality,0.219017,9.592567
Melissa Rycroft,26,United States,TV Personality,0.330005,9.7777
Melissa Rycroft,29,United States,TV Personality,0.095275,7.666667
Melissa Rycroft,29,United States,TV Personality,0.098672,8.666667
Melissa Rycroft,29,United States,TV Personality,0.112156,9.0
Melissa Rycroft,29,United States,TV Personality,0.120219,9.666667
Melissa Rycroft,29,United States,TV Personality,0.124501,8.333333
Melissa Rycroft,29,United States,TV Personality,0.153662,9.0
Melissa Rycroft,29,United States,TV Personality,0.170702,9.666667
Melissa Rycroft,29,United States,TV Personality,0.225224,7.666667
Melissa Rycroft,29,United States,TV Personality,0.251389,9.5
Melissa Rycroft,29,United States,TV Personality,0.286454,9.166667
Melissa Rycroft,29,United States,TV Personality,0.341336,9.5
Melissa Rycroft,29,United States,TV Personality,0.08085,7.0
Melissa Rycroft,29,United States,TV Personality,0.08556,7.833333
Melissa Rycroft,29,United States,TV Personality,0.101153,9.0
Melissa Rycroft,29,United States,TV Personality,0.123985,9.25
Melissa Rycroft,29,United States,TV Personality,0.126881,9.416667
Melissa Rycroft,29,United States,TV Personality,0.153146,9.833333
Melissa Rycroft,29,United States,TV Personality,0.160589,12.999967
Melissa Rycroft,29,United States,TV Personality,0.159113,10.0
Melissa Rycroft,29,United States,TV Personality,0.219017,9.592567
Melissa Rycroft,29,United States,TV Personality,0.330005,9.7777
Ashley Hamiliton,34,United States,Actor/Actress,0.030402,6.3333
Debi Mazar,45,United States,Actor/Actress,0.059088,7.333333
Debi Mazar,45,United States,Actor/Actress,0.07833,7.0
Debi Mazar,45,United States,Actor/Actress,0.044297,5.666667
Melissa Joan Hart,33,United States,Actor/Actress,0.06435,8.0
Melissa Joan Hart,33,United States,Actor/Actress,0.071375,6.333333
Melissa Joan Hart,33,United States,Actor/Actress,0.080535,6.333333
Melissa Joan Hart,33,United States,Actor/Actress,0.125701,9.333333
Melissa Joan Hart,33,United States,Actor/Actress,0.106262,7.666667
Melissa Joan Hart,33,United States,Actor/Actress,0.059495,7.999967
Mark Dacascos,45,United States,Actor/Actress,0.077317,9.6666
Mark Dacascos,45,United States,Actor/Actress,0.077929,7.0
Mark Dacascos,45,United States,Actor/Actress,0.076204,6.0
Mark Dacascos,45,United States,Actor/Actress,0.099389,7.333333
Mark Dacascos,45,United States,Actor/Actress,0.121065,8.666667
Mark Dacascos,45,United States,Actor/Actress,0.137983,10.666667
Mark Dacascos,45,United States,Actor/Actress,0.104657,7.166667
Chuck Liddell,39,United States,Athlete,0.058041,7.333333
Chuck Liddell,39,United States,Athlete,0.070125,6.333333
Chuck Liddell,39,United States,Athlete,0.075634,5.666667
Chuck Liddell,39,United States,Athlete,0.00295,5.666667
Natalie Coughlin,27,United States,Athlete,0.070396,8.999933
Natalie Coughlin,27,United States,Athlete,0.076592,7.0
Natalie Coughlin,27,United States,Athlete,0.106714,8.666667
Natalie Coughlin,27,United States,Athlete,0.105649,8.0
Natalie Coughlin,27,United States,Athlete,0.0024,7.333333
Louie Vito,21,United States,Athlete,0.07099,8.999933
Louie Vito,21,United States,Athlete,0.069982,6.333333
Louie Vito,21,United States,Athlete,0.082679,6.666667
Louie Vito,21,United States,Athlete,0.090739,5.333333
Louie Vito,21,United States,Athlete,0.111073,7.333333
Louie Vito,21,United States,Athlete,0.05976,8.0
Michael Irvin,43,United States,Athlete,0.057306,6.333333
Michael Irvin,43,United States,Athlete,0.07295,6.666667
Michael Irvin,43,United States,Athlete,0.073765,4.666667
Michael Irvin,43,United States,Athlete,0.090746,5.333333
Michael Irvin,43,United States,Athlete,0.122268,7.0
Michael Irvin,43,United States,Athlete,0.121488,7.333267
Michael Irvin,43,United States,Athlete,0.110735,7.833333
Joanna Krupa,30,Poland,Model,0.070765,11.3333
Joanna Krupa,30,Poland,Model,0.058452,6.666667
Joanna Krupa,30,Poland,Model,0.075589,7.666667
Joanna Krupa,30,Poland,Model,0.091343,8.666667
Joanna Krupa,30,Poland,Model,0.086766,8.0
Joanna Krupa,30,Poland,Model,0.12114,11.999967
Joanna Krupa,30,Poland,Model,0.143196,9.166667
Joanna Krupa,30,Poland,Model,0.208649,8.666667
Joanna Krupa,30,Poland,Model,0.007782,9.0
Kathy Ireland,46,United States,Model,0.05226,6.666633
Kathy Ireland,46,United States,Model,0.00226,6.0
Tom DeLay,62,United States,Politician,0.050316,6.666633
Tom DeLay,62,United States,Politician,0.075971,6.0
Tom DeLay,62,United States,Politician,0.032217,5.0
Macy Gray,42,United States,Singer/Rapper,0.029562,6.3333
Aaron Carter,21,United States,Singer/Rapper,0.084364,10.666633
Aaron Carter,21,United States,Singer/Rapper,0.098922,9.0
Aaron Carter,21,United States,Singer/Rapper,0.087831,7.0
Aaron Carter,21,United States,Singer/Rapper,0.081025,6.0
Aaron Carter,21,United States,Singer/Rapper,0.109385,8.0
Aaron Carter,21,United States,Singer/Rapper,0.1416,10.999933
Aaron Carter,21,United States,Singer/Rapper,0.174491,8.833333
Aaron Carter,21,United States,Singer/Rapper,0.004829,8.333333
Mya,29,United States,Singer/Rapper,0.081849,10.3333
Mya,29,United States,Singer/Rapper,0.099417,9.0
Mya,29,United States,Singer/Rapper,0.111668,9.0
Mya,29,United States,Singer/Rapper,0.124821,9.333333
Mya,29,United States,Singer/Rapper,0.12351,9.0
Mya,29,United States,Singer/Rapper,0.141076,11.0
Mya,29,United States,Singer/Rapper,0.161465,8.166667
Mya,29,United States,Singer/Rapper,0.292358,9.833333
Mya,29,United States,Singer/Rapper,0.310598,9.666633
Mya,29,United States,Singer/Rapper,0.362711,9.4444
Donny Osmond,51,United States,Singer/Rapper,0.079132,9.999967
Donny Osmond,51,United States,Singer/Rapper,0.092375,8.333333
Donny Osmond,51,United States,Singer/Rapper,0.087703,7.0
Donny Osmond,51,United States,Singer/Rapper,0.107113,8.0
Donny Osmond,51,United States,Singer/Rapper,0.13124,9.666667
Donny Osmond,51,United States,Singer/Rapper,0.132725,10.3333
Donny Osmond,51,United States,Singer/Rapper,0.170971,8.666667
Donny Osmond,51,United States,Singer/Rapper,0.289978,8.333333
Donny Osmond,51,United States,Singer/Rapper,0.374605,8.2222
Donny Osmond,51,United States,Singer/Rapper,0.369586,9.6666
Kelly Osbourne,24,England,TV Personality,0.063861,10.333267
Kelly Osbourne,24,England,TV Personality,0.05532,6.333333
Kelly Osbourne,24,England,TV Personality,0.065164,6.666667
Kelly Osbourne,24,England,TV Personality,0.080524,7.666667
Kelly Osbourne,24,England,TV Personality,0.086031,8.0
Kelly Osbourne,24,England,TV Personality,0.084733,8.333267
Kelly Osbourne,24,England,TV Personality,0.134485,8.666667
Kelly Osbourne,24,England,TV Personality,0.204186,8.5
Kelly Osbourne,24,England,TV Personality,0.307015,8.6666
Kelly Osbourne,24,England,TV Personality,0.267704,8.4074
Aiden Turner,32,England,Actor/Actress,0.061377,5.0
Aiden Turner,32,England,Actor/Actress,0.092969,6.333333
Aiden Turner,32,England,Actor/Actress,0.088106,6.666667
Aiden Turner,32,England,Actor/Actress,0.036272,5.5
Shannen Doherty,38,United States,Actor/Actress,0.090912,6.0
Shannen Doherty,38,United States,Actor/Actress,0.002707,6.666667
Niecy Nash,40,United States,Actor/Actress,0.090464,6.0
Niecy Nash,40,United States,Actor/Actress,0.100221,7.0
Niecy Nash,40,United States,Actor/Actress,0.114885,7.0
Niecy Nash,40,United States,Actor/Actress,0.106725,6.0
Niecy Nash,40,United States,Actor/Actress,0.115738,6.0
Niecy Nash,40,United States,Actor/Actress,0.139902,8.6666
Niecy Nash,40,United States,Actor/Actress,0.193931,8.166667
Niecy Nash,40,United States,Actor/Actress,0.107466,7.166667
Buzz Aldrin,80,United States,Astronaut,0.074825,4.666667
Buzz Aldrin,80,United States,Astronaut,0.07686,4.0
Buzz Aldrin,80,United States,Astronaut,0.028178,4.333333
Chad Ochocinco,32,United States,Athlete,0.089233,6.0
Chad Ochocinco,32,United States,Athlete,0.096077,5.333333
Chad Ochocinco,32,United States,Athlete,0.107648,6.666667
Chad Ochocinco,32,United States,Athlete,0.127217,7.333333
Chad Ochocinco,32,United States,Athlete,0.113345,6.0
Chad Ochocinco,32,United States,Athlete,0.164108,10.3333
Chad Ochocinco,32,United States,Athlete,0.17843,8.666667
Chad Ochocinco,32,United States,Athlete,0.194651,7.5
Chad Ochocinco,32,United States,Athlete,0.15742,8.666667
Evan Lysacek,24,United States,Athlete,0.112451,7.666667
Evan Lysacek,24,United States,Athlete,0.11199,8.0
Evan Lysacek,24,United States,Athlete,0.138139,8.666667
Evan Lysacek,24,United States,Athlete,0.149889,8.666667
Evan Lysacek,24,United States,Athlete,0.166829,9.0
Evan Lysacek,24,United States,Athlete,0.143058,9.0
Evan Lysacek,24,United States,Athlete,0.185216,9.0
Evan Lysacek,24,United States,Athlete,0.225948,8.833333
Evan Lysacek,24,United States,Athlete,0.286807,9.833333
Evan Lysacek,24,United States,Athlete,0.327642,8.9629
Pamela Anderson,42,Canada,Model,0.082316,7.0
Pamela Anderson,42,Canada,Model,0.082195,7.333333
Pamela Anderson,42,Canada,Model,0.089515,7.0
Pamela Anderson,42,Canada,Model,0.10825,7.833333
Pamela Anderson,42,Canada,Model,0.104954,7.0
Pamela Anderson,42,Canada,Model,0.126324,9.999933
Pamela Anderson,42,Canada,Model,0.084564,8.5
Pamela Anderson,42,Canada,Model,0.012619,5.666667
Pamela Anderson,45,Canada,Model,0.082316,7.0
Pamela Anderson,45,Canada,Model,0.082195,7.333333
Pamela Anderson,45,Canada,Model,0.089515,7.0
Pamela Anderson,45,Canada,Model,0.10825,7.833333
Pamela Anderson,45,Canada,Model,0.104954,7.0
Pamela Anderson,45,Canada,Model,0.126324,9.999933
Pamela Anderson,45,Canada,Model,0.084564,8.5
Pamela Anderson,45,Canada,Model,0.012619,5.666667
Nicole Scherzinger,31,United States,Singer/Rapper,0.123084,8.333333
Nicole Scherzinger,31,United States,Singer/Rapper,0.131433,9.333333
Nicole Scherzinger,31,United States,Singer/Rapper,0.124469,7.666667
Nicole Scherzinger,31,United States,Singer/Rapper,0.146653,8.333333
Nicole Scherzinger,31,United States,Singer/Rapper,0.181191,9.666667
Nicole Scherzinger,31,United States,Singer/Rapper,0.189442,11.999967
Nicole Scherzinger,31,United States,Singer/Rapper,0.187389,9.0
Nicole Scherzinger,31,United States,Singer/Rapper,0.251883,9.833333
Nicole Scherzinger,31,United States,Singer/Rapper,0.289969,9.833333
Nicole Scherzinger,31,United States,Singer/Rapper,0.349552,9.592567
Erin Andrews,32,United States,Sports Broadcaster,0.100489,7.0
Erin Andrews,32,United States,Sports Broadcaster,0.104978,7.666667
Erin Andrews,32,United States,Sports Broadcaster,0.119278,7.666667
Erin Andrews,32,United States,Sports Broadcaster,0.110346,6.5
Erin Andrews,32,United States,Sports Broadcaster,0.134161,7.333333
Erin Andrews,32,United States,Sports Broadcaster,0.173809,11.333333
Erin Andrews,32,United States,Sports Broadcaster,0.170469,8.5
Erin Andrews,32,United States,Sports Broadcaster,0.220053,8.833333
Erin Andrews,32,United States,Sports Broadcaster,0.265804,9.333333
Erin Andrews,32,United States,Sports Broadcaster,0.322807,8.999933
Kate Gosselin,35,United States,TV Personality,0.078103,5.333333
Kate Gosselin,35,United States,TV Personality,0.088248,5.0
Kate Gosselin,35,United States,TV Personality,0.079311,5.0
Kate Gosselin,35,United States,TV Personality,0.105969,5.333333
Kate Gosselin,35,United States,TV Personality,0.042609,5.0
Jake Pavelka,32,United States,TV Personality,0.096747,6.666667
Jake Pavelka,32,United States,TV Personality,0.112322,6.666667
Jake Pavelka,32,United States,TV Personality,0.11047,7.0
Jake Pavelka,32,United States,TV Personality,0.108679,6.333333
Jake Pavelka,32,United States,TV Personality,0.141175,7.666667
Jake Pavelka,32,United States,TV Personality,0.063358,8.3333
David Hasselhoff,58,United States,Actor/Actress,0.005907,5.0
Florence Henderson,76,United States,Actor/Actress,0.085842,6.0
Florence Henderson,76,United States,Actor/Actress,0.093078,6.333333
Florence Henderson,76,United States,Actor/Actress,0.099797,6.666667
Florence Henderson,76,United States,Actor/Actress,0.107024,5.833333
Florence Henderson,76,United States,Actor/Actress,0.003314,7.0
Kyle Massey,19,United States,Actor/Actress,0.107969,7.666667
Kyle Massey,19,United States,Actor/Actress,0.106908,7.333333
Kyle Massey,19,United States,Actor/Actress,0.113671,7.666667
Kyle Massey,19,United States,Actor/Actress,0.121517,6.666667
Kyle Massey,19,United States,Actor/Actress,0.156825,6.666667
Kyle Massey,19,United States,Actor/Actress,0.189067,9.999967
Kyle Massey,19,United States,Actor/Actress,0.189025,8.375
Kyle Massey,19,United States,Actor/Actress,0.238312,9.333333
Kyle Massey,19,United States,Actor/Actress,0.303763,9.666667
Kyle Massey,19,United States,Actor/Actress,0.333123,9.111067
Jennifer Grey,50,United States,Actor/Actress,0.112555,8.0
Jennifer Grey,50,United States,Actor/Actress,0.116333,8.0
Jennifer Grey,50,United States,Actor/Actress,0.119457,8.0
Jennifer Grey,50,United States,Actor/Actress,0.168793,9.333333
Jennifer Grey,50,United States,Actor/Actress,0.151083,8.333333
Jennifer Grey,50,United States,Actor/Actress,0.182805,9.666667
Jennifer Grey,50,United States,Actor/Actress,0.185485,9.125
Jennifer Grey,50,United States,Actor/Actress,0.243591,9.5
Jennifer Grey,50,United States,Actor/Actress,0.312859,10.0
Jennifer Grey,50,United States,Actor/Actress,0.359221,10.0
Rick Fox,41,Canada,Athlete,0.082201,7.333333
Rick Fox,41,Canada,Athlete,0.080862,7.0
Rick Fox,41,Canada,Athlete,0.094365,8.0
Rick Fox,41,Canada,Athlete,0.093569,6.5
Rick Fox,41,Canada,Athlete,0.114435,8.0
Rick Fox,41,Canada,Athlete,0.148406,10.0
Rick Fox,41,Canada,Athlete,0.091718,8.625
Kurt Warner,39,United States,Athlete,0.088531,6.333333
Kurt Warner,39,United States,Athlete,0.100552,7.0
Kurt Warner,39,United States,Athlete,0.112042,7.666667
Kurt Warner,39,United States,Athlete,0.101771,5.666667
Kurt Warner,39,United States,Athlete,0.143189,8.0
Kurt Warner,39,United States,Athlete,0.136,7.3333
Kurt Warner,39,United States,Athlete,0.174362,8.75
Kurt Warner,39,United States,Athlete,0.026185,8.0
Margaret Cho,41,United States,Comedian,0.082399,5.0
Margaret Cho,41,United States,Comedian,0.084802,6.0
Margaret Cho,41,United States,Comedian,0.030355,6.0
Michael Bolton,57,United States,Singer/Rapper,0.075761,5.333333
Michael Bolton,57,United States,Singer/Rapper,0.020201,4.0
Brandy,31,United States,Singer/Rapper,0.107018,7.666667
Brandy,31,United States,Singer/Rapper,0.101533,7.0
Brandy,31,United States,Singer/Rapper,0.11828,8.0
Brandy,31,United States,Singer/Rapper,0.144167,8.0
Brandy,31,United States,Singer/Rapper,0.160482,9.0
Brandy,31,United States,Singer/Rapper,0.17216,11.999967
Brandy,31,United States,Singer/Rapper,0.182915,9.125
Brandy,31,United States,Singer/Rapper,0.238196,9.5
Brandy,31,United States,Singer/Rapper,0.005104,9.5
The Situation,28,United States,TV Personality,0.082369,5.0
The Situation,28,United States,TV Personality,0.084858,6.0
The Situation,28,United States,TV Personality,0.09676,6.666667
The Situation,28,United States,TV Personality,0.034222,4.666667
Audrina Patridge,25,United States,TV Personality,0.086572,6.333333
Audrina Patridge,25,United States,TV Personality,0.107881,7.666667
Audrina Patridge,25,United States,TV Personality,0.123842,8.666667
Audrina Patridge,25,United States,TV Personality,0.134318,7.666667
Audrina Patridge,25,United States,TV Personality,0.134788,7.666667
Audrina Patridge,25,United States,TV Personality,0.00169,10.6666
Bristol Palin,19,United States,TV Personality,0.082878,6.0
Bristol Palin,19,United States,TV Personality,0.102992,7.333333
Bristol Palin,19,United States,TV Personality,0.091431,6.333333
Bristol Palin,19,United States,TV Personality,0.094619,5.333333
Bristol Palin,19,United States,TV Personality,0.135883,6.0
Bristol Palin,19,United States,TV Personality,0.169872,9.333267
Bristol Palin,19,United States,TV Personality,0.176496,8.125
Bristol Palin,19,United States,TV Personality,0.253717,7.833333
Bristol Palin,19,United States,TV Personality,0.378274,8.833333
Bristol Palin,19,United States,TV Personality,0.307656,8.555533
Bristol Palin,19,United States,TV Personality,0.07547,6.5
Bristol Palin,19,United States,TV Personality,0.084063,6.0
Bristol Palin,19,United States,TV Personality,0.106599,7.5
Bristol Palin,19,United States,TV Personality,0.002576,8.0
Bristol Palin,21,United States,TV Personality,0.082878,6.0
Bristol Palin,21,United States,TV Personality,0.102992,7.333333
Bristol Palin,21,United States,TV Personality,0.091431,6.333333
Bristol Palin,21,United States,TV Personality,0.094619,5.333333
Bristol Palin,21,United States,TV Personality,0.135883,6.0
Bristol Palin,21,United States,TV Personality,0.169872,9.333267
Bristol Palin,21,United States,TV Personality,0.176496,8.125
Bristol Palin,21,United States,TV Personality,0.253717,7.833333
Bristol Palin,21,United States,TV Personality,0.378274,8.833333
Bristol Palin,21,United States,TV Personality,0.307656,8.555533
Bristol Palin,21,United States,TV Personality,0.07547,6.5
Bristol Palin,21,United States,TV Personality,0.084063,6.0
Bristol Palin,21,United States,TV Personality,0.106599,7.5
Bristol Palin,21,United States,TV Personality,0.002576,8.0
Ralph Macchio,49,United States,Actor/Actress,0.120821,8.0
Ralph Macchio,49,United States,Actor/Actress,0.109523,7.0
Ralph Macchio,49,United States,Actor/Actress,0.109947,7.0
Ralph Macchio,49,United States,Actor/Actress,0.139518,8.333333
Ralph Macchio,49,United States,Actor/Actress,0.127805,7.333333
Ralph Macchio,49,United States,Actor/Actress,0.149346,8.0
Ralph Macchio,49,United States,Actor/Actress,0.190022,8.25
Ralph Macchio,49,United States,Actor/Actress,0.292364,7.666667
Ralph Macchio,49,United States,Actor/Actress,0.147288,8.0
Chelsea Kane,22,United States,Actor/Actress,0.10679,7.0
Chelsea Kane,22,United States,Actor/Actress,0.095385,6.0
Chelsea Kane,22,United States,Actor/Actress,0.119495,7.666667
Chelsea Kane,22,United States,Actor/Actress,0.143959,8.666667
Chelsea Kane,22,United States,Actor/Actress,0.150547,8.666667
Chelsea Kane,22,United States,Actor/Actress,0.171831,9.333333
Chelsea Kane,22,United States,Actor/Actress,0.186042,8.0
Chelsea Kane,22,United States,Actor/Actress,0.254454,9.166667
Chelsea Kane,22,United States,Actor/Actress,0.351948,12.166667
Chelsea Kane,22,United States,Actor/Actress,0.360794,9.888867
Kirstie Alley,60,United States,Actor/Actress,0.116578,7.666667
Kirstie Alley,60,United States,Actor/Actress,0.104754,6.666667
Kirstie Alley,60,United States,Actor/Actress,0.109651,7.0
Kirstie Alley,60,United States,Actor/Actress,0.124029,7.333333
Kirstie Alley,60,United States,Actor/Actress,0.133834,7.666667
Kirstie Alley,60,United States,Actor/Actress,0.160603,8.666667
Kirstie Alley,60,United States,Actor/Actress,0.21897,7.5
Kirstie Alley,60,United States,Actor/Actress,0.24687,8.833333
Kirstie Alley,60,United States,Actor/Actress,0.266207,9.0
Kirstie Alley,60,United States,Actor/Actress,0.344228,9.3333
Kirstie Alley,60,United States,Actor/Actress,0.076193,6.333333
Kirstie Alley,60,United States,Actor/Actress,0.101969,7.0
Kirstie Alley,60,United States,Actor/Actress,0.10731,8.0
Kirstie Alley,60,United States,Actor/Actress,0.134834,7.5
Kirstie Alley,60,United States,Actor/Actress,0.123011,8.75
Kirstie Alley,60,United States,Actor/Actress,0.148328,9.166667
Kirstie Alley,60,United States,Actor/Actress,0.121813,9.3333
Kirstie Alley,60,United States,Actor/Actress,0.085918,8.5
Kirstie Alley,61,United States,Actor/Actress,0.116578,7.666667
Kirstie Alley,61,United States,Actor/Actress,0.104754,6.666667
Kirstie Alley,61,United States,Actor/Actress,0.109651,7.0
Kirstie Alley,61,United States,Actor/Actress,0.124029,7.333333
Kirstie Alley,61,United States,Actor/Actress,0.133834,7.666667
Kirstie Alley,61,United States,Actor/Actress,0.160603,8.666667
Kirstie Alley,61,United States,Actor/Actress,0.21897,7.5
Kirstie Alley,61,United States,Actor/Actress,0.24687,8.833333
Kirstie Alley,61,United States,Actor/Actress,0.266207,9.0
Kirstie Alley,61,United States,Actor/Actress,0.344228,9.3333
Kirstie Alley,61,United States,Actor/Actress,0.076193,6.333333
Kirstie Alley,61,United States,Actor/Actress,0.101969,7.0
Kirstie Alley,61,United States,Actor/Actress,0.10731,8.0
Kirstie Alley,61,United States,Actor/Actress,0.134834,7.5
Kirstie Alley,61,United States,Actor/Actress,0.123011,8.75
Kirstie Alley,61,United States,Actor/Actress,0.148328,9.166667
Kirstie Alley,61,United States,Actor/Actress,0.121813,9.3333
Kirstie Alley,61,United States,Actor/Actress,0.085918,8.5
Hines Ward,35,South Korea,Athlete,0.084291,7.0
Hines Ward,35,South Korea,Athlete,0.094536,7.666667
Hines Ward,35,South Korea,Athlete,0.102909,8.333333
Hines Ward,35,South Korea,Athlete,0.110245,8.333333
Hines Ward,35,South Korea,Athlete,0.123709,9.0
Hines Ward,35,South Korea,Athlete,0.13207,9.0
Hines Ward,35,South Korea,Athlete,0.152382,8.25
Hines Ward,35,South Korea,Athlete,0.202003,9.0
Hines Ward,35,South Korea,Athlete,0.234557,10.0
Hines Ward,35,South Korea,Athlete,0.294978,9.888867
Sugar Ray Leonard,54,United States,Athlete,0.085433,5.666667
Sugar Ray Leonard,54,United States,Athlete,0.092745,5.666667
Sugar Ray Leonard,54,United States,Athlete,0.102912,6.666667
Sugar Ray Leonard,54,United States,Athlete,0.003005,7.0
Chris Jericho,40,United States,Athlete,0.0953,6.333333
Chris Jericho,40,United States,Athlete,0.117259,7.666667
Chris Jericho,40,United States,Athlete,0.108247,7.0
Chris Jericho,40,United States,Athlete,0.127194,7.666667
Chris Jericho,40,United States,Athlete,0.14753,8.666667
Chris Jericho,40,United States,Athlete,0.065681,7.333333
Petra Nemcova,31,Czechoslovakia,Model,0.07173,6.0
Petra Nemcova,31,Czechoslovakia,Model,0.073741,6.0
Petra Nemcova,31,Czechoslovakia,Model,0.101479,8.333333
Petra Nemcova,31,Czechoslovakia,Model,0.100184,7.666667
Petra Nemcova,31,Czechoslovakia,Model,0.0443,7.333333
Mike Catherwood,32,United States,Radio Personality,0.064374,4.333333
Mike Catherwood,32,United States,Radio Personality,0.003815,5.666667
Romeo,21,United States,Singer/Rapper,0.096209,6.333333
Romeo,21,United States,Singer/Rapper,0.118162,7.666667
Romeo,21,United States,Singer/Rapper,0.103081,6.666667
Romeo,21,United States,Singer/Rapper,0.126352,7.666667
Romeo,21,United States,Singer/Rapper,0.149,8.666667
Romeo,21,United States,Singer/Rapper,0.171034,9.333333
Romeo,21,United States,Singer/Rapper,0.217156,7.5
Romeo,21,United States,Singer/Rapper,0.004309,8.666667
Wendy Williams,46,United States,TV Personality,0.069828,4.666667
Wendy Williams,46,United States,TV Personality,0.094073,5.666667
Wendy Williams,46,United States,TV Personality,0.027665,5.0
Kendra Wilkinson,25,United States,TV Personality,0.088648,6.0
Kendra Wilkinson,25,United States,TV Personality,0.096006,6.333333
Kendra Wilkinson,25,United States,TV Personality,0.114613,7.666667
Kendra Wilkinson,25,United States,TV Personality,0.125513,6.0
Kendra Wilkinson,25,United States,TV Personality,0.123274,7.333333
Kendra Wilkinson,25,United States,TV Personality,0.149435,8.333333
Kendra Wilkinson,25,United States,TV Personality,0.035428,7.625
Elisabetta Canalis,33,Italy,Actor/Actress,0.061637,5.0
Elisabetta Canalis,33,Italy,Actor/Actress,0.001985,7.0
David Arquette,40,United States,Actor/Actress,0.09166,6.0
David Arquette,40,United States,Actor/Actress,0.105719,6.0
David Arquette,40,United States,Actor/Actress,0.107931,8.0
David Arquette,40,United States,Actor/Actress,0.1156,7.666667
David Arquette,40,United States,Actor/Actress,0.143981,8.333333
David Arquette,40,United States,Actor/Actress,0.149893,7.666667
David Arquette,40,United States,Actor/Actress,0.003911,7.833333
Ricki Lake,42,United States,Actor/Actress,0.100767,6.666667
Ricki Lake,42,United States,Actor/Actress,0.105824,7.666667
Ricki Lake,42,United States,Actor/Actress,0.11666,9.0
Ricki Lake,42,United States,Actor/Actress,0.145302,9.666667
Ricki Lake,42,United States,Actor/Actress,0.137785,8.0
Ricki Lake,42,United States,Actor/Actress,0.187465,9.666667
Ricki Lake,42,United States,Actor/Actress,0.205746,8.833333
Ricki Lake,42,United States,Actor/Actress,0.220214,8.666667
Ricki Lake,42,United States,Actor/Actress,0.308459,11.166633
Ricki Lake,42,United States,Actor/Actress,0.334954,9.3333
J.R. Martinez,28,United States,Actor/Actress,0.110424,7.333333
J.R. Martinez,28,United States,Actor/Actress,0.099891,7.333333
J.R. Martinez,28,United States,Actor/Actress,0.111366,8.666667
J.R. Martinez,28,United States,Actor/Actress,0.130444,8.666667
J.R. Martinez,28,United States,Actor/Actress,0.159462,9.333333
J.R. Martinez,28,United States,Actor/Actress,0.186839,9.666667
J.R. Martinez,28,United States,Actor/Actress,0.188716,8.0
J.R. Martinez,28,United States,Actor/Actress,0.251482,10.0
J.R. Martinez,28,United States,Actor/Actress,0.261622,9.333333
J.R. Martinez,28,United States,Actor/Actress,0.336597,9.388833
Metta World Peace (Ron),31,United States,Athlete,0.005591,4.666667
Hope Solo,30,United States,Athlete,0.103519,7.0
Hope Solo,30,United States,Athlete,0.10943,6.333333
Hope Solo,30,United States,Athlete,0.109737,8.0
Hope Solo,30,United States,Athlete,0.118225,8.0
Hope Solo,30,United States,Athlete,0.13554,8.0
Hope Solo,30,United States,Athlete,0.128359,6.666667
Hope Solo,30,United States,Athlete,0.191285,8.333333
Hope Solo,30,United States,Athlete,0.216259,8.666667
Hope Solo,30,United States,Athlete,0.140119,8.1666
Chynna Phillips,43,United States,Singer/Rapper,0.110244,7.333333
Chynna Phillips,43,United States,Singer/Rapper,0.095802,7.0
Chynna Phillips,43,United States,Singer/Rapper,0.110762,8.666667
Chynna Phillips,43,United States,Singer/Rapper,0.00272,7.0
Kristin Cavallari,24,United States,TV Personality,0.091917,6.333333
Kristin Cavallari,24,United States,TV Personality,0.09764,7.333333
Kristin Cavallari,24,United States,TV Personality,0.001965,8.0
Carson Kressley,41,United States,TV Personality,0.083617,5.666667
Carson Kressley,41,United States,TV Personality,0.101711,6.0
Carson Kressley,41,United States,TV Personality,0.122671,7.666667
Carson Kressley,41,United States,TV Personality,0.125404,6.666667
Carson Kressley,41,United States,TV Personality,0.04746,6.333333
Chaz Bono,42,United States,TV Personality,0.083416,5.666667
Chaz Bono,42,United States,TV Personality,0.096025,5.666667
Chaz Bono,42,United States,TV Personality,0.095981,6.0
Chaz Bono,42,United States,TV Personality,0.123189,7.0
Chaz Bono,42,United States,TV Personality,0.116451,7.0
Chaz Bono,42,United States,TV Personality,0.059383,6.333333
Nancy Grace,51,United States,TV Personality,0.07875,5.333333
Nancy Grace,51,United States,TV Personality,0.09312,7.0
Nancy Grace,51,United States,TV Personality,0.11197,7.0
Nancy Grace,51,United States,TV Personality,0.122457,7.0
Nancy Grace,51,United States,TV Personality,0.121529,7.333333
Nancy Grace,51,United States,TV Personality,0.150486,8.0
Nancy Grace,51,United States,TV Personality,0.218803,7.333333
Nancy Grace,51,United States,TV Personality,0.10484,7.333333
Rob Kardashian,24,United States,TV Personality,0.078458,5.333333
Rob Kardashian,24,United States,TV Personality,0.092852,7.0
Rob Kardashian,24,United States,TV Personality,0.110956,8.0
Rob Kardashian,24,United States,TV Personality,0.116659,8.0
Rob Kardashian,24,United States,TV Personality,0.137792,8.333333
Rob Kardashian,24,United States,TV Personality,0.137575,7.333333
Rob Kardashian,24,United States,TV Personality,0.191539,8.5
Rob Kardashian,24,United States,TV Personality,0.207205,8.5
Rob Kardashian,24,United States,TV Personality,0.289801,10.833267
Rob Kardashian,24,United States,TV Personality,0.328449,9.4444
William Levy,31,Cuba,Actor/Actress,0.075804,8.0
William Levy,31,Cuba,Actor/Actress,0.082343,8.333333
William Levy,31,Cuba,Actor/Actress,0.087814,9.333333
William Levy,31,Cuba,Actor/Actress,0.085741,7.333333
William Levy,31,Cuba,Actor/Actress,0.116576,9.666667
William Levy,31,Cuba,Actor/Actress,0.127029,12.0
William Levy,31,Cuba,Actor/Actress,0.13973,8.833333
William Levy,31,Cuba,Actor/Actress,0.171983,9.5
William Levy,31,Cuba,Actor/Actress,0.315104,9.666667
William Levy,31,Cuba,Actor/Actress,0.315117,9.888867
Jack Wagner,52,United States,Actor/Actress,0.090348,7.666667
Jack Wagner,52,United States,Actor/Actress,0.086615,7.0
Jack Wagner,52,United States,Actor/Actress,0.009836,8.0
Sherri Sheperd,44,United States,Actor/Actress,0.09044,7.666667
Sherri Sheperd,44,United States,Actor/Actress,0.094622,7.666667
Sherri Sheperd,44,United States,Actor/Actress,0.1032,8.0
Sherri Sheperd,44,United States,Actor/Actress,0.002627,7.0
Jaleel White,35,United States,Actor/Actress,0.101908,8.666667
Jaleel White,35,United States,Actor/Actress,0.090218,7.333333
Jaleel White,35,United States,Actor/Actress,0.097735,8.333333
Jaleel White,35,United States,Actor/Actress,0.107341,7.333333
Jaleel White,35,United States,Actor/Actress,0.120532,8.0
Jaleel White,35,United States,Actor/Actress,0.162042,12.333267
Jaleel White,35,United States,Actor/Actress,0.00298,8.5
Roshon Fegan,20,United States,Actor/Actress,0.09053,7.666667
Roshon Fegan,20,United States,Actor/Actress,0.106427,8.666667
Roshon Fegan,20,United States,Actor/Actress,0.098306,8.333333
Roshon Fegan,20,United States,Actor/Actress,0.125104,8.666667
Roshon Fegan,20,United States,Actor/Actress,0.130171,8.666667
Roshon Fegan,20,United States,Actor/Actress,0.123751,9.333267
Roshon Fegan,20,United States,Actor/Actress,0.168495,8.666667
Roshon Fegan,20,United States,Actor/Actress,0.158444,9.333333
Melissa Gilbert,47,United States,Actor/Actress,0.079055,6.666667
Melissa Gilbert,47,United States,Actor/Actress,0.082623,6.666667
Melissa Gilbert,47,United States,Actor/Actress,0.103175,8.0
Melissa Gilbert,47,United States,Actor/Actress,0.106625,7.333333
Melissa Gilbert,47,United States,Actor/Actress,0.106282,7.0
Melissa Gilbert,47,United States,Actor/Actress,0.132006,10.0
Melissa Gilbert,47,United States,Actor/Actress,0.200759,7.833333
Melissa Gilbert,47,United States,Actor/Actress,0.067134,8.5
Martina Navratilova,55,Czechoslovakia,Athlete,0.062326,6.666667
Martina Navratilova,55,Czechoslovakia,Athlete,0.014929,5.666667
Donald Driver,37,United States,Athlete,0.081303,7.0
Donald Driver,37,United States,Athlete,0.096243,8.0
Donald Driver,37,United States,Athlete,0.099588,8.666667
Donald Driver,37,United States,Athlete,0.126402,9.0
Donald Driver,37,United States,Athlete,0.132888,9.0
Donald Driver,37,United States,Athlete,0.146373,11.3333
Donald Driver,37,United States,Athlete,0.168094,8.833333
Donald Driver,37,United States,Athlete,0.218558,9.166667
Donald Driver,37,United States,Athlete,0.379594,9.5
Donald Driver,37,United States,Athlete,0.37047,9.888867
Gavin DeGraw,35,United States,Singer/Rapper,0.078019,6.666667
Gavin DeGraw,35,United States,Singer/Rapper,0.085329,7.0
Gavin DeGraw,35,United States,Singer/Rapper,0.104235,8.0
Gavin DeGraw,35,United States,Singer/Rapper,0.110043,7.666667
Gavin DeGraw,35,United States,Singer/Rapper,0.037881,6.333333
Gladys Knight,67,United States,Singer/Rapper,0.089684,7.666667
Gladys Knight,67,United States,Singer/Rapper,0.078074,6.333333
Gladys Knight,67,United States,Singer/Rapper,0.104679,8.0
Gladys Knight,67,United States,Singer/Rapper,0.123157,6.666667
Gladys Knight,67,United States,Singer/Rapper,0.109928,7.333333
Gladys Knight,67,United States,Singer/Rapper,0.046169,8.0
Katherine Jenkins,31,Wales,Singer/Rapper,0.080943,8.666667
Katherine Jenkins,31,Wales,Singer/Rapper,0.084335,8.666667
Katherine Jenkins,31,Wales,Singer/Rapper,0.0902,9.666667
Katherine Jenkins,31,Wales,Singer/Rapper,0.092734,8.0
Katherine Jenkins,31,Wales,Singer/Rapper,0.115518,9.666667
Katherine Jenkins,31,Wales,Singer/Rapper,0.135929,12.999967
Katherine Jenkins,31,Wales,Singer/Rapper,0.142208,9.0
Katherine Jenkins,31,Wales,Singer/Rapper,0.177733,9.166667
Katherine Jenkins,31,Wales,Singer/Rapper,0.301357,9.333333
Katherine Jenkins,31,Wales,Singer/Rapper,0.314413,10.0
Maria Menounos,33,United States,TV Personality,0.079642,7.0
Maria Menounos,33,United States,TV Personality,0.098244,8.333333
Maria Menounos,33,United States,TV Personality,0.101233,9.0
Maria Menounos,33,United States,TV Personality,0.120227,8.666667
Maria Menounos,33,United States,TV Personality,0.130226,9.0
Maria Menounos,33,United States,TV Personality,0.126701,9.999967
Maria Menounos,33,United States,TV Personality,0.177736,9.5
Maria Menounos,33,United States,TV Personality,0.206147,8.833333
Maria Menounos,33,United States,TV Personality,0.003945,9.833333
Ingo Rademacher,41,Germany,Actor/Actress,0.073991,6.666667
Ingo Rademacher,41,Germany,Actor/Actress,0.072957,6.666667
Ingo Rademacher,41,Germany,Actor/Actress,0.079737,7.0
Ingo Rademacher,41,Germany,Actor/Actress,0.091014,7.666667
Ingo Rademacher,41,Germany,Actor/Actress,0.089416,7.0
Ingo Rademacher,41,Germany,Actor/Actress,0.109406,7.666667
Ingo Rademacher,41,Germany,Actor/Actress,0.120298,8.333333
Ingo Rademacher,41,Germany,Actor/Actress,0.139481,8.0
Ingo Rademacher,41,Germany,Actor/Actress,0.095394,8.5
Zendaya,16,United States,Actor/Actress,0.109441,8.0
Zendaya,16,United States,Actor/Actress,0.116356,8.666667
Zendaya,16,United States,Actor/Actress,0.121878,8.6666
Zendaya,16,United States,Actor/Actress,0.12783,8.666667
Zendaya,16,United States,Actor/Actress,0.150656,9.666667
Zendaya,16,United States,Actor/Actress,0.150265,8.5
Zendaya,16,United States,Actor/Actress,0.178102,10.0
Zendaya,16,United States,Actor/Actress,0.206905,9.666667
Zendaya,16,United States,Actor/Actress,0.218123,9.166667
Zendaya,16,United States,Actor/Actress,0.258604,10.0
Dorothy Hamill,56,United States,Athlete,0.094546,7.0
Dorothy Hamill,56,United States,Athlete,0.018829,5.0
Victor Ortiz,26,United States,Athlete,0.081368,6.0
Victor Ortiz,26,United States,Athlete,0.080008,6.0
Victor Ortiz,26,United States,Athlete,0.10567,7.666667
Victor Ortiz,26,United States,Athlete,0.087948,6.0
Victor Ortiz,26,United States,Athlete,0.109505,7.0
Victor Ortiz,26,United States,Athlete,0.050794,6.666667
Alexandra Raisman,18,United States,Athlete,0.094454,7.0
Alexandra Raisman,18,United States,Athlete,0.105899,8.0
Alexandra Raisman,18,United States,Athlete,0.106531,7.666667
Alexandra Raisman,18,United States,Athlete,0.13003,9.0
Alexandra Raisman,18,United States,Athlete,0.128077,8.333333
Alexandra Raisman,18,United States,Athlete,0.149945,8.666667
Alexandra Raisman,18,United States,Athlete,0.185942,10.666667
Alexandra Raisman,18,United States,Athlete,0.196361,9.333333
Alexandra Raisman,18,United States,Athlete,0.229566,9.833333
Alexandra Raisman,18,United States,Athlete,0.246946,9.666667
Jacoby Jones,28,United States,Athlete,0.090083,6.666667
Jacoby Jones,28,United States,Athlete,0.101369,7.666667
Jacoby Jones,28,United States,Athlete,0.119503,8.6666
Jacoby Jones,28,United States,Athlete,0.115945,8.0
Jacoby Jones,28,United States,Athlete,0.134462,8.666667
Jacoby Jones,28,United States,Athlete,0.130235,7.5
Jacoby Jones,28,United States,Athlete,0.157844,9.0
Jacoby Jones,28,United States,Athlete,0.182824,8.666667
Jacoby Jones,28,United States,Athlete,0.229539,9.833333
Jacoby Jones,28,United States,Athlete,0.238581,9.3333
D. L. Hughley,50,United States,Comedian,0.05411,4.0
D. L. Hughley,50,United States,Comedian,0.07023,5.333333
D. L. Hughley,50,United States,Comedian,0.07364,5.333333
D. L. Hughley,50,United States,Comedian,0.100431,7.0
D. L. Hughley,50,United States,Comedian,0.02572,6.0
Andy Dick,47,United States,Comedian,0.075566,5.666667
Andy Dick,47,United States,Comedian,0.087198,6.666667
Andy Dick,47,United States,Comedian,0.08213,6.0
Andy Dick,47,United States,Comedian,0.100131,7.0
Andy Dick,47,United States,Comedian,0.100636,6.0
Andy Dick,47,United States,Comedian,0.1222,7.166667
Andy Dick,47,United States,Comedian,0.049535,5.666667
Wynonna Judd,48,United States,Singer/Rapper,0.082335,6.0
Wynonna Judd,48,United States,Singer/Rapper,0.081241,6.0
Wynonna Judd,48,United States,Singer/Rapper,0.022485,5.0
Kellie Pickler,26,United States,Singer/Rapper,0.095603,7.0
Kellie Pickler,26,United States,Singer/Rapper,0.115411,8.666667
Kellie Pickler,26,United States,Singer/Rapper,0.116075,8.333333
Kellie Pickler,26,United States,Singer/Rapper,0.127139,8.666667
Kellie Pickler,26,United States,Singer/Rapper,0.140424,9.0
Kellie Pickler,26,United States,Singer/Rapper,0.156825,9.0
Kellie Pickler,26,United States,Singer/Rapper,0.169843,9.666667
Kellie Pickler,26,United States,Singer/Rapper,0.195324,9.166667
Kellie Pickler,26,United States,Singer/Rapper,0.227378,9.666667
Kellie Pickler,26,United States,Singer/Rapper,0.255869,10.0
Lisa Vanderpump,52,England,TV Personality,0.064191,6.0
Lisa Vanderpump,52,England,TV Personality,0.063333,6.0
Lisa Vanderpump,52,England,TV Personality,0.076778,7.0
Lisa Vanderpump,52,England,TV Personality,0.024638,6.0
Sean Lowe,29,United States,TV Personality,0.084312,6.333333
Sean Lowe,29,United States,TV Personality,0.08717,6.666667
Sean Lowe,29,United States,TV Personality,0.095572,7.0
Sean Lowe,29,United States,TV Personality,0.094895,6.666667
Sean Lowe,29,United States,TV Personality,0.121105,8.0
Sean Lowe,29,United States,TV Personality,0.130331,7.666667
Sean Lowe,29,United States,TV Personality,0.138436,8.0
Sean Lowe,29,United States,TV Personality,0.079106,7.0
Valerie Harper,74,United States,Actor/Actress,0.086318,7.0
Valerie Harper,74,United States,Actor/Actress,0.079074,6.333333
Valerie Harper,74,United States,Actor/Actress,0.072595,5.333333
Valerie Harper,74,United States,Actor/Actress,0.029819,6.0
Brant Daugherty,28,United States,Actor/Actress,0.090063,7.333333
Brant Daugherty,28,United States,Actor/Actress,0.095366,7.666667
Brant Daugherty,28,United States,Actor/Actress,0.115587,9.0
Brant Daugherty,28,United States,Actor/Actress,0.098687,7.0
Brant Daugherty,28,United States,Actor/Actress,0.142069,9.0
Brant Daugherty,28,United States,Actor/Actress,0.141981,10.333333
Brant Daugherty,28,United States,Actor/Actress,0.139051,9.5
Brant Daugherty,28,United States,Actor/Actress,0.002508,9.0
Elizabeth Berkley Lauren,39,United States,Actor/Actress,0.09779,8.0
Elizabeth Berkley Lauren,39,United States,Actor/Actress,0.103411,8.333333
Elizabeth Berkley Lauren,39,United States,Actor/Actress,0.107599,8.333333
Elizabeth Berkley Lauren,39,United States,Actor/Actress,0.125866,9.0
Elizabeth Berkley Lauren,39,United States,Actor/Actress,0.136905,8.666667
Elizabeth Berkley Lauren,39,United States,Actor/Actress,0.145968,10.6666
Elizabeth Berkley Lauren,39,United States,Actor/Actress,0.13151,9.0
Elizabeth Berkley Lauren,39,United States,Actor/Actress,0.190298,8.333333
Elizabeth Berkley Lauren,39,United States,Actor/Actress,0.002754,9.333333
Leah Remini,43,United States,Actor/Actress,0.08586,7.0
Leah Remini,43,United States,Actor/Actress,0.098741,8.0
Leah Remini,43,United States,Actor/Actress,0.102967,8.0
Leah Remini,43,United States,Actor/Actress,0.112093,8.0
Leah Remini,43,United States,Actor/Actress,0.115831,7.333333
Leah Remini,43,United States,Actor/Actress,0.129224,9.3333
Leah Remini,43,United States,Actor/Actress,0.146751,8.833333
Leah Remini,43,United States,Actor/Actress,0.163924,9.333333
Leah Remini,43,United States,Actor/Actress,0.233813,9.0
Leah Remini,43,United States,Actor/Actress,0.004617,8.125
Corbin Bleu,24,United States,Actor/Actress,0.09809,8.0
Corbin Bleu,24,United States,Actor/Actress,0.107432,8.666667
Corbin Bleu,24,United States,Actor/Actress,0.111832,8.666667
Corbin Bleu,24,United States,Actor/Actress,0.126087,9.0
Corbin Bleu,24,United States,Actor/Actress,0.126377,9.333333
Corbin Bleu,24,United States,Actor/Actress,0.124879,8.999967
Corbin Bleu,24,United States,Actor/Actress,0.143066,9.833333
Corbin Bleu,24,United States,Actor/Actress,0.172181,10.0
Corbin Bleu,24,United States,Actor/Actress,0.187856,9.666667
Corbin Bleu,24,United States,Actor/Actress,0.256858,9.375
Corbin Bleu,24,United States,Actor/Actress,0.273401,9.8888
Amber Riley,27,United States,Actor/Actress,0.110042,9.0
Amber Riley,27,United States,Actor/Actress,0.098594,8.0
Amber Riley,27,United States,Actor/Actress,0.103918,8.0
Amber Riley,27,United States,Actor/Actress,0.126434,9.0
Amber Riley,27,United States,Actor/Actress,0.136819,8.666667
Amber Riley,27,United States,Actor/Actress,0.146422,10.666633
Amber Riley,27,United States,Actor/Actress,0.143403,9.833333
Amber Riley,27,United States,Actor/Actress,0.16046,9.333333
Amber Riley,27,United States,Actor/Actress,0.220755,8.5
Amber Riley,27,United States,Actor/Actress,0.27058,9.875
Amber Riley,27,United States,Actor/Actress,0.288009,10.4444
Keyshawn Johnson,41,United States,Athlete,0.069118,5.666667
Keyshawn Johnson,41,United States,Athlete,0.002545,6.0
Bill Engvall,56,United States,Comedian,0.071518,6.0
Bill Engvall,56,United States,Comedian,0.084379,7.0
Bill Engvall,56,United States,Comedian,0.099471,8.0
Bill Engvall,56,United States,Comedian,0.094974,7.0
Bill Engvall,56,United States,Comedian,0.12159,8.0
Bill Engvall,56,United States,Comedian,0.107161,7.999967
Bill Engvall,56,United States,Comedian,0.13335,8.333333
Bill Engvall,56,United States,Comedian,0.175677,8.0
Bill Engvall,56,United States,Comedian,0.174871,7.0
Bill Engvall,56,United States,Comedian,0.273878,7.5
Bill Engvall,56,United States,Comedian,0.232379,8.499967
Christina Milian,31,United States,Singer/Rapper,0.089396,7.333333
Christina Milian,31,United States,Singer/Rapper,0.102674,8.333333
Christina Milian,31,United States,Singer/Rapper,0.110436,8.666667
Christina Milian,31,United States,Singer/Rapper,0.111408,8.0
Christina Milian,31,United States,Singer/Rapper,0.001656,9.333333
"Nicole ""Snooki"" Polizzi",25,Chile,TV Personality,0.072546,7.666667
"Nicole ""Snooki"" Polizzi",25,Chile,TV Personality,0.064715,6.666667
"Nicole ""Snooki"" Polizzi",25,Chile,TV Personality,0.083039,8.333333
"Nicole ""Snooki"" Polizzi",25,Chile,TV Personality,0.087285,8.0
"Nicole ""Snooki"" Polizzi",25,Chile,TV Personality,0.109366,9.0
"Nicole ""Snooki"" Polizzi",25,Chile,TV Personality,0.107439,10.0
"Nicole ""Snooki"" Polizzi",25,Chile,TV Personality,0.05518,9.0
Jack Osbourne,27,England,TV Personality,0.072949,7.666667
Jack Osbourne,27,England,TV Personality,0.076761,8.0
Jack Osbourne,27,England,TV Personality,0.073703,7.333333
Jack Osbourne,27,England,TV Personality,0.087348,8.0
Jack Osbourne,27,England,TV Personality,0.109388,9.0
Jack Osbourne,27,England,TV Personality,0.096928,8.999933
Jack Osbourne,27,England,TV Personality,0.107689,9.5
Jack Osbourne,27,England,TV Personality,0.13495,10.0
Jack Osbourne,27,England,TV Personality,0.179951,9.0
Jack Osbourne,27,England,TV Personality,0.194067,8.875
Jack Osbourne,27,England,TV Personality,0.206212,9.3333
Bill Nye,57,United States,TV Personality,0.05631,4.666667
Bill Nye,57,United States,TV Personality,0.086309,5.666667
Bill Nye,57,United States,TV Personality,0.018853,5.333333
Billy Dee Williams,76,United States,Actor/Actress,0.080815,5.0
Billy Dee Williams,76,United States,Actor/Actress,0.045205,5.0
Danica McKellar,39,United States,Actor/Actress,0.10035,8.0
Danica McKellar,39,United States,Actor/Actress,0.108585,8.0
Danica McKellar,39,United States,Actor/Actress,0.120185,9.0
Danica McKellar,39,United States,Actor/Actress,0.112064,8.0
Danica McKellar,39,United States,Actor/Actress,0.133864,9.75
Danica McKellar,39,United States,Actor/Actress,0.138872,9.0
Danica McKellar,39,United States,Actor/Actress,0.153753,9.0
Danica McKellar,39,United States,Actor/Actress,0.002496,9.5
James Maslow,23,United States,Actor/Actress,0.089122,7.0
James Maslow,23,United States,Actor/Actress,0.112583,8.333333
James Maslow,23,United States,Actor/Actress,0.120243,9.0
James Maslow,23,United States,Actor/Actress,0.121743,8.75
James Maslow,23,United States,Actor/Actress,0.136187,10.0
James Maslow,23,United States,Actor/Actress,0.134978,8.75
James Maslow,23,United States,Actor/Actress,0.149894,8.75
James Maslow,23,United States,Actor/Actress,0.215508,9.0
James Maslow,23,United States,Actor/Actress,0.24591,9.5
James Maslow,23,United States,Actor/Actress,0.255277,9.666667
Candace Cameron Bure,37,United States,Actor/Actress,0.10508,8.333333
Candace Cameron Bure,37,United States,Actor/Actress,0.095329,7.0
Candace Cameron Bure,37,United States,Actor/Actress,0.107419,8.0
Candace Cameron Bure,37,United States,Actor/Actress,0.098414,7.0
Candace Cameron Bure,37,United States,Actor/Actress,0.119735,8.75
Candace Cameron Bure,37,United States,Actor/Actress,0.127398,8.0
Candace Cameron Bure,37,United States,Actor/Actress,0.158849,9.25
Candace Cameron Bure,37,United States,Actor/Actress,0.215607,9.0
Candace Cameron Bure,37,United States,Actor/Actress,0.288548,9.0
Candace Cameron Bure,37,United States,Actor/Actress,0.231197,8.6666
Sean Avery,33,Canada,Athlete,0.067232,6.666667
Sean Avery,33,Canada,Athlete,0.048733,7.0
Diana Nyad,64,United States,Athlete,0.002598,6.0
Charlie White,26,United States,Athlete,0.110905,9.0
Charlie White,26,United States,Athlete,0.110731,8.333333
Charlie White,26,United States,Athlete,0.117464,9.0
Charlie White,26,United States,Athlete,0.113519,8.25
Charlie White,26,United States,Athlete,0.124405,9.25
Charlie White,26,United States,Athlete,0.136367,9.0
Charlie White,26,United States,Athlete,0.149654,8.875
Charlie White,26,United States,Athlete,0.177539,10.0
Charlie White,26,United States,Athlete,0.00587,9.5
Amy Purdy,34,United States,Athlete,0.099616,8.0
Amy Purdy,34,United States,Athlete,0.106284,8.0
Amy Purdy,34,United States,Athlete,0.117815,9.0
Amy Purdy,34,United States,Athlete,0.116331,8.5
Amy Purdy,34,United States,Athlete,0.124299,9.25
Amy Purdy,34,United States,Athlete,0.14377,9.5
Amy Purdy,34,United States,Athlete,0.157969,9.375
Amy Purdy,34,United States,Athlete,0.177291,10.0
Amy Purdy,34,United States,Athlete,0.227534,9.75
Amy Purdy,34,United States,Athlete,0.254863,9.888867
Meryl Davis,27,United States,Athlete,0.099129,8.0
Meryl Davis,27,United States,Athlete,0.110323,8.333333
Meryl Davis,27,United States,Athlete,0.1269,9.75
Meryl Davis,27,United States,Athlete,0.13275,9.75
Meryl Davis,27,United States,Athlete,0.121043,9.0
Meryl Davis,27,United States,Athlete,0.150795,10.0
Meryl Davis,27,United States,Athlete,0.163715,9.75
Meryl Davis,27,United States,Athlete,0.211558,9.0
Meryl Davis,27,United States,Athlete,0.232139,10.0
Meryl Davis,27,United States,Athlete,0.258663,10.0
Drew Carey,55,United States,Comedian,0.085398,7.0
Drew Carey,55,United States,Comedian,0.091607,7.0
Drew Carey,55,United States,Comedian,0.096804,7.5
Drew Carey,55,United States,Comedian,0.110969,8.25
Drew Carey,55,United States,Comedian,0.119442,7.0
Drew Carey,55,United States,Comedian,0.045369,8.0
Cody Simpson,17,Australia,Singer/Rapper,0.073622,7.333333
Cody Simpson,17,Australia,Singer/Rapper,0.079169,7.333333
Cody Simpson,17,Australia,Singer/Rapper,0.093054,8.75
Cody Simpson,17,Australia,Singer/Rapper,0.086468,7.75
Cody Simpson,17,Australia,Singer/Rapper,0.001634,8.5
NeNe Leakes,46,United States,TV Personality,0.086132,7.0
NeNe Leakes,46,United States,TV Personality,0.091452,7.0
NeNe Leakes,46,United States,TV Personality,0.100117,7.75
NeNe Leakes,46,United States,TV Personality,0.107741,8.0
NeNe Leakes,46,United States,TV Personality,0.11939,9.0
NeNe Leakes,46,United States,TV Personality,0.122452,8.25
NeNe Leakes,46,United States,TV Personality,0.066166,8.25
Antonio Sabato Jr.,42,Italy,Actor/Actress,0.059281,6.25
Antonio Sabato Jr.,42,Italy,Actor/Actress,0.073999,7.75
Antonio Sabato Jr.,42,Italy,Actor/Actress,0.074191,7.25
Antonio Sabato Jr.,42,Italy,Actor/Actress,0.098521,7.25
Antonio Sabato Jr.,42,Italy,Actor/Actress,0.090133,7.0
Antonio Sabato Jr.,42,Italy,Actor/Actress,0.106259,7.0
Antonio Sabato Jr.,42,Italy,Actor/Actress,0.033734,7.375
Jonathan Bennett,33,United States,Actor/Actress,0.088062,7.5
Jonathan Bennett,33,United States,Actor/Actress,0.089151,7.5
Jonathan Bennett,33,United States,Actor/Actress,0.10117,8.0
Jonathan Bennett,33,United States,Actor/Actress,0.101989,6.0
Jonathan Bennett,33,United States,Actor/Actress,0.096253,6.0
Jonathan Bennett,33,United States,Actor/Actress,0.002337,8.0
Lea Thompson,53,United States,Actor/Actress,0.094547,8.0
Lea Thompson,53,United States,Actor/Actress,0.102887,8.75
Lea Thompson,53,United States,Actor/Actress,0.098204,7.75
Lea Thompson,53,United States,Actor/Actress,0.128003,9.75
Lea Thompson,53,United States,Actor/Actress,0.134192,8.5
Lea Thompson,53,United States,Actor/Actress,0.132645,8.0
Lea Thompson,53,United States,Actor/Actress,0.14965,8.75
Lea Thompson,53,United States,Actor/Actress,0.141707,8.0
Lea Thompson,53,United States,Actor/Actress,0.003382,8.75
Janel Parrish,25,United States,Actor/Actress,0.085514,7.25
Janel Parrish,25,United States,Actor/Actress,0.101611,8.5
Janel Parrish,25,United States,Actor/Actress,0.125759,10.0
Janel Parrish,25,United States,Actor/Actress,0.117938,9.0
Janel Parrish,25,United States,Actor/Actress,0.130685,8.25
Janel Parrish,25,United States,Actor/Actress,0.122065,8.25
Janel Parrish,25,United States,Actor/Actress,0.143328,8.375
Janel Parrish,25,United States,Actor/Actress,0.187461,10.75
Janel Parrish,25,United States,Actor/Actress,0.213442,9.625
Janel Parrish,25,United States,Actor/Actress,0.236021,9.75
Janel Parrish,25,United States,Actor/Actress,0.251469,9.74995
Alfonso Ribeiro,42,United States,Actor/Actress,0.104828,9.0
Alfonso Ribeiro,42,United States,Actor/Actress,0.094854,8.0
Alfonso Ribeiro,42,United States,Actor/Actress,0.101346,8.0
Alfonso Ribeiro,42,United States,Actor/Actress,0.130581,10.0
Alfonso Ribeiro,42,United States,Actor/Actress,0.134468,8.5
Alfonso Ribeiro,42,United States,Actor/Actress,0.14118,9.75
Alfonso Ribeiro,42,United States,Actor/Actress,0.145051,8.5
Alfonso Ribeiro,42,United States,Actor/Actress,0.180044,10.25
Alfonso Ribeiro,42,United States,Actor/Actress,0.212245,9.625
Alfonso Ribeiro,42,United States,Actor/Actress,0.228256,9.375
Alfonso Ribeiro,42,United States,Actor/Actress,0.255775,10.0
Lolo Jones,32,United States,Athlete,0.002631,5.5
Randy Couture,51,United States,Athlete,0.089369,7.75
Randy Couture,51,United States,Athlete,0.08598,7.0
Randy Couture,51,United States,Athlete,0.019236,6.5
Tommy Chong,76,Canada,Comedian,0.061336,6.75
Tommy Chong,76,Canada,Comedian,0.081864,7.0
Tommy Chong,76,Canada,Comedian,0.083453,8.5
Tommy Chong,76,Canada,Comedian,0.091485,7.0
Tommy Chong,76,Canada,Comedian,0.071808,5.75
Tommy Chong,76,Canada,Comedian,0.102166,7.0
Tommy Chong,76,Canada,Comedian,0.100595,7.5
Tommy Chong,76,Canada,Comedian,0.099421,7.25
Tommy Chong,76,Canada,Comedian,0.164119,7.125
Tommy Chong,76,Canada,Comedian,0.085951,7.75
Betsey Johnson,72,United States,Fashion Designer,0.070822,5.0
Betsey Johnson,72,United States,Fashion Designer,0.090808,7.0
Betsey Johnson,72,United States,Fashion Designer,0.086641,7.25
Betsey Johnson,72,United States,Fashion Designer,0.002181,7.25
Michael Waltrip,51,United States,Racing Driver,0.071593,6.25
Michael Waltrip,51,United States,Racing Driver,0.087707,6.0
Michael Waltrip,51,United States,Racing Driver,0.085553,7.0
Michael Waltrip,51,United States,Racing Driver,0.102189,6.25
Michael Waltrip,51,United States,Racing Driver,0.078029,5.0
Michael Waltrip,51,United States,Racing Driver,0.136861,7.5
Michael Waltrip,51,United States,Racing Driver,0.138901,7.0
Michael Waltrip,51,United States,Racing Driver,0.053445,6.25
Tavis Smiley,50,United States,Radio Personality,0.081411,7.25
Tavis Smiley,50,United States,Radio Personality,0.002032,7.0
Bethany Mota,18,United States,Social Media Personality,0.094612,8.0
Bethany Mota,18,United States,Social Media Personality,0.099188,8.25
Bethany Mota,18,United States,Social Media Personality,0.126767,10.0
Bethany Mota,18,United States,Social Media Personality,0.110311,8.25
Bethany Mota,18,United States,Social Media Personality,0.12786,8.0
Bethany Mota,18,United States,Social Media Personality,0.13273,9.0
Bethany Mota,18,United States,Social Media Personality,0.160481,9.375
Bethany Mota,18,United States,Social Media Personality,0.177149,10.0
Bethany Mota,18,United States,Social Media Personality,0.210704,9.25
Bethany Mota,18,United States,Social Media Personality,0.233229,9.5
Bethany Mota,18,United States,Social Media Personality,0.247306,9.5
Sadie Robertson,17,United States,TV Personality,0.095995,8.5
Sadie Robertson,17,United States,TV Personality,0.089918,7.75
Sadie Robertson,17,United States,TV Personality,0.097681,8.0
Sadie Robertson,17,United States,TV Personality,0.116801,9.25
Sadie Robertson,17,United States,TV Personality,0.136572,9.0
Sadie Robertson,17,United States,TV Personality,0.123757,8.75
Sadie Robertson,17,United States,TV Personality,0.12826,7.75
Sadie Robertson,17,United States,TV Personality,0.160774,9.5
Sadie Robertson,17,United States,TV Personality,0.196109,9.125
Sadie Robertson,17,United States,TV Personality,0.216544,9.25
Sadie Robertson,17,United States,TV Personality,0.24545,9.8333
Suzanne Somers,68,United States,Actor/Actress,0.08291,6.25
Suzanne Somers,68,United States,Actor/Actress,0.10252,7.0
Suzanne Somers,68,United States,Actor/Actress,0.089093,6.25
Suzanne Somers,68,United States,Actor/Actress,0.121714,7.0
Suzanne Somers,68,United States,Actor/Actress,0.00273,7.0
Willow Shields,14,United States,Actor/Actress,0.083215,6.25
Willow Shields,14,United States,Actor/Actress,0.092573,8.0
Willow Shields,14,United States,Actor/Actress,0.113744,8.0
Willow Shields,14,United States,Actor/Actress,0.13099,9.75
Willow Shields,14,United States,Actor/Actress,0.130543,8.5
Willow Shields,14,United States,Actor/Actress,0.148205,9.125
Willow Shields,14,United States,Actor/Actress,0.002147,9.75
Riker Lynch,23,United States,Actor/Actress,0.102108,7.75
Riker Lynch,23,United States,Actor/Actress,0.092962,8.0
Riker Lynch,23,United States,Actor/Actress,0.121006,8.5
Riker Lynch,23,United States,Actor/Actress,0.115044,8.5
Riker Lynch,23,United States,Actor/Actress,0.142509,9.5
Riker Lynch,23,United States,Actor/Actress,0.15418,9.5
Riker Lynch,23,United States,Actor/Actress,0.195451,9.25
Riker Lynch,23,United States,Actor/Actress,0.21218,9.75
Riker Lynch,23,United States,Actor/Actress,0.27344,10.0
Riker Lynch,23,United States,Actor/Actress,0.345575,10.0
Rumer Willis,26,United States,Actor/Actress,0.105209,8.0
Rumer Willis,26,United States,Actor/Actress,0.092311,8.0
Rumer Willis,26,United States,Actor/Actress,0.1169,8.25
Rumer Willis,26,United States,Actor/Actress,0.117334,8.75
Rumer Willis,26,United States,Actor/Actress,0.143246,9.75
Rumer Willis,26,United States,Actor/Actress,0.143681,8.875
Rumer Willis,26,United States,Actor/Actress,0.195465,9.25
Rumer Willis,26,United States,Actor/Actress,0.217592,10.0
Rumer Willis,26,United States,Actor/Actress,0.290566,9.75
Rumer Willis,26,United States,Actor/Actress,0.345837,10.0
Nastia Liukin,25,Russia,Athlete,0.078244,7.5
Nastia Liukin,25,Russia,Athlete,0.075903,8.5
Nastia Liukin,25,Russia,Athlete,0.094685,8.5
Nastia Liukin,25,Russia,Athlete,0.096391,9.0
Nastia Liukin,25,Russia,Athlete,0.112302,9.5
Nastia Liukin,25,Russia,Athlete,0.117737,9.125
Nastia Liukin,25,Russia,Athlete,0.131588,10.25
Nastia Liukin,25,Russia,Athlete,0.164924,9.5
Nastia Liukin,25,Russia,Athlete,0.163557,10.0
Michael Sam,25,United States,Athlete,0.084752,6.5
Michael Sam,25,United States,Athlete,0.100623,7.0
Michael Sam,25,United States,Athlete,0.084522,6.0
Michael Sam,25,United States,Athlete,0.002241,7.5
Robert Herjavec,52,Croatia,Entrepreneur,0.07091,7.0
Robert Herjavec,52,Croatia,Entrepreneur,0.078098,7.0
Robert Herjavec,52,Croatia,Entrepreneur,0.078681,7.25
Robert Herjavec,52,Croatia,Entrepreneur,0.088317,8.5
Robert Herjavec,52,Croatia,Entrepreneur,0.088689,6.0
Robert Herjavec,52,Croatia,Entrepreneur,0.135136,8.375
Robert Herjavec,52,Croatia,Entrepreneur,0.124743,7.75
Robert Herjavec,52,Croatia,Entrepreneur,0.092886,7.75
Charlotte McKinney,21,United States,Model,0.071487,5.5
Charlotte McKinney,21,United States,Model,0.092538,6.5
Charlotte McKinney,21,United States,Model,0.019496,5.5
Noah Galloway,33,United States,Motivational Speaker,0.083091,6.5
Noah Galloway,33,United States,Motivational Speaker,0.095145,6.75
Noah Galloway,33,United States,Motivational Speaker,0.10297,7.5
Noah Galloway,33,United States,Motivational Speaker,0.104199,8.0
Noah Galloway,33,United States,Motivational Speaker,0.124285,7.0
Noah Galloway,33,United States,Motivational Speaker,0.161413,8.5
Noah Galloway,33,United States,Motivational Speaker,0.193072,9.5
Noah Galloway,33,United States,Motivational Speaker,0.178919,7.875
Noah Galloway,33,United States,Motivational Speaker,0.272437,9.5
Noah Galloway,33,United States,Motivational Speaker,0.308589,9.0
Redfoo,39,United States,Singer/Rapper,0.072758,5.5
Redfoo,39,United States,Singer/Rapper,0.001848,7.75
Patti LaBelle,70,United States,Singer/Rapper,0.082329,6.25
Patti LaBelle,70,United States,Singer/Rapper,0.101501,7.0
Patti LaBelle,70,United States,Singer/Rapper,0.082803,5.5
Patti LaBelle,70,United States,Singer/Rapper,0.11089,7.5
Patti LaBelle,70,United States,Singer/Rapper,0.129737,6.75
Patti LaBelle,70,United States,Singer/Rapper,0.002436,8.5
Chris Soules,33,United States,TV Personality,0.082987,6.5
Chris Soules,33,United States,TV Personality,0.073978,5.25
Chris Soules,33,United States,TV Personality,0.0961,7.0
Chris Soules,33,United States,TV Personality,0.112881,6.75
Chris Soules,33,United States,TV Personality,0.125959,6.75
Chris Soules,33,United States,TV Personality,0.137212,8.75
Chris Soules,33,United States,TV Personality,0.157535,7.75
Chris Soules,33,United States,TV Personality,0.133499,8.0
Gary Busey,71,United States,Actor/Actress,0.063234,5.0
Gary Busey,71,United States,Actor/Actress,0.074425,5.5
Gary Busey,71,United States,Actor/Actress,0.085711,6.25
Gary Busey,71,United States,Actor/Actress,0.026547,5.333333
Alexa PenaVega,27,United States,Actor/Actress,0.091681,7.333333
Alexa PenaVega,27,United States,Actor/Actress,0.09191,7.666667
Alexa PenaVega,27,United States,Actor/Actress,0.120745,9.0
Alexa PenaVega,27,United States,Actor/Actress,0.097185,7.0
Alexa PenaVega,27,United States,Actor/Actress,0.136803,10.0
Alexa PenaVega,27,United States,Actor/Actress,0.104875,7.5
Alexa PenaVega,27,United States,Actor/Actress,0.157126,9.166667
Alexa PenaVega,27,United States,Actor/Actress,0.156574,8.999933
Alexa PenaVega,27,United States,Actor/Actress,0.1805,10.0
Carlos PenaVega,26,United States,Actor/Actress,0.09579,7.666667
Carlos PenaVega,26,United States,Actor/Actress,0.089737,7.5
Carlos PenaVega,26,United States,Actor/Actress,0.104793,7.75
Carlos PenaVega,26,United States,Actor/Actress,0.114471,8.333333
Carlos PenaVega,26,United States,Actor/Actress,0.133888,9.75
Carlos PenaVega,26,United States,Actor/Actress,0.131972,9.5
Carlos PenaVega,26,United States,Actor/Actress,0.143177,9.333333
Carlos PenaVega,26,United States,Actor/Actress,0.16722,9.6666
Carlos PenaVega,26,United States,Actor/Actress,0.1901,9.0
Carlos PenaVega,26,United States,Actor/Actress,0.281764,10.5
Carlos PenaVega,26,United States,Actor/Actress,0.270759,10.0
Victor Espinoza,43,Mexico,Athlete,0.049979,5.0
Victor Espinoza,43,Mexico,Athlete,0.0461,6.166667
Alek Skarlatos,22,United States,Military,0.089306,7.333333
Alek Skarlatos,22,United States,Military,0.086941,7.5
Alek Skarlatos,22,United States,Military,0.108284,8.25
Alek Skarlatos,22,United States,Military,0.107173,8.0
Alek Skarlatos,22,United States,Military,0.097496,7.25
Alek Skarlatos,22,United States,Military,0.10187,7.5
Alek Skarlatos,22,United States,Military,0.147156,8.833333
Alek Skarlatos,22,United States,Military,0.140725,8.333333
Alek Skarlatos,22,United States,Military,0.175307,8.5
Alek Skarlatos,22,United States,Military,0.252029,9.5
Alek Skarlatos,22,United States,Military,0.247888,9.3333
Chaka Khan,62,United States,Singer/Rapper,0.054672,4.333333
Chaka Khan,62,United States,Singer/Rapper,0.042405,5.0
Andy Grammer,31,United States,Singer/Rapper,0.086582,7.0
Andy Grammer,31,United States,Singer/Rapper,0.087001,7.333333
Andy Grammer,31,United States,Singer/Rapper,0.097473,7.25
Andy Grammer,31,United States,Singer/Rapper,0.104985,7.666667
Andy Grammer,31,United States,Singer/Rapper,0.122572,9.0
Andy Grammer,31,United States,Singer/Rapper,0.137032,10.0
Andy Grammer,31,United States,Singer/Rapper,0.144457,9.333333
Andy Grammer,31,United States,Singer/Rapper,0.062996,7.999933
Tamar Braxton,38,United States,Singer/Rapper,0.094633,7.666667
Tamar Braxton,38,United States,Singer/Rapper,0.096387,8.166667
Tamar Braxton,38,United States,Singer/Rapper,0.11029,8.25
Tamar Braxton,38,United States,Singer/Rapper,0.122761,9.0
Tamar Braxton,38,United States,Singer/Rapper,0.099475,7.25
Tamar Braxton,38,United States,Singer/Rapper,0.137431,10.0
Tamar Braxton,38,United States,Singer/Rapper,0.153004,9.0
Tamar Braxton,38,United States,Singer/Rapper,0.160393,9.333333
Tamar Braxton,38,United States,Singer/Rapper,0.099783,8.166667
Nick Carter,35,United States,Singer/Rapper,0.09885,8.0
Nick Carter,35,United States,Singer/Rapper,0.08891,7.5
Nick Carter,35,United States,Singer/Rapper,0.119676,9.0
Nick Carter,35,United States,Singer/Rapper,0.122231,9.0
Nick Carter,35,United States,Singer/Rapper,0.119387,8.75
Nick Carter,35,United States,Singer/Rapper,0.134121,9.75
Nick Carter,35,United States,Singer/Rapper,0.152892,9.0
Nick Carter,35,United States,Singer/Rapper,0.187212,11.0
Nick Carter,35,United States,Singer/Rapper,0.191373,9.166667
Nick Carter,35,United States,Singer/Rapper,0.243308,9.0
Nick Carter,35,United States,Singer/Rapper,0.26711,10.0
Hayes Grier,15,United States,Social Media Personality,0.088224,7.0
Hayes Grier,15,United States,Social Media Personality,0.090885,7.5
Hayes Grier,15,United States,Social Media Personality,0.102822,7.5
Hayes Grier,15,United States,Social Media Personality,0.124991,9.0
Hayes Grier,15,United States,Social Media Personality,0.104948,7.5
Hayes Grier,15,United States,Social Media Personality,0.112827,8.0
Hayes Grier,15,United States,Social Media Personality,0.001828,9.333333
Bindi Irwin,17,Australia,TV Personality,0.076884,8.0
Bindi Irwin,17,Australia,TV Personality,0.074041,8.0
Bindi Irwin,17,Australia,TV Personality,0.083756,8.0
Bindi Irwin,17,Australia,TV Personality,0.098947,9.333333
Bindi Irwin,17,Australia,TV Personality,0.098403,9.25
Bindi Irwin,17,Australia,TV Personality,0.107228,10.0
Bindi Irwin,17,Australia,TV Personality,0.100358,9.666667
Bindi Irwin,17,Australia,TV Personality,0.124879,9.333333
Bindi Irwin,17,Australia,TV Personality,0.162937,10.0
Bindi Irwin,17,Australia,TV Personality,0.222899,10.5
Bindi Irwin,17,Australia,TV Personality,0.214242,10.0
Kim Zolciak-Biermann,37,United States,TV Personality,0.049197,4.0
Kim Zolciak-Biermann,37,United States,TV Personality,0.058331,6.166667
Paula Deen,68,United States,TV Personality,0.060969,5.0
Paula Deen,68,United States,TV Personality,0.072926,6.166667
Paula Deen,68,United States,TV Personality,0.06645,5.0
Paula Deen,68,United States,TV Personality,0.080708,6.0
Paula Deen,68,United States,TV Personality,0.087028,6.5
Paula Deen,68,United States,TV Personality,0.032643,6.0
Mischa Barton,30,England,Actor/Actress,0.056586,5.333333
Mischa Barton,30,England,Actor/Actress,0.055066,5.0
Mischa Barton,30,England,Actor/Actress,0.02037,6.0
Kim Fields,46,United States,Actor/Actress,0.087063,6.666667
Kim Fields,46,United States,Actor/Actress,0.086658,6.333333
Kim Fields,46,United States,Actor/Actress,0.100876,7.333333
Kim Fields,46,United States,Actor/Actress,0.107349,8.0
Kim Fields,46,United States,Actor/Actress,0.103523,7.0
Kim Fields,46,United States,Actor/Actress,0.113912,8.0
Kim Fields,46,United States,Actor/Actress,0.083537,8.666667
Jodie Sweetin,34,United States,Actor/Actress,0.087197,6.666667
Jodie Sweetin,34,United States,Actor/Actress,0.095652,7.0
Jodie Sweetin,34,United States,Actor/Actress,0.105234,7.666667
Jodie Sweetin,34,United States,Actor/Actress,0.115726,6.75
Jodie Sweetin,34,United States,Actor/Actress,0.128129,8.75
Jodie Sweetin,34,United States,Actor/Actress,0.119048,8.333333
Jodie Sweetin,34,United States,Actor/Actress,0.158998,8.5
Jodie Sweetin,34,United States,Actor/Actress,0.002203,10.0
Doug Flutie,53,United States,Athlete,0.065114,5.0
Doug Flutie,53,United States,Athlete,0.089581,6.666667
Doug Flutie,53,United States,Athlete,0.089988,6.666667
Doug Flutie,53,United States,Athlete,0.100924,6.0
Doug Flutie,53,United States,Athlete,0.10201,7.0
Doug Flutie,53,United States,Athlete,0.038347,7.0
Von Miller,27,United States,Athlete,0.089729,7.0
Von Miller,27,United States,Athlete,0.089625,6.666667
Von Miller,27,United States,Athlete,0.089645,6.666667
Von Miller,27,United States,Athlete,0.104515,8.0
Von Miller,27,United States,Athlete,0.10529,7.25
Von Miller,27,United States,Athlete,0.112284,8.0
Von Miller,27,United States,Athlete,0.079067,8.666667
Antonio Brown,27,United States,Athlete,0.089804,7.0
Antonio Brown,27,United States,Athlete,0.085218,6.333333
Antonio Brown,27,United States,Athlete,0.089766,6.666667
Antonio Brown,27,United States,Athlete,0.113947,8.75
Antonio Brown,27,United States,Athlete,0.094875,6.5
Antonio Brown,27,United States,Athlete,0.125922,9.0
Antonio Brown,27,United States,Athlete,0.143332,8.666667
Antonio Brown,27,United States,Athlete,0.196703,9.0
Antonio Brown,27,United States,Athlete,0.118715,9.166667
Paige VanZant,22,United States,Athlete,0.089655,7.0
Paige VanZant,22,United States,Athlete,0.106431,8.0
Paige VanZant,22,United States,Athlete,0.102363,7.666667
Paige VanZant,22,United States,Athlete,0.116943,9.0
Paige VanZant,22,United States,Athlete,0.112059,7.75
Paige VanZant,22,United States,Athlete,0.129479,9.333333
Paige VanZant,22,United States,Athlete,0.134433,9.166667
Paige VanZant,22,United States,Athlete,0.203945,9.333333
Paige VanZant,22,United States,Athlete,0.236758,9.833333
Paige VanZant,22,United States,Athlete,0.343535,9.888867
Geraldo Rivera,72,United States,Journalist,0.055109,4.333333
Geraldo Rivera,72,United States,Journalist,0.016665,4.333333
Nyle DiMarco,26,United States,Model,0.097202,7.666667
Nyle DiMarco,26,United States,Model,0.088513,6.666667
Nyle DiMarco,26,United States,Model,0.110154,8.333333
Nyle DiMarco,26,United States,Model,0.10953,8.5
Nyle DiMarco,26,United States,Model,0.131842,9.25
Nyle DiMarco,26,United States,Model,0.115767,8.333333
Nyle DiMarco,26,United States,Model,0.134826,9.333333
Nyle DiMarco,26,United States,Model,0.209114,9.666667
Nyle DiMarco,26,United States,Model,0.227696,9.5
Nyle DiMarco,26,United States,Model,0.334337,9.6666
Ginger Zee,35,United States,News Anchor,0.095093,7.666667
Ginger Zee,35,United States,News Anchor,0.091148,7.0
Ginger Zee,35,United States,News Anchor,0.090967,7.0
Ginger Zee,35,United States,News Anchor,0.113438,9.0
Ginger Zee,35,United States,News Anchor,0.112298,8.0
Ginger Zee,35,United States,News Anchor,0.109228,8.0
Ginger Zee,35,United States,News Anchor,0.130484,9.166667
Ginger Zee,35,United States,News Anchor,0.204112,10.0
Ginger Zee,35,United States,News Anchor,0.220751,9.333333
Ginger Zee,35,United States,News Anchor,0.322128,9.4444
Wanya Morris,42,United States,Singer/Rapper,0.099189,7.666667
Wanya Morris,42,United States,Singer/Rapper,0.107731,8.0
Wanya Morris,42,United States,Singer/Rapper,0.108185,8.0
Wanya Morris,42,United States,Singer/Rapper,0.115304,8.75
Wanya Morris,42,United States,Singer/Rapper,0.109973,7.5
Wanya Morris,42,United States,Singer/Rapper,0.136011,9.666667
Wanya Morris,42,United States,Singer/Rapper,0.135323,9.166667
Wanya Morris,42,United States,Singer/Rapper,0.183923,8.333333
Wanya Morris,42,United States,Singer/Rapper,0.19608,10.0
Marla Maples,52,United States,TV Personality,0.08826,7.0
Marla Maples,52,United States,TV Personality,0.087712,6.666667
Marla Maples,52,United States,TV Personality,0.092453,7.0
Marla Maples,52,United States,TV Personality,0.002324,7.0
Jake T. Austin,21,United States,Actor/Actress,0.06966,5.5
Jake T. Austin,21,United States,Actor/Actress,0.002513,6.0
Maureen McCormick,60,United States,Actor/Actress,0.069375,5.5
Maureen McCormick,60,United States,Actor/Actress,0.078846,6.5
Maureen McCormick,60,United States,Actor/Actress,0.094298,7.0
Maureen McCormick,60,United States,Actor/Actress,0.09948,8.0
Maureen McCormick,60,United States,Actor/Actress,0.109287,8.0
Maureen McCormick,60,United States,Actor/Actress,0.112825,7.75
Maureen McCormick,60,United States,Actor/Actress,0.007781,8.25
Marilu Henner,64,United States,Actor/Actress,0.084856,6.75
Marilu Henner,64,United States,Actor/Actress,0.082321,6.75
Marilu Henner,64,United States,Actor/Actress,0.094524,7.0
Marilu Henner,64,United States,Actor/Actress,0.092427,7.0
Marilu Henner,64,United States,Actor/Actress,0.12254,9.0
Marilu Henner,64,United States,Actor/Actress,0.123121,8.5
Marilu Henner,64,United States,Actor/Actress,0.166343,8.0
Marilu Henner,64,United States,Actor/Actress,0.168228,7.666667
Marilu Henner,64,United States,Actor/Actress,0.003104,9.0
Ryan Lochte,32,United States,Athlete,0.074292,6.0
Ryan Lochte,32,United States,Athlete,0.083008,6.0
Ryan Lochte,32,United States,Athlete,0.083318,6.25
Ryan Lochte,32,United States,Athlete,0.094801,7.333333
Ryan Lochte,32,United States,Athlete,0.107404,8.0
Ryan Lochte,32,United States,Athlete,0.10657,7.5
Ryan Lochte,32,United States,Athlete,0.154194,8.25
Ryan Lochte,32,United States,Athlete,0.002455,8.666667
Calvin Johnson Jr.,30,United States,Athlete,0.080279,6.5
Calvin Johnson Jr.,30,United States,Athlete,0.082895,7.0
Calvin Johnson Jr.,30,United States,Athlete,0.104257,8.0
Calvin Johnson Jr.,30,United States,Athlete,0.096718,7.666667
Calvin Johnson Jr.,30,United States,Athlete,0.106929,8.0
Calvin Johnson Jr.,30,United States,Athlete,0.131484,9.25
Calvin Johnson Jr.,30,United States,Athlete,0.146284,9.25
Calvin Johnson Jr.,30,United States,Athlete,0.165224,10.0
Calvin Johnson Jr.,30,United States,Athlete,0.192444,9.25
Calvin Johnson Jr.,30,United States,Athlete,0.266704,9.333333
Calvin Johnson Jr.,30,United States,Athlete,0.263703,9.583275
Laurie Hernandez,16,United States,Athlete,0.095027,7.75
Laurie Hernandez,16,United States,Athlete,0.09478,8.0
Laurie Hernandez,16,United States,Athlete,0.10172,7.75
Laurie Hernandez,16,United States,Athlete,0.121254,10.0
Laurie Hernandez,16,United States,Athlete,0.111253,8.333333
Laurie Hernandez,16,United States,Athlete,0.132214,9.25
Laurie Hernandez,16,United States,Athlete,0.136742,8.625
Laurie Hernandez,16,United States,Athlete,0.179019,11.0
Laurie Hernandez,16,United States,Athlete,0.207435,10.0
Laurie Hernandez,16,United States,Athlete,0.231206,10.0
Laurie Hernandez,16,United States,Athlete,0.27104,9.8333
Amber Rose,32,United States,Model,0.073653,6.0
Amber Rose,32,United States,Model,0.083678,6.0
Amber Rose,32,United States,Model,0.082069,6.25
Amber Rose,32,United States,Model,0.096533,8.0
Amber Rose,32,United States,Model,0.106538,8.0
Amber Rose,32,United States,Model,0.039034,7.0
Rick Perry,66,United States,Politician,0.059199,5.0
Rick Perry,66,United States,Politician,0.079017,5.5
Rick Perry,66,United States,Politician,0.018639,5.75
James Hinchcliffe,29,Canada,Racing Driver,0.074961,7.75
James Hinchcliffe,29,Canada,Racing Driver,0.067886,7.25
James Hinchcliffe,29,Canada,Racing Driver,0.075512,7.25
James Hinchcliffe,29,Canada,Racing Driver,0.089393,9.333333
James Hinchcliffe,29,Canada,Racing Driver,0.101911,9.666667
James Hinchcliffe,29,Canada,Racing Driver,0.106655,9.5
James Hinchcliffe,29,Canada,Racing Driver,0.116107,9.25
James Hinchcliffe,29,Canada,Racing Driver,0.150739,11.6666
James Hinchcliffe,29,Canada,Racing Driver,0.195551,9.0
James Hinchcliffe,29,Canada,Racing Driver,0.220324,9.833333
James Hinchcliffe,29,Canada,Racing Driver,0.21518,9.74995
Babyface,57,United States,Singer/Rapper,0.080836,6.5
Babyface,57,United States,Singer/Rapper,0.089983,7.5
Babyface,57,United States,Singer/Rapper,0.083817,6.25
Babyface,57,United States,Singer/Rapper,0.038214,6.0
Vanilla Ice,48,United States,Singer/Rapper,0.078022,6.25
Vanilla Ice,48,United States,Singer/Rapper,0.078547,6.5
Vanilla Ice,48,United States,Singer/Rapper,0.078083,5.75
Vanilla Ice,48,United States,Singer/Rapper,0.074903,7.666667
Jana Kramer,32,United States,Singer/Rapper,0.084053,6.75
Jana Kramer,32,United States,Singer/Rapper,0.086649,7.25
Jana Kramer,32,United States,Singer/Rapper,0.086583,6.5
Jana Kramer,32,United States,Singer/Rapper,0.096672,7.666667
Jana Kramer,32,United States,Singer/Rapper,0.116572,8.666667
Jana Kramer,32,United States,Singer/Rapper,0.142986,10.0
Jana Kramer,32,United States,Singer/Rapper,0.138647,8.625
Jana Kramer,32,United States,Singer/Rapper,0.165519,10.0
Jana Kramer,32,United States,Singer/Rapper,0.20771,10.0
Jana Kramer,32,United States,Singer/Rapper,0.278998,9.666667
Jana Kramer,32,United States,Singer/Rapper,0.250077,8.875
Terra Jole,36,United States,TV Personality,0.075787,6.25
Terra Jole,36,United States,TV Personality,0.089877,7.75
Terra Jole,36,United States,TV Personality,0.097177,7.5
Terra Jole,36,United States,TV Personality,0.099605,8.333333
Terra Jole,36,United States,TV Personality,0.117566,9.0
Terra Jole,36,United States,TV Personality,0.105112,7.5
Terra Jole,36,United States,TV Personality,0.1339,8.625
Terra Jole,36,United States,TV Personality,0.168815,8.0
Terra Jole,36,United States,TV Personality,0.193756,9.5
Terra Jole,36,United States,TV Personality,0.002768,10.0
Charo,66,Spain,Actor/Actress,0.058044,5.25
Charo,66,Spain,Actor/Actress,0.066242,6.25
Charo,66,Spain,Actor/Actress,0.020549,6.0
Mr. T,64,United States,Actor/Actress,0.068684,5.0
Mr. T,64,United States,Actor/Actress,0.075628,5.5
Mr. T,64,United States,Actor/Actress,0.08255,6.0
Mr. T,64,United States,Actor/Actress,0.032221,7.0
Heather Morris,30,United States,Actor/Actress,0.094902,7.0
Heather Morris,30,United States,Actor/Actress,0.09905,7.5
Heather Morris,30,United States,Actor/Actress,0.112223,8.25
Heather Morris,30,United States,Actor/Actress,0.114899,8.75
Heather Morris,30,United States,Actor/Actress,0.117854,8.5
Heather Morris,30,United States,Actor/Actress,0.001876,9.25
Nancy Kerrigan,47,United States,Athlete,0.093625,7.0
Nancy Kerrigan,47,United States,Athlete,0.090616,7.0
Nancy Kerrigan,47,United States,Athlete,0.110001,8.25
Nancy Kerrigan,47,United States,Athlete,0.107073,8.25
Nancy Kerrigan,47,United States,Athlete,0.12101,9.0
Nancy Kerrigan,47,United States,Athlete,0.144121,8.375
Nancy Kerrigan,47,United States,Athlete,0.08556,9.0
Bonner Bolton,29,United States,Athlete,0.0739,5.5
Bonner Bolton,29,United States,Athlete,0.090937,7.0
Bonner Bolton,29,United States,Athlete,0.081239,6.0
Bonner Bolton,29,United States,Athlete,0.104131,8.0
Bonner Bolton,29,United States,Athlete,0.131221,7.5
Bonner Bolton,29,United States,Athlete,0.135709,7.875
Bonner Bolton,29,United States,Athlete,0.167348,7.75
Bonner Bolton,29,United States,Athlete,0.104551,7.25
Simone Biles,20,United States,Athlete,0.10603,8.0
Simone Biles,20,United States,Athlete,0.093553,7.25
Simone Biles,20,United States,Athlete,0.107078,8.0
Simone Biles,20,United States,Athlete,0.116236,9.0
Simone Biles,20,United States,Athlete,0.129386,9.5
Simone Biles,20,United States,Athlete,0.148586,8.625
Simone Biles,20,United States,Athlete,0.1607,9.75
Simone Biles,20,United States,Athlete,0.220515,9.0
Simone Biles,20,United States,Athlete,0.004244,10.0
David Ross,40,United States,Athlete,0.093508,7.0
David Ross,40,United States,Athlete,0.087384,6.75
David Ross,40,United States,Athlete,0.103104,7.75
David Ross,40,United States,Athlete,0.101276,7.75
David Ross,40,United States,Athlete,0.126775,7.25
David Ross,40,United States,Athlete,0.133614,7.75
David Ross,40,United States,Athlete,0.172711,8.0
David Ross,40,United States,Athlete,0.200915,8.125
David Ross,40,United States,Athlete,0.311736,8.75
David Ross,40,United States,Athlete,0.317359,9.083325
Rashad Jennings,32,United States,Athlete,0.102839,7.75
Rashad Jennings,32,United States,Athlete,0.103564,8.0
Rashad Jennings,32,United States,Athlete,0.09393,7.0
Rashad Jennings,32,United States,Athlete,0.125624,9.75
Rashad Jennings,32,United States,Athlete,0.125693,8.0
Rashad Jennings,32,United States,Athlete,0.150688,8.75
Rashad Jennings,32,United States,Athlete,0.161042,9.75
Rashad Jennings,32,United States,Athlete,0.230541,9.375
Rashad Jennings,32,United States,Athlete,0.342549,9.625
Rashad Jennings,32,United States,Athlete,0.341428,9.91665
Chris Kattan,46,United States,Comedian,0.05687,4.25
Chris Kattan,46,United States,Comedian,0.017067,5.5
Erika Jayne,45,United States,Singer/Rapper,0.081303,6.0
Erika Jayne,45,United States,Singer/Rapper,0.091968,7.0
Erika Jayne,45,United States,Singer/Rapper,0.088415,6.5
Erika Jayne,45,United States,Singer/Rapper,0.098741,7.5
Erika Jayne,45,United States,Singer/Rapper,0.002174,8.0
Normani,20,United States,Singer/Rapper,0.091128,6.75
Normani,20,United States,Singer/Rapper,0.10434,8.0
Normani,20,United States,Singer/Rapper,0.114731,8.5
Normani,20,United States,Singer/Rapper,0.104193,8.0
Normani,20,United States,Singer/Rapper,0.132948,9.75
Normani,20,United States,Singer/Rapper,0.156554,9.0
Normani,20,United States,Singer/Rapper,0.173405,10.5
Normani,20,United States,Singer/Rapper,0.243477,9.875
Normani,20,United States,Singer/Rapper,0.341471,9.5
Normani,20,United States,Singer/Rapper,0.341213,9.8333
Nick Viall,36,United States,TV Personality,0.079168,6.0
Nick Viall,36,United States,TV Personality,0.07965,6.25
Nick Viall,36,United States,TV Personality,0.086181,6.5
Nick Viall,36,United States,TV Personality,0.095605,7.5
Nick Viall,36,United States,TV Personality,0.11294,8.5
Nick Viall,36,United States,TV Personality,0.128852,7.625
Nick Viall,36,United States,TV Personality,0.079235,8.5
Sasha Pieterse,21,South Africa,Actor/Actress,0.064648,6.0
Sasha Pieterse,21,South Africa,Actor/Actress,0.0733,7.5
Sasha Pieterse,21,South Africa,Actor/Actress,0.067762,6.333333
Sasha Pieterse,21,South Africa,Actor/Actress,0.082074,8.0
Sasha Pieterse,21,South Africa,Actor/Actress,0.011141,8.0
Frankie Muniz,31,United States,Actor/Actress,0.084816,6.333333
Frankie Muniz,31,United States,Actor/Actress,0.097463,8.0
Frankie Muniz,31,United States,Actor/Actress,0.092691,7.0
Frankie Muniz,31,United States,Actor/Actress,0.10132,8.0
Frankie Muniz,31,United States,Actor/Actress,0.123371,9.666667
Frankie Muniz,31,United States,Actor/Actress,0.114791,7.75
Frankie Muniz,31,United States,Actor/Actress,0.157802,10.0
Frankie Muniz,31,United States,Actor/Actress,0.193547,8.833333
Frankie Muniz,31,United States,Actor/Actress,0.297518,8.5
Frankie Muniz,31,United States,Actor/Actress,0.26541,9.722175
Jordan Fisher,23,United States,Actor/Actress,0.09797,7.333333
Jordan Fisher,23,United States,Actor/Actress,0.096896,8.0
Jordan Fisher,23,United States,Actor/Actress,0.10952,8.333333
Jordan Fisher,23,United States,Actor/Actress,0.123604,9.666667
Jordan Fisher,23,United States,Actor/Actress,0.127483,10.0
Jordan Fisher,23,United States,Actor/Actress,0.143701,9.75
Jordan Fisher,23,United States,Actor/Actress,0.142739,9.0
Jordan Fisher,23,United States,Actor/Actress,0.215716,10.0
Jordan Fisher,23,United States,Actor/Actress,0.249089,9.666667
Jordan Fisher,23,United States,Actor/Actress,0.270794,10.0
Derek Fisher,43,United States,Athlete,0.07892,6.0
Derek Fisher,43,United States,Athlete,0.078711,6.333333
Derek Fisher,43,United States,Athlete,0.091173,7.0
Derek Fisher,43,United States,Athlete,0.002056,7.666667
Nikki Bella,33,United States,Athlete,0.087629,6.666667
Nikki Bella,33,United States,Athlete,0.081211,6.5
Nikki Bella,33,United States,Athlete,0.091001,7.0
Nikki Bella,33,United States,Athlete,0.099004,8.0
Nikki Bella,33,United States,Athlete,0.113571,9.0
Nikki Bella,33,United States,Athlete,0.130875,9.0
Nikki Bella,33,United States,Athlete,0.074838,8.0
Terrell Owens,43,United States,Athlete,0.066187,5.0
Terrell Owens,43,United States,Athlete,0.081308,6.5
Terrell Owens,43,United States,Athlete,0.0911,7.0
Terrell Owens,43,United States,Athlete,0.099597,8.0
Terrell Owens,43,United States,Athlete,0.104155,8.333333
Terrell Owens,43,United States,Athlete,0.134464,9.25
Terrell Owens,43,United States,Athlete,0.135537,8.166667
Terrell Owens,43,United States,Athlete,0.003306,8.5
Victoria Arlen,22,United States,Athlete,0.083103,6.333333
Victoria Arlen,22,United States,Athlete,0.087904,7.333333
Victoria Arlen,22,United States,Athlete,0.095234,7.333333
Victoria Arlen,22,United States,Athlete,0.111918,9.0
Victoria Arlen,22,United States,Athlete,0.112514,9.0
Victoria Arlen,22,United States,Athlete,0.112927,7.75
Victoria Arlen,22,United States,Athlete,0.148053,9.5
Victoria Arlen,22,United States,Athlete,0.227354,8.0
Victoria Arlen,22,United States,Athlete,0.003639,9.333333
Barbara Corcoran,68,United States,Entrepreneur,0.060435,4.666667
Barbara Corcoran,68,United States,Entrepreneur,0.026237,5.666667
Lindsey Stirling,31,United States,Musician,0.09325,7.333333
Lindsey Stirling,31,United States,Musician,0.086528,7.5
Lindsey Stirling,31,United States,Musician,0.112784,9.0
Lindsey Stirling,31,United States,Musician,0.104226,8.666667
Lindsey Stirling,31,United States,Musician,0.114021,9.333333
Lindsey Stirling,31,United States,Musician,0.140259,10.0
Lindsey Stirling,31,United States,Musician,0.136799,8.5
Lindsey Stirling,31,United States,Musician,0.185376,9.0
Lindsey Stirling,31,United States,Musician,0.234269,9.5
Lindsey Stirling,31,United States,Musician,0.260679,10.0
Debbie Gibson,47,United States,Singer/Rapper,0.07549,5.666667
Debbie Gibson,47,United States,Singer/Rapper,0.069874,6.833333
Nick Lachey,43,United States,Singer/Rapper,0.079861,6.0
Nick Lachey,43,United States,Singer/Rapper,0.079874,6.333333
Nick Lachey,43,United States,Singer/Rapper,0.091923,7.0
Nick Lachey,43,United States,Singer/Rapper,0.118204,7.333333
Nick Lachey,43,United States,Singer/Rapper,0.116531,7.333333
Nick Lachey,43,United States,Singer/Rapper,0.033892,6.5
Drew Scott,39,Canada,TV Personality,0.055476,5.333333
Drew Scott,39,Canada,TV Personality,0.067116,6.833333
Drew Scott,39,Canada,TV Personality,0.078448,7.666667
Drew Scott,39,Canada,TV Personality,0.079035,8.0
Drew Scott,39,Canada,TV Personality,0.082518,8.333333
Drew Scott,39,Canada,TV Personality,0.086443,7.5
Drew Scott,39,Canada,TV Personality,0.116225,9.5
Drew Scott,39,Canada,TV Personality,0.174702,7.833333
Drew Scott,39,Canada,TV Personality,0.215485,8.0
Drew Scott,39,Canada,TV Personality,0.203117,9.375
Vanessa Lachey,36,Philippines,TV Personality,0.072215,7.0
Vanessa Lachey,36,Philippines,TV Personality,0.073578,7.833333
Vanessa Lachey,36,Philippines,TV Personality,0.078363,7.666667
Vanessa Lachey,36,Philippines,TV Personality,0.078961,8.0
Vanessa Lachey,36,Philippines,TV Personality,0.094696,8.0
Vanessa Lachey,36,Philippines,TV Personality,0.102649,9.0
Vanessa Lachey,36,Philippines,TV Personality,0.088006,9.0
Jamie Anderson,27,United States,Athlete,0.054961,6.333333
Johnny Damon,44,United States,Athlete,0.052218,6.0
Kareem Abdul-Jabbar,71,United States,Athlete,0.109479,5.666667
Kareem Abdul-Jabbar,71,United States,Athlete,0.064543,7.375
Arike Ogunbowale,21,United States,Athlete,0.10103,6.666667
Arike Ogunbowale,21,United States,Athlete,0.118956,8.75
Jennie Finch Daigle,37,United States,Athlete,0.105389,7.0
Jennie Finch Daigle,37,United States,Athlete,0.12867,7.875
Jennie Finch Daigle,37,United States,Athlete,0.123691,7.25
Chris Mazdzer,29,United States,Athlete,0.105677,7.0
Chris Mazdzer,29,United States,Athlete,0.134937,8.25
Chris Mazdzer,29,United States,Athlete,0.140155,8.25
Mirai Nagasu,25,United States,Athlete,0.115399,7.666667
Mirai Nagasu,25,United States,Athlete,0.144533,9.25
Mirai Nagasu,25,United States,Athlete,0.152019,8.75
Tonya Harding,47,United States,Athlete,0.115736,7.666667
Tonya Harding,47,United States,Athlete,0.134862,8.25
Tonya Harding,47,United States,Athlete,0.182924,8.75
Tonya Harding,47,United States,Athlete,0.3285,9.333333
Josh Norman,30,United States,Athlete,0.11972,8.0
Josh Norman,30,United States,Athlete,0.128838,7.875
Josh Norman,30,United States,Athlete,0.193579,9.5
Josh Norman,30,United States,Athlete,0.333657,9.5
Adam Rippon,28,United States,Athlete,0.120391,8.0
Adam Rippon,28,United States,Athlete,0.144661,9.25
Adam Rippon,28,United States,Athlete,0.207632,10.25
Adam Rippon,28,United States,Athlete,0.337843,9.666667
Juan Pablo Di Pace,39,Argentina,Actor/Actress,0.075696,7.333333
Juan Pablo Di Pace,39,Argentina,Actor/Actress,0.08528,8.666667
Juan Pablo Di Pace,39,Argentina,Actor/Actress,0.097592,10.0
Juan Pablo Di Pace,39,Argentina,Actor/Actress,0.1035,8.0
Juan Pablo Di Pace,39,Argentina,Actor/Actress,0.110913,9.666667
Juan Pablo Di Pace,39,Argentina,Actor/Actress,0.114578,10.0
Juan Pablo Di Pace,39,Argentina,Actor/Actress,0.116305,9.333333
Juan Pablo Di Pace,39,Argentina,Actor/Actress,0.132242,10.0
Evanna Lynch,27,Ireland,Actor/Actress,0.06277,6.0
Evanna Lynch,27,Ireland,Actor/Actress,0.078757,8.0
Evanna Lynch,27,Ireland,Actor/Actress,0.087958,9.0
Evanna Lynch,27,Ireland,Actor/Actress,0.103545,8.0
Evanna Lynch,27,Ireland,Actor/Actress,0.09255,8.0
Evanna Lynch,27,Ireland,Actor/Actress,0.111857,9.666667
Evanna Lynch,27,Ireland,Actor/Actress,0.121938,9.833333
Evanna Lynch,27,Ireland,Actor/Actress,0.176758,9.666667
Evanna Lynch,27,Ireland,Actor/Actress,0.223995,10.0
Nancy McKeon,52,United States,Actor/Actress,0.084364,6.5
Nancy McKeon,52,United States,Actor/Actress,0.083828,6.833333
Nancy McKeon,52,United States,Actor/Actress,0.002105,7.333333
John Schneider,58,United States,Actor/Actress,0.078433,6.0
John Schneider,58,United States,Actor/Actress,0.088452,7.166667
John Schneider,58,United States,Actor/Actress,0.109559,7.0
John Schneider,58,United States,Actor/Actress,0.11328,7.0
John Schneider,58,United States,Actor/Actress,0.114944,8.0
John Schneider,58,United States,Actor/Actress,0.117211,6.333333
John Schneider,58,United States,Actor/Actress,0.080622,9.0
Milo Manheim,17,United States,Actor/Actress,0.086948,6.666667
Milo Manheim,17,United States,Actor/Actress,0.105462,8.666667
Milo Manheim,17,United States,Actor/Actress,0.108615,9.0
Milo Manheim,17,United States,Actor/Actress,0.122095,9.666667
Milo Manheim,17,United States,Actor/Actress,0.128404,9.0
Milo Manheim,17,United States,Actor/Actress,0.142157,10.0
Milo Manheim,17,United States,Actor/Actress,0.149998,9.666667
Milo Manheim,17,United States,Actor/Actress,0.208373,9.166667
Milo Manheim,17,United States,Actor/Actress,0.272954,10.0
Danelle Umstead,46,United States,Athlete,0.076387,6.0
Danelle Umstead,46,United States,Athlete,0.002454,6.166667
Mary Lou Retton,50,United States,Athlete,0.084951,6.666667
Mary Lou Retton,50,United States,Athlete,0.092484,7.666667
Mary Lou Retton,50,United States,Athlete,0.095821,8.0
Mary Lou Retton,50,United States,Athlete,0.122791,8.666667
Mary Lou Retton,50,United States,Athlete,0.117296,8.333333
Mary Lou Retton,50,United States,Athlete,0.002242,8.0
DeMarcus Ware,36,United States,Athlete,0.097635,7.666667
DeMarcus Ware,36,United States,Athlete,0.09405,7.833333
DeMarcus Ware,36,United States,Athlete,0.103788,8.666667
DeMarcus Ware,36,United States,Athlete,0.116373,7.333333
DeMarcus Ware,36,United States,Athlete,0.121663,8.666667
DeMarcus Ware,36,United States,Athlete,0.122387,8.666667
DeMarcus Ware,36,United States,Athlete,0.074433,8.833333
Nikki Glaser,34,United States,Comedian,0.002675,5.833333
Bobby Bones,38,United States,Radio Personality,0.082744,6.666667
Bobby Bones,38,United States,Radio Personality,0.075965,6.5
Bobby Bones,38,United States,Radio Personality,0.089543,7.666667
Bobby Bones,38,United States,Radio Personality,0.102716,6.666667
Bobby Bones,38,United States,Radio Personality,0.096339,7.0
Bobby Bones,38,United States,Radio Personality,0.129338,7.333333
Bobby Bones,38,United States,Radio Personality,0.162133,8.833333
Bobby Bones,38,United States,Radio Personality,0.19657,7.5
Bobby Bones,38,United States,Radio Personality,0.239445,9.0
Tinashe,25,United States,Singer/Rapper,0.097639,7.666667
Tinashe,25,United States,Singer/Rapper,0.104837,8.666667
Tinashe,25,United States,Singer/Rapper,0.107949,9.0
Tinashe,25,United States,Singer/Rapper,0.001825,8.666667
Alexis Ren,21,United States,Social Media Personality,0.095704,7.333333
Alexis Ren,21,United States,Social Media Personality,0.100454,8.166667
Alexis Ren,21,United States,Social Media Personality,0.106763,8.666667
Alexis Ren,21,United States,Social Media Personality,0.136083,8.333333
Alexis Ren,21,United States,Social Media Personality,0.138531,9.666667
Alexis Ren,21,United States,Social Media Personality,0.129603,9.0
Alexis Ren,21,United States,Social Media Personality,0.143301,9.166667
Alexis Ren,21,United States,Social Media Personality,0.221082,9.666667
Alexis Ren,21,United States,Social Media Personality,0.263605,9.5
Joe Amabile,32,United States,TV Personality,0.074053,4.666667
Joe Amabile,32,United States,TV Personality,0.087977,5.833333
Joe Amabile,32,United States,TV Personality,0.090308,6.0
Joe Amabile,32,United States,TV Personality,0.077791,5.0
Joe Amabile,32,United States,TV Personality,0.07936,5.666667
Joe Amabile,32,United States,TV Personality,0.130627,7.333333
Joe Amabile,32,United States,TV Personality,0.151268,7.833333
Joe Amabile,32,United States,TV Personality,0.064974,7.666667
Kate Flannery,55,United States,Actor/Actress,0.07803,5.0
Kate Flannery,55,United States,Actor/Actress,0.104053,7.0
Kate Flannery,55,United States,Actor/Actress,0.122526,8.0
Kate Flannery,55,United States,Actor/Actress,0.105159,6.5
Kate Flannery,55,United States,Actor/Actress,0.113675,8.0
Kate Flannery,55,United States,Actor/Actress,0.111111,9.0
Kate Flannery,55,United States,Actor/Actress,0.072185,8.0
Kate Flannery,55,United States,Actor/Actress,0.003209,8.6666
James Van Der Beek,42,United States,Actor/Actress,0.107629,7.0
James Van Der Beek,42,United States,Actor/Actress,0.098979,6.666667
James Van Der Beek,42,United States,Actor/Actress,0.117808,7.666667
James Van Der Beek,42,United States,Actor/Actress,0.100689,7.0
James Van Der Beek,42,United States,Actor/Actress,0.122873,8.666667
James Van Der Beek,42,United States,Actor/Actress,0.111111,9.0
James Van Der Beek,42,United States,Actor/Actress,0.171198,9.0
James Van Der Beek,42,United States,Actor/Actress,0.223866,10.6666
James Van Der Beek,42,United States,Actor/Actress,0.177713,9.0
James Van Der Beek,42,United States,Actor/Actress,0.181971,8.5
Kel Mitchell,41,United States,Actor/Actress,0.083007,5.333333
Kel Mitchell,41,United States,Actor/Actress,0.099339,6.666667
Kel Mitchell,41,United States,Actor/Actress,0.103236,6.666667
Kel Mitchell,41,United States,Actor/Actress,0.113501,8.0
Kel Mitchell,41,United States,Actor/Actress,0.122879,8.666667
Kel Mitchell,41,United States,Actor/Actress,0.111111,8.666667
Kel Mitchell,41,United States,Actor/Actress,0.076507,8.5
Kel Mitchell,41,United States,Actor/Actress,0.213474,9.999933
Kel Mitchell,41,United States,Actor/Actress,0.179669,9.25
Kel Mitchell,41,United States,Actor/Actress,0.20931,9.5
Kel Mitchell,41,United States,Actor/Actress,0.254929,9.833333
Ray Lewis,44,United States,Athlete,0.07642,5.0
Ray Lewis,44,United States,Athlete,0.003657,5.0
Lamar Odom,39,United States,Athlete,0.056967,3.666667
Lamar Odom,39,United States,Athlete,0.059815,4.0
Lamar Odom,39,United States,Athlete,0.062118,4.0
Lamar Odom,39,United States,Athlete,0.069252,5.0
Sailor Brinkley-Cook,21,United States,Model,0.090074,6.0
Sailor Brinkley-Cook,21,United States,Model,0.087511,6.0
Sailor Brinkley-Cook,21,United States,Model,0.114219,7.666667
Sailor Brinkley-Cook,21,United States,Model,0.106923,7.75
Sailor Brinkley-Cook,21,United States,Model,0.110737,8.0
Sailor Brinkley-Cook,21,United States,Model,0.111111,9.0
Sean Spicer,48,United States,Politician,0.058812,4.0
Sean Spicer,48,United States,Politician,0.074761,5.333333
Sean Spicer,48,United States,Politician,0.073117,5.0
Sean Spicer,48,United States,Politician,0.07332,5.25
Sean Spicer,48,United States,Politician,0.085229,6.333333
Sean Spicer,48,United States,Politician,0.111111,7.0
Sean Spicer,48,United States,Politician,0.157021,7.0
Sean Spicer,48,United States,Politician,0.135494,6.666667
Sean Spicer,48,United States,Politician,0.113815,6.25
Mary Wilson,75,United States,Singer/Rapper,0.086835,5.666667
Mary Wilson,75,United States,Singer/Rapper,0.074626,5.0
Lauren Alaina,24,United States,Singer/Rapper,0.096933,6.333333
Lauren Alaina,24,United States,Singer/Rapper,0.093578,6.333333
Lauren Alaina,24,United States,Singer/Rapper,0.102167,6.666667
Lauren Alaina,24,United States,Singer/Rapper,0.112504,8.0
Lauren Alaina,24,United States,Singer/Rapper,0.108291,7.666667
Lauren Alaina,24,United States,Singer/Rapper,0.111111,8.666667
Lauren Alaina,24,United States,Singer/Rapper,0.177242,9.0
Lauren Alaina,24,United States,Singer/Rapper,0.003454,8.0
Lauren Alaina,24,United States,Singer/Rapper,0.174537,8.75
Lauren Alaina,24,United States,Singer/Rapper,0.208447,9.0
Lauren Alaina,24,United States,Singer/Rapper,0.245798,9.5
Ally Brooke,26,United States,Singer/Rapper,0.08216,5.333333
Ally Brooke,26,United States,Singer/Rapper,0.098562,6.666667
Ally Brooke,26,United States,Singer/Rapper,0.12094,8.0
Ally Brooke,26,United States,Singer/Rapper,0.112627,8.0
Ally Brooke,26,United States,Singer/Rapper,0.125657,9.0
Ally Brooke,26,United States,Singer/Rapper,0.111111,8.333333
Ally Brooke,26,United States,Singer/Rapper,0.18641,9.0
Ally Brooke,26,United States,Singer/Rapper,0.209989,10.0
Ally Brooke,26,United States,Singer/Rapper,0.18637,10.0
Ally Brooke,26,United States,Singer/Rapper,0.210427,9.833333
Ally Brooke,26,United States,Singer/Rapper,0.256487,10.0
Karamo Brown,38,United States,TV Personality,0.084236,5.666667
Karamo Brown,38,United States,TV Personality,0.090835,6.333333
Karamo Brown,38,United States,TV Personality,0.079861,5.333333
Karamo Brown,38,United States,TV Personality,0.09658,7.0
Karamo Brown,38,United States,TV Personality,0.096555,7.0
Karamo Brown,38,United States,TV Personality,0.111111,8.333333
Karamo Brown,38,United States,TV Personality,0.003401,8.166667
Hannah Brown,24,United States,TV Personality,0.098897,6.666667
Hannah Brown,24,United States,TV Personality,0.114283,8.0
Hannah Brown,24,United States,TV Personality,0.104008,7.0
Hannah Brown,24,United States,TV Personality,0.109444,8.0
Hannah Brown,24,United States,TV Personality,0.114104,8.333333
Hannah Brown,24,United States,TV Personality,0.111111,8.0
Hannah Brown,24,United States,TV Personality,0.156035,8.666667
Hannah Brown,24,United States,TV Personality,0.210513,10.333267
Hannah Brown,24,United States,TV Personality,0.167896,8.875
Hannah Brown,24,United States,TV Personality,0.189845,9.0
Hannah Brown,24,United States,TV Personality,0.242786,9.666667
Anne Heche,51,United States,Actor/Actress,0.071524,6.0
Anne Heche,51,United States,Actor/Actress,0.068944,6.0
Anne Heche,51,United States,Actor/Actress,0.068851,5.0
Anne Heche,51,United States,Actor/Actress,0.055116,7.0
Jesse Metcalfe,41,United States,Actor/Actress,0.071463,6.0
Jesse Metcalfe,41,United States,Actor/Actress,0.073585,6.666667
Jesse Metcalfe,41,United States,Actor/Actress,0.072387,6.666667
Jesse Metcalfe,41,United States,Actor/Actress,0.08379,7.0
Jesse Metcalfe,41,United States,Actor/Actress,0.068569,6.333333
Chrishell Stause,39,United States,Actor/Actress,0.052138,4.333333
Chrishell Stause,39,United States,Actor/Actress,0.067287,6.0
Chrishell Stause,39,United States,Actor/Actress,0.079212,7.333333
Chrishell Stause,39,United States,Actor/Actress,0.077196,7.333333
Chrishell Stause,39,United States,Actor/Actress,0.069167,6.333333
Chrishell Stause,39,United States,Actor/Actress,0.116002,8.0
Chrishell Stause,39,United States,Actor/Actress,0.10938,8.666667
Chrishell Stause,39,United States,Actor/Actress,0.002163,9.0
Skai Jackson,18,United States,Actor/Actress,0.082936,7.0
Skai Jackson,18,United States,Actor/Actress,0.071607,5.0
Skai Jackson,18,United States,Actor/Actress,0.067021,6.0
Skai Jackson,18,United States,Actor/Actress,0.095856,9.333333
Skai Jackson,18,United States,Actor/Actress,0.087672,8.0
Skai Jackson,18,United States,Actor/Actress,0.081146,6.0
Skai Jackson,18,United States,Actor/Actress,0.114474,9.0
Skai Jackson,18,United States,Actor/Actress,0.145113,8.999933
Skai Jackson,18,United States,Actor/Actress,0.171343,9.6666
Skai Jackson,18,United States,Actor/Actress,0.122293,9.5
Justina Machado,48,United States,Actor/Actress,0.082957,7.0
Justina Machado,48,United States,Actor/Actress,0.077228,7.0
Justina Machado,48,United States,Actor/Actress,0.069373,6.333333
Justina Machado,48,United States,Actor/Actress,0.082295,8.0
Justina Machado,48,United States,Actor/Actress,0.087428,8.0
Justina Machado,48,United States,Actor/Actress,0.123771,9.0
Justina Machado,48,United States,Actor/Actress,0.107807,8.666667
Justina Machado,48,United States,Actor/Actress,0.148485,9.6666
Justina Machado,48,United States,Actor/Actress,0.179345,8.6666
Justina Machado,48,United States,Actor/Actress,0.19094,9.666667
Justina Machado,48,United States,Actor/Actress,0.270862,10.0
Charles Oakley,56,United States,Athlete,0.047464,4.0
Charles Oakley,56,United States,Athlete,0.049341,5.0
Veron Davis,36,United States,Athlete,0.066312,5.666667
Veron Davis,36,United States,Athlete,0.065827,6.0
Veron Davis,36,United States,Athlete,0.078201,7.333333
Veron Davis,36,United States,Athlete,0.074247,7.333333
Veron Davis,36,United States,Athlete,0.075082,7.0
Veron Davis,36,United States,Athlete,0.002405,7.0
Johnny Weir,36,United States,Athlete,0.070188,6.0
Johnny Weir,36,United States,Athlete,0.065176,6.0
Johnny Weir,36,United States,Athlete,0.08469,8.0
Johnny Weir,36,United States,Athlete,0.080888,8.0
Johnny Weir,36,United States,Athlete,0.10171,9.666667
Johnny Weir,36,United States,Athlete,0.002451,7.333333
Johnny Weir,36,United States,Athlete,0.11314,9.0
Johnny Weir,36,United States,Athlete,0.150238,10.0
Johnny Weir,36,United States,Athlete,0.16668,10.0
Johnny Weir,36,United States,Athlete,0.147891,9.5
Nev Schulman,35,United States,Producer,0.075269,6.666667
Nev Schulman,35,United States,Producer,0.073862,7.0
Nev Schulman,35,United States,Producer,0.08225,8.0
Nev Schulman,35,United States,Producer,0.078438,8.0
Nev Schulman,35,United States,Producer,0.08899,8.666667
Nev Schulman,35,United States,Producer,0.110232,8.666667
Nev Schulman,35,United States,Producer,0.122106,10.0
Nev Schulman,35,United States,Producer,0.145778,10.0
Nev Schulman,35,United States,Producer,0.156531,9.6666
Nev Schulman,35,United States,Producer,0.178999,10.0
Nev Schulman,35,United States,Producer,0.258931,10.0
AJ McLean,42,United States,Singer/Rapper,0.070929,6.0
AJ McLean,42,United States,Singer/Rapper,0.069394,6.333333
AJ McLean,42,United States,Singer/Rapper,0.075444,7.0
AJ McLean,42,United States,Singer/Rapper,0.081617,8.0
AJ McLean,42,United States,Singer/Rapper,0.086023,8.0
AJ McLean,42,United States,Singer/Rapper,0.120452,9.0
AJ McLean,42,United States,Singer/Rapper,0.108017,8.666667
AJ McLean,42,United States,Singer/Rapper,0.130691,9.0
AJ McLean,42,United States,Singer/Rapper,0.04844,8.333267
Nelly,45,United States,Singer/Rapper,0.063255,5.333333
Nelly,45,United States,Singer/Rapper,0.066578,6.0
Nelly,45,United States,Singer/Rapper,0.065959,6.0
Nelly,45,United States,Singer/Rapper,0.078234,7.0
Nelly,45,United States,Singer/Rapper,0.086271,8.0
Nelly,45,United States,Singer/Rapper,0.117327,8.0
Nelly,45,United States,Singer/Rapper,0.114611,9.0
Nelly,45,United States,Singer/Rapper,0.144403,8.0
Nelly,45,United States,Singer/Rapper,0.149838,8.0
Nelly,45,United States,Singer/Rapper,0.210947,9.333333
Nelly,45,United States,Singer/Rapper,0.25642,9.5
Kaitlyn Bristowe,35,Canada,TV Personality,0.061227,6.666667
Kaitlyn Bristowe,35,Canada,TV Personality,0.06224,7.333333
Kaitlyn Bristowe,35,Canada,TV Personality,0.064088,7.666667
Kaitlyn Bristowe,35,Canada,TV Personality,0.063359,8.333333
Kaitlyn Bristowe,35,Canada,TV Personality,0.07515,9.0
Kaitlyn Bristowe,35,Canada,TV Personality,0.096293,9.0
Kaitlyn Bristowe,35,Canada,TV Personality,0.101529,8.0
Kaitlyn Bristowe,35,Canada,TV Personality,0.133129,9.333333
Kaitlyn Bristowe,35,Canada,TV Personality,0.127824,10.0
Kaitlyn Bristowe,35,Canada,TV Personality,0.148932,10.0
Kaitlyn Bristowe,35,Canada,TV Personality,0.213788,10.0
Carole Baskin,59,United States,TV Personality,0.042819,3.666667
Carole Baskin,59,United States,TV Personality,0.062696,5.333333
Carole Baskin,59,United States,TV Personality,0.04279,4.0
Monica Aldama,48,United States,TV Personality,0.072567,6.333333
Monica Aldama,48,United States,TV Personality,0.062436,5.333333
Monica Aldama,48,United States,TV Personality,0.073159,7.0
Monica Aldama,48,United States,TV Personality,0.079077,8.0
Monica Aldama,48,United States,TV Personality,0.090217,8.666667
Monica Aldama,48,United States,TV Personality,0.115095,9.0
Monica Aldama,48,United States,TV Personality,0.024228,7.333333
Jeannie Mai,41,United States,TV Personality,0.068953,6.0
Jeannie Mai,41,United States,TV Personality,0.063799,6.0
Jeannie Mai,41,United States,TV Personality,0.076574,7.333333
Jeannie Mai,41,United States,TV Personality,0.069886,7.0
Jeannie Mai,41,United States,TV Personality,0.083721,8.0
Jeannie Mai,41,United States,TV Personality,0.114827,8.333333
Jeannie Mai,41,United States,TV Personality,0.084708,8.333333
Martin Kove,75,United States,Actor/Actress,0.038009,3.25
Martin Kove,75,United States,Actor/Actress,0.04105,3.75
Brian Austin Green,48,United States,Actor/Actress,0.068617,6.0
Brian Austin Green,48,United States,Actor/Actress,0.063336,5.75
Brian Austin Green,48,United States,Actor/Actress,0.089672,6.333333
Brian Austin Green,48,United States,Actor/Actress,0.064314,6.5
Melora Hardin,54,United States,Actor/Actress,0.074169,6.5
Melora Hardin,54,United States,Actor/Actress,0.073136,6.75
Melora Hardin,54,United States,Actor/Actress,0.074534,7.666667
Melora Hardin,54,United States,Actor/Actress,0.089776,9.125
Melora Hardin,54,United States,Actor/Actress,0.087786,9.0
Melora Hardin,54,United States,Actor/Actress,0.115652,8.5
Melora Hardin,54,United States,Actor/Actress,0.116638,9.5
Melora Hardin,54,United States,Actor/Actress,0.133777,10.5
Melora Hardin,54,United States,Actor/Actress,0.075992,9.0
Matt James,29,United States,Athlete,0.067274,6.0
Matt James,29,United States,Athlete,0.059419,5.5
Matt James,29,United States,Athlete,0.068732,6.666667
Matt James,29,United States,Athlete,0.069232,7.125
"Mike ""The Miz"" Mizanin",40,United States,Athlete,0.067331,6.0
"Mike ""The Miz"" Mizanin",40,United States,Athlete,0.069211,6.5
"Mike ""The Miz"" Mizanin",40,United States,Athlete,0.060661,7.333333
"Mike ""The Miz"" Mizanin",40,United States,Athlete,0.07848,8.125
"Mike ""The Miz"" Mizanin",40,United States,Athlete,0.111976,8.0
"Mike ""The Miz"" Mizanin",40,United States,Athlete,0.09298,8.5
"Mike ""The Miz"" Mizanin",40,United States,Athlete,0.095115,8.0
Suni Lee,18,United States,Athlete,0.077725,7.0
Suni Lee,18,United States,Athlete,0.074222,7.0
Suni Lee,18,United States,Athlete,0.065563,7.0
Suni Lee,18,United States,Athlete,0.082086,8.5
Suni Lee,18,United States,Athlete,0.079656,9.0
Suni Lee,18,United States,Athlete,0.097682,9.0
Suni Lee,18,United States,Athlete,0.109673,8.5
Suni Lee,18,United States,Athlete,0.130487,10.5
Suni Lee,18,United States,Athlete,0.16383,9.375
Iman Shumpert,31,United States,Athlete,0.059182,5.25
Iman Shumpert,31,United States,Athlete,0.066374,6.25
Iman Shumpert,31,United States,Athlete,0.070426,6.333333
Iman Shumpert,31,United States,Athlete,0.076487,7.875
Iman Shumpert,31,United States,Athlete,0.185229,7.0
Iman Shumpert,31,United States,Athlete,0.10596,10.0
Iman Shumpert,31,United States,Athlete,0.105169,8.5
Iman Shumpert,31,United States,Athlete,0.141341,8.75
Iman Shumpert,31,United States,Athlete,0.173354,9.375
Iman Shumpert,31,United States,Athlete,0.254195,10.0
Cody Rigsby,34,United States,Fitness Instructor,0.065921,6.0
Cody Rigsby,34,United States,Fitness Instructor,0.062994,6.0
Cody Rigsby,34,United States,Fitness Instructor,0.105026,6.0
Cody Rigsby,34,United States,Fitness Instructor,0.069962,7.25
Cody Rigsby,34,United States,Fitness Instructor,0.087712,8.0
Cody Rigsby,34,United States,Fitness Instructor,0.094758,9.0
Cody Rigsby,34,United States,Fitness Instructor,0.106822,9.0
Cody Rigsby,34,United States,Fitness Instructor,0.117125,9.5
Cody Rigsby,34,United States,Fitness Instructor,0.206866,8.875
Cody Rigsby,34,United States,Fitness Instructor,0.239905,9.5
Melanie C,47,England,Singer/Rapper,0.061203,6.75
Melanie C,47,England,Singer/Rapper,0.0639,7.5
Melanie C,47,England,Singer/Rapper,0.092502,7.333333
Melanie C,47,England,Singer/Rapper,0.064686,8.25
Melanie C,47,England,Singer/Rapper,0.002788,9.0
Jimmie Allen,36,United States,Singer/Rapper,0.06246,5.5
Jimmie Allen,36,United States,Singer/Rapper,0.072256,6.75
Jimmie Allen,36,United States,Singer/Rapper,0.073089,6.666667
Jimmie Allen,36,United States,Singer/Rapper,0.079656,8.125
Jimmie Allen,36,United States,Singer/Rapper,0.128212,8.5
Jimmie Allen,36,United States,Singer/Rapper,0.102213,9.5
Jimmie Allen,36,United States,Singer/Rapper,0.115187,9.5
Jimmie Allen,36,United States,Singer/Rapper,0.101182,8.0
Olivia Jade,21,United States,Social Media Personality,0.072156,6.25
Olivia Jade,21,United States,Social Media Personality,0.073663,6.75
Olivia Jade,21,United States,Social Media Personality,0.077513,8.0
Olivia Jade,21,United States,Social Media Personality,0.087023,8.75
Olivia Jade,21,United States,Social Media Personality,0.105643,9.0
Olivia Jade,21,United States,Social Media Personality,0.100796,9.0
Olivia Jade,21,United States,Social Media Personality,0.12921,10.5
Olivia Jade,21,United States,Social Media Personality,0.116064,9.0
JoJo Siwa,18,United States,Social Media Personality,0.082983,7.25
JoJo Siwa,18,United States,Social Media Personality,0.08386,7.75
JoJo Siwa,18,United States,Social Media Personality,0.081965,8.0
JoJo Siwa,18,United States,Social Media Personality,0.086661,8.75
JoJo Siwa,18,United States,Social Media Personality,0.070493,10.0
JoJo Siwa,18,United States,Social Media Personality,0.108862,10.0
JoJo Siwa,18,United States,Social Media Personality,0.120377,9.75
JoJo Siwa,18,United States,Social Media Personality,0.1317,10.25
JoJo Siwa,18,United States,Social Media Personality,0.193505,10.0
JoJo Siwa,18,United States,Social Media Personality,0.26117,10.0
Christine Chiu,38,Taiwan China,TV Personality,0.055166,6.25
Christine Chiu,38,Taiwan China,TV Personality,0.051764,6.0
Christine Chiu,38,Taiwan China,TV Personality,0.002314,7.0
Kenya Moore,50,United States,TV Personality,0.071211,6.5
Kenya Moore,50,United States,TV Personality,0.062811,6.0
Kenya Moore,50,United States,TV Personality,0.071118,7.0
Kenya Moore,50,United States,TV Personality,0.070757,7.375
Kenya Moore,50,United States,TV Personality,0.06074,9.0
Kenya Moore,50,United States,TV Personality,0.082065,8.0
Amanda Kloots,39,United States,TV Personality,0.076595,7.0
Amanda Kloots,39,United States,TV Personality,0.082004,8.0
Amanda Kloots,39,United States,TV Personality,0.066883,8.0
Amanda Kloots,39,United States,TV Personality,0.080882,8.5
Amanda Kloots,39,United States,TV Personality,0.079764,9.75
Amanda Kloots,39,United States,TV Personality,0.099031,9.5
Amanda Kloots,39,United States,TV Personality,0.10181,8.5
Amanda Kloots,39,United States,TV Personality,0.128324,10.5
Amanda Kloots,39,United States,TV Personality,0.186454,9.875
Amanda Kloots,39,United States,TV Personality,0.244731,9.75
Jason Lewis,51,United States,Actor/Actress,0.003161,4.5
Cheryl Ladd,71,United States,Actor/Actress,0.059856,5.25
Cheryl Ladd,71,United States,Actor/Actress,0.065928,5.25
Cheryl Ladd,71,United States,Actor/Actress,0.005372,6.0
Selma Blair,50,United States,Actor/Actress,0.076476,7.0
Selma Blair,50,United States,Actor/Actress,0.07209,7.0
Selma Blair,50,United States,Actor/Actress,0.075055,7.0
Selma Blair,50,United States,Actor/Actress,0.078615,8.0
Selma Blair,50,United States,Actor/Actress,0.096878,10.0
Joseph Baena,24,United States,Actor/Actress,0.064716,5.75
Joseph Baena,24,United States,Actor/Actress,0.06592,6.0
Joseph Baena,24,United States,Actor/Actress,0.077612,7.25
Joseph Baena,24,United States,Actor/Actress,0.086957,7.0
Joseph Baena,24,United States,Actor/Actress,0.001404,8.75
Trevor Donovan,39,United States,Actor/Actress,0.060346,5.25
Trevor Donovan,39,United States,Actor/Actress,0.077243,7.5
Trevor Donovan,39,United States,Actor/Actress,0.073274,6.75
Trevor Donovan,39,United States,Actor/Actress,0.072102,7.0
Trevor Donovan,39,United States,Actor/Actress,0.086828,9.0
Trevor Donovan,39,United States,Actor/Actress,0.117519,8.5
Trevor Donovan,39,United States,Actor/Actress,0.133955,9.75
Trevor Donovan,39,United States,Actor/Actress,0.133905,9.75
Trevor Donovan,39,United States,Actor/Actress,0.150628,8.125
Daniel Durant,32,United States,Actor/Actress,0.07402,6.75
Daniel Durant,32,United States,Actor/Actress,0.073966,7.25
Daniel Durant,32,United States,Actor/Actress,0.082894,7.75
Daniel Durant,32,United States,Actor/Actress,0.072143,7.25
Daniel Durant,32,United States,Actor/Actress,0.076869,8.375
Daniel Durant,32,United States,Actor/Actress,0.101774,8.5
Daniel Durant,32,United States,Actor/Actress,0.128204,9.125
Daniel Durant,32,United States,Actor/Actress,0.12654,9.75
Daniel Durant,32,United States,Actor/Actress,0.160736,8.625
Wayne Brady,50,United States,Comedian,0.076246,7.25
Wayne Brady,50,United States,Comedian,0.078094,8.0
Wayne Brady,50,United States,Comedian,0.08329,8.25
Wayne Brady,50,United States,Comedian,0.085147,9.0
Wayne Brady,50,United States,Comedian,0.096819,10.25
Wayne Brady,50,United States,Comedian,0.096946,8.5
Wayne Brady,50,United States,Comedian,0.125534,9.5
Wayne Brady,50,United States,Comedian,0.137024,11.25
Wayne Brady,50,United States,Comedian,0.163934,9.125
Wayne Brady,50,United States,Comedian,0.241348,9.5
Sam Champion,61,United States,News Anchor,0.056869,5.0
Sam Champion,61,United States,News Anchor,0.064291,6.5
Sam Champion,61,United States,News Anchor,0.065399,6.25
Sam Champion,61,United States,News Anchor,0.058224,6.25
Jessie James Decker,34,Italy,Singer/Rapper,0.047476,5.0
Jessie James Decker,34,Italy,Singer/Rapper,0.063557,6.25
Jessie James Decker,34,Italy,Singer/Rapper,0.061624,6.5
Jessie James Decker,34,Italy,Singer/Rapper,0.060443,7.75
Jessie James Decker,34,Italy,Singer/Rapper,0.082153,9.0
Jessie James Decker,34,Italy,Singer/Rapper,0.062712,8.0
Jordin Sparks,32,United States,Singer/Rapper,0.071678,6.5
Jordin Sparks,32,United States,Singer/Rapper,0.068543,6.75
Jordin Sparks,32,United States,Singer/Rapper,0.076875,7.25
Jordin Sparks,32,United States,Singer/Rapper,0.082942,8.5
Jordin Sparks,32,United States,Singer/Rapper,0.084681,8.875
Jordin Sparks,32,United States,Singer/Rapper,0.099606,8.5
Jordin Sparks,32,United States,Singer/Rapper,0.002022,8.625
Heidi D'Amelio,50,United States,Social Media Personality,0.068306,6.0
Heidi D'Amelio,50,United States,Social Media Personality,0.072263,7.0
Heidi D'Amelio,50,United States,Social Media Personality,0.085686,8.0
Heidi D'Amelio,50,United States,Social Media Personality,0.084403,8.5
Heidi D'Amelio,50,United States,Social Media Personality,0.095843,9.75
Heidi D'Amelio,50,United States,Social Media Personality,0.106406,9.0
Heidi D'Amelio,50,United States,Social Media Personality,0.124385,8.75
Heidi D'Amelio,50,United States,Social Media Personality,0.118241,8.75
Charli D'Amelio,18,United States,Social Media Personality,0.088272,8.0
Charli D'Amelio,18,United States,Social Media Personality,0.08198,8.0
Charli D'Amelio,18,United States,Social Media Personality,0.087333,8.25
Charli D'Amelio,18,United States,Social Media Personality,0.088924,9.0
Charli D'Amelio,18,United States,Social Media Personality,0.103862,10.5
Charli D'Amelio,18,United States,Social Media Personality,0.117357,10.0
Charli D'Amelio,18,United States,Social Media Personality,0.13535,9.75
Charli D'Amelio,18,United States,Social Media Personality,0.143275,11.25
Charli D'Amelio,18,United States,Social Media Personality,0.184839,10.0
Charli D'Amelio,18,United States,Social Media Personality,0.263656,10.0
Teresa Giudice,50,United States,TV Personality,0.055033,5.0
Teresa Giudice,50,United States,TV Personality,0.002121,5.75
Vinny Guadagnino,34,United States,TV Personality,0.049284,4.25
Vinny Guadagnino,34,United States,TV Personality,0.066721,6.75
Vinny Guadagnino,34,United States,TV Personality,0.06544,5.75
Vinny Guadagnino,34,United States,TV Personality,0.069347,7.25
Vinny Guadagnino,34,United States,TV Personality,0.086432,7.75
Vinny Guadagnino,34,United States,TV Personality,0.093412,7.0
Vinny Guadagnino,34,United States,TV Personality,0.107652,7.875
Vinny Guadagnino,34,United States,TV Personality,0.090055,7.25
Shangela,40,United States,TV Personality,0.074421,7.0
Shangela,40,United States,TV Personality,0.069138,7.0
Shangela,40,United States,TV Personality,0.076721,7.5
Shangela,40,United States,TV Personality,0.075827,8.0
Shangela,40,United States,TV Personality,0.091029,9.625
Shangela,40,United States,TV Personality,0.100601,9.0
Shangela,40,United States,TV Personality,0.122158,9.125
Shangela,40,United States,TV Personality,0.128377,10.5
Shangela,40,United States,TV Personality,0.163785,9.125
Shangela,40,United States,TV Personality,0.241999,9.5
Gabby Windey,31,United States,TV Personality,0.07384,7.0
Gabby Windey,31,United States,TV Personality,0.078146,8.0
Gabby Windey,31,United States,TV Personality,0.083424,8.25
Gabby Windey,31,United States,TV Personality,0.084928,9.0
Gabby Windey,31,United States,TV Personality,0.097202,10.25
Gabby Windey,31,United States,TV Personality,0.103667,9.25
Gabby Windey,31,United States,TV Personality,0.120739,8.875
Gabby Windey,31,United States,TV Personality,0.122583,10.0
Gabby Windey,31,United States,TV Personality,0.176079,10.0
Gabby Windey,31,United States,TV Personality,0.252997,10.0
Jamie Lynn Spears,32,United States,Actor/Actress,0.070185,5.0
Jamie Lynn Spears,32,United States,Actor/Actress,0.076923,5.333333
Mira Sorvino,55,United States,Actor/Actress,0.077812,5.666667
Mira Sorvino,55,United States,Actor/Actress,0.076923,6.0
Mira Sorvino,55,United States,Actor/Actress,0.085601,6.5
Mira Sorvino,55,United States,Actor/Actress,0.090909,7.0
Mira Sorvino,55,United States,Actor/Actress,0.002718,7.333333
Barry Williams,68,United States,Actor/Actress,0.073898,5.333333
Barry Williams,68,United States,Actor/Actress,0.076923,5.0
Barry Williams,68,United States,Actor/Actress,0.082593,6.25
Barry Williams,68,United States,Actor/Actress,0.090909,6.0
Barry Williams,68,United States,Actor/Actress,0.129473,8.0
Barry Williams,68,United States,Actor/Actress,0.099562,8.0
Barry Williams,68,United States,Actor/Actress,0.253854,8.125
Barry Williams,68,United States,Actor/Actress,0.003228,8.75
Alyson Hannigan,49,United States,Actor/Actress,0.064377,4.333333
Alyson Hannigan,49,United States,Actor/Actress,0.076923,6.333333
Alyson Hannigan,49,United States,Actor/Actress,0.08728,6.0
Alyson Hannigan,49,United States,Actor/Actress,0.090909,6.0
Alyson Hannigan,49,United States,Actor/Actress,0.004016,7.0
Alyson Hannigan,49,United States,Actor/Actress,0.099172,7.75
Alyson Hannigan,49,United States,Actor/Actress,0.125364,8.75
Alyson Hannigan,49,United States,Actor/Actress,0.161099,9.0
Alyson Hannigan,49,United States,Actor/Actress,0.181805,8.0
Alyson Hannigan,49,United States,Actor/Actress,0.183717,8.5
Alyson Hannigan,49,United States,Actor/Actress,0.186666,8.833333
Xochitl Gomez,17,United States,Actor/Actress,0.081906,6.0
Xochitl Gomez,17,United States,Actor/Actress,0.076923,8.0
Xochitl Gomez,17,United States,Actor/Actress,0.101942,8.0
Xochitl Gomez,17,United States,Actor/Actress,0.090909,9.0
Xochitl Gomez,17,United States,Actor/Actress,0.150787,9.333333
Xochitl Gomez,17,United States,Actor/Actress,0.125339,10.5
Xochitl Gomez,17,United States,Actor/Actress,0.098186,9.25
Xochitl Gomez,17,United States,Actor/Actress,0.212673,10.0
Xochitl Gomez,17,United States,Actor/Actress,0.188002,10.25
Xochitl Gomez,17,United States,Actor/Actress,0.2133,10.0
Xochitl Gomez,17,United States,Actor/Actress,0.209514,10.0
Adrian Peterson,38,United States,Athlete,0.080712,6.0
Adrian Peterson,38,United States,Athlete,0.076923,5.0
Adrian Peterson,38,United States,Athlete,0.087489,5.5
Adrian Peterson,38,United States,Athlete,0.090909,7.0
Matt Walsh,58,United States,Comedian,0.045718,4.0
Tyson Beckford,52,United States,Model,0.061943,4.0
Tyson Beckford,52,United States,Model,0.076923,6.0
Tyson Beckford,52,United States,Model,0.059685,5.0
Jason Mraz,46,United States,Singer/Rapper,0.093767,7.0
Jason Mraz,46,United States,Singer/Rapper,0.076923,8.0
Jason Mraz,46,United States,Singer/Rapper,0.106362,8.5
Jason Mraz,46,United States,Singer/Rapper,0.090909,8.0
Jason Mraz,46,United States,Singer/Rapper,0.143297,9.0
Jason Mraz,46,United States,Singer/Rapper,0.102353,9.75
Jason Mraz,46,United States,Singer/Rapper,0.105978,9.0
Jason Mraz,46,United States,Singer/Rapper,0.046748,8.25
Jason Mraz,46,United States,Singer/Rapper,0.194262,10.75
Jason Mraz,46,United States,Singer/Rapper,0.20126,9.5
Jason Mraz,46,United States,Singer/Rapper,0.206727,10.0
Lele Pons,27,Venezuela,Social Media Personality,0.069694,6.333333
Lele Pons,27,Venezuela,Social Media Personality,0.076923,7.0
Lele Pons,27,Venezuela,Social Media Personality,0.069836,6.75
Lele Pons,27,Venezuela,Social Media Personality,0.090909,7.333333
Lele Pons,27,Venezuela,Social Media Personality,0.108736,8.0
Lele Pons,27,Venezuela,Social Media Personality,0.188041,9.25
Lele Pons,27,Venezuela,Social Media Personality,0.004387,9.125
Harry Jowsey,26,Australia,TV Personality,0.042695,4.0
Harry Jowsey,26,Australia,TV Personality,0.076923,5.0
Harry Jowsey,26,Australia,TV Personality,0.057538,6.0
Harry Jowsey,26,Australia,TV Personality,0.090909,7.0
Harry Jowsey,26,Australia,TV Personality,0.093703,6.0
Harry Jowsey,26,Australia,TV Personality,0.140263,7.25
Harry Jowsey,26,Australia,TV Personality,0.308111,8.0
Harry Jowsey,26,Australia,TV Personality,0.153975,7.0
Harry Jowsey,26,Australia,TV Personality,0.102059,7.5
Mauricio Umansky,53,Mexico,TV Personality,0.050627,5.0
Mauricio Umansky,53,Mexico,TV Personality,0.076923,4.0
Mauricio Umansky,53,Mexico,TV Personality,0.060572,5.75
Mauricio Umansky,53,Mexico,TV Personality,0.090909,6.333333
Mauricio Umansky,53,Mexico,TV Personality,0.097206,8.0
Mauricio Umansky,53,Mexico,TV Personality,0.002461,8.25
Charity Lawson,27,United States,TV Personality,0.095593,7.333333
Charity Lawson,27,United States,TV Personality,0.076923,7.0
Charity Lawson,27,United States,TV Personality,0.097776,8.0
Charity Lawson,27,United States,TV Personality,0.090909,8.0
Charity Lawson,27,United States,TV Personality,0.145268,9.333333
Charity Lawson,27,United States,TV Personality,0.109769,9.5
Charity Lawson,27,United States,TV Personality,0.061729,9.0
Charity Lawson,27,United States,TV Personality,0.203713,9.75
Charity Lawson,27,United States,TV Personality,0.169082,9.5
Charity Lawson,27,United States,TV Personality,0.20217,9.833333
Charity Lawson,27,United States,TV Personality,0.198677,9.833333
Ariana Madix,38,United States,TV Personality,0.091074,7.0
Ariana Madix,38,United States,TV Personality,0.076923,6.666667
Ariana Madix,38,United States,TV Personality,0.103326,8.5
Ariana Madix,38,United States,TV Personality,0.090909,8.333333
Ariana Madix,38,United States,TV Personality,0.124795,8.0
Ariana Madix,38,United States,TV Personality,0.133039,10.25
Ariana Madix,38,United States,TV Personality,0.04239,9.25
Ariana Madix,38,United States,TV Personality,0.218564,10.5
Ariana Madix,38,United States,TV Personality,0.16479,9.25
Ariana Madix,38,United States,TV Personality,0.199553,9.666667
Ariana Madix,38,United States,TV Personality,0.198417,9.833333
Tori Spelling,51,United States,Actor/Actress,0.071715,5.666667
Tori Spelling,51,United States,Actor/Actress,0.052603,6.333333
Eric Roberts,68,United States,Actor/Actress,0.063448,5.0
Eric Roberts,68,United States,Actor/Actress,0.074429,5.0
Eric Roberts,68,United States,Actor/Actress,0.074644,5.75
Reginald VelJohnson,74,United States,Actor/Actress,0.067584,5.333333
Reginald VelJohnson,74,United States,Actor/Actress,0.067561,5.0
Reginald VelJohnson,74,United States,Actor/Actress,0.068054,5.25
Chandler Kinney,24,United States,Actor/Actress,0.095649,7.666667
Chandler Kinney,24,United States,Actor/Actress,0.103095,8.0
Chandler Kinney,24,United States,Actor/Actress,0.110069,8.625
Chandler Kinney,24,United States,Actor/Actress,0.10911,8.0
Chandler Kinney,24,United States,Actor/Actress,0.131243,9.0
Chandler Kinney,24,United States,Actor/Actress,0.058225,10.666667
Chandler Kinney,24,United States,Actor/Actress,0.187998,10.0
Chandler Kinney,24,United States,Actor/Actress,0.210214,9.666667
Chandler Kinney,24,United States,Actor/Actress,0.209139,10.0
Dwight Howard ,38,United States,Athlete,0.089904,7.333333
Dwight Howard ,38,United States,Athlete,0.091147,7.333333
Dwight Howard ,38,United States,Athlete,0.082325,6.5
Dwight Howard ,38,United States,Athlete,0.176444,7.25
Dwight Howard ,38,United States,Athlete,0.152666,8.0
Dwight Howard ,38,United States,Athlete,0.036766,10.333333
Dwight Howard ,38,United States,Athlete,0.14934,8.0
Danny Amendola,39,United States,Athlete,0.082096,6.666667
Danny Amendola,39,United States,Athlete,0.084916,7.0
Danny Amendola,39,United States,Athlete,0.094584,7.5
Danny Amendola,39,United States,Athlete,0.207109,9.0
Danny Amendola,39,United States,Athlete,0.131053,8.5
Danny Amendola,39,United States,Athlete,0.138761,9.333333
Danny Amendola,39,United States,Athlete,0.163135,8.5
Danny Amendola,39,United States,Athlete,0.193459,9.0
Danny Amendola,39,United States,Athlete,0.192757,9.333333
Stephen Nedoroscik,26,United States,Athlete,0.08609,7.0
Stephen Nedoroscik,26,United States,Athlete,0.091504,7.333333
Stephen Nedoroscik,26,United States,Athlete,0.097417,7.75
Stephen Nedoroscik,26,United States,Athlete,0.089334,8.25
Stephen Nedoroscik,26,United States,Athlete,0.13756,8.0
Stephen Nedoroscik,26,United States,Athlete,0.261113,9.333333
Stephen Nedoroscik,26,United States,Athlete,0.168333,9.0
Stephen Nedoroscik,26,United States,Athlete,0.190563,8.833333
Stephen Nedoroscik,26,United States,Athlete,0.202808,9.833333
Ilona Maher,28,United States,Athlete,0.074206,6.0
Ilona Maher,28,United States,Athlete,0.084979,7.0
Ilona Maher,28,United States,Athlete,0.088413,7.0
Ilona Maher,28,United States,Athlete,0.089131,8.0
Ilona Maher,28,United States,Athlete,0.122543,8.666667
Ilona Maher,28,United States,Athlete,0.318737,8.0
Ilona Maher,28,United States,Athlete,0.164011,8.666667
Ilona Maher,28,United States,Athlete,0.202368,9.5
Ilona Maher,28,United States,Athlete,0.196227,9.5
Anna Delvey,33,Russia,Con artist,0.058002,6.0
Anna Delvey,33,Russia,Con artist,0.023324,5.666667
Brooks Nader,27,United States,Model,0.073421,6.0
Brooks Nader,27,United States,Model,0.079163,6.666667
Brooks Nader,27,United States,Model,0.095116,7.625
Brooks Nader,27,United States,Model,0.003428,8.0
Phaedra Parks,51,United States,TV Personality,0.076656,6.333333
Phaedra Parks,51,United States,TV Personality,0.084028,7.0
Phaedra Parks,51,United States,TV Personality,0.086682,7.0
Phaedra Parks,51,United States,TV Personality,0.075329,8.0
Phaedra Parks,51,United States,TV Personality,0.073291,8.0
Jenn Tran,26,United States,TV Personality,0.076554,6.333333
Jenn Tran,26,United States,TV Personality,0.072919,6.333333
Jenn Tran,26,United States,TV Personality,0.09532,7.75
Jenn Tran,26,United States,TV Personality,0.077887,8.0
Jenn Tran,26,United States,TV Personality,0.124614,8.5
Jenn Tran,26,United States,TV Personality,0.005994,10.333333
Joey Graziadei,29,United States,TV Personality,0.084675,7.0
Joey Graziadei,29,United States,TV Personality,0.090332,7.333333
Joey Graziadei,29,United States,TV Personality,0.107375,8.75
Joey Graziadei,29,United States,TV Personality,0.172228,9.0
Joey Graziadei,29,United States,TV Personality,0.12703,8.666667
Joey Graziadei,29,United States,TV Personality,0.180403,10.666667
Joey Graziadei,29,United States,TV Personality,0.167183,9.166667
Joey Graziadei,29,United States,TV Personality,0.203396,9.666667
Joey Graziadei,29,United States,TV Personality,0.199069,9.833333
Corey Feldman,54,United States,Actor/Actress,0.058058,4.5
Corey Feldman,54,United States,Actor/Actress,0.056739,5.0
Danielle Fishel,44,United States,Actor/Actress,0.076257,6.0
Danielle Fishel,44,United States,Actor/Actress,0.071208,6.333333
Danielle Fishel,44,United States,Actor/Actress,0.09247,7.0
Danielle Fishel,44,United States,Actor/Actress,0.125536,7.0
Danielle Fishel,44,United States,Actor/Actress,0.097538,7.25
Danielle Fishel,44,United States,Actor/Actress,0.111738,9.0
Danielle Fishel,44,United States,Actor/Actress,0.002715,8.75
Danielle Fishel,44,United States,Actor/Actress,0.002159,9.25
Elaine Hendrix,55,United States,Actor/Actress,0.076335,6.0
Elaine Hendrix,55,United States,Actor/Actress,0.078498,7.0
Elaine Hendrix,55,United States,Actor/Actress,0.087106,7.0
Elaine Hendrix,55,United States,Actor/Actress,0.070623,8.0
Elaine Hendrix,55,United States,Actor/Actress,0.100951,7.5
Elaine Hendrix,55,United States,Actor/Actress,0.111858,9.0
Elaine Hendrix,55,United States,Actor/Actress,0.004367,8.0
Elaine Hendrix,55,United States,Actor/Actress,0.148395,9.375
Elaine Hendrix,55,United States,Actor/Actress,0.176739,9.0
Elaine Hendrix,55,United States,Actor/Actress,0.214699,9.5
Elaine Hendrix,55,United States,Actor/Actress,0.209978,9.6666
Baron Davis,46,United States,Athlete,0.063063,5.0
Baron Davis,46,United States,Athlete,0.066643,6.0
Jordan Chiles,24,United States,Athlete,0.062873,5.0
Jordan Chiles,24,United States,Athlete,0.080766,7.333333
Jordan Chiles,24,United States,Athlete,0.094851,8.0
Jordan Chiles,24,United States,Athlete,0.092876,8.0
Jordan Chiles,24,United States,Athlete,0.105388,8.0
Jordan Chiles,24,United States,Athlete,0.114808,9.75
Jordan Chiles,24,United States,Athlete,0.173285,9.5
Jordan Chiles,24,United States,Athlete,0.152975,9.75
Jordan Chiles,24,United States,Athlete,0.145351,9.75
Jordan Chiles,24,United States,Athlete,0.203995,9.5
Jordan Chiles,24,United States,Athlete,0.210572,9.888867
Andy Richter,59,United States,Comedian,0.055689,4.5
Andy Richter,59,United States,Comedian,0.058198,5.333333
Andy Richter,59,United States,Comedian,0.090677,6.0
Andy Richter,59,United States,Comedian,0.12213,6.0
Andy Richter,59,United States,Comedian,0.078206,6.0
Andy Richter,59,United States,Comedian,0.107357,6.75
Andy Richter,59,United States,Comedian,0.131524,7.25
Andy Richter,59,United States,Comedian,0.13228,8.5
Andy Richter,59,United States,Comedian,0.106154,7.25
Robert Irwin,22,Australia,Conservationist,0.073064,7.5
Robert Irwin,22,Australia,Conservationist,0.063546,7.333333
Robert Irwin,22,Australia,Conservationist,0.083063,7.333333
Robert Irwin,22,Australia,Conservationist,0.132433,7.333333
Robert Irwin,22,Australia,Conservationist,0.090628,8.75
Robert Irwin,22,Australia,Conservationist,0.10617,9.0
Robert Irwin,22,Australia,Conservationist,0.148087,10.25
Robert Irwin,22,Australia,Conservationist,0.122291,9.5
Robert Irwin,22,Australia,Conservationist,0.122662,10.5
Robert Irwin,22,Australia,Conservationist,0.171405,9.833333
Robert Irwin,22,Australia,Conservationist,0.168409,9.888867
Hilaria Baldwin,41,United States,Entrepreneur,0.084496,7.0
Hilaria Baldwin,41,United States,Entrepreneur,0.074859,7.0
Hilaria Baldwin,41,United States,Entrepreneur,0.0848,7.333333
Hilaria Baldwin,41,United States,Entrepreneur,0.002817,7.666667
Lauren Jauregui,29,United States,Singer/Rapper,0.081832,6.5
Lauren Jauregui,29,United States,Singer/Rapper,0.077677,7.0
Lauren Jauregui,29,United States,Singer/Rapper,0.026519,6.0
Scott Hoying,34,United States,Singer/Rapper,0.063503,5.0
Scott Hoying,34,United States,Singer/Rapper,0.067069,6.0
Scott Hoying,34,United States,Singer/Rapper,0.088546,7.333333
Scott Hoying,34,United States,Singer/Rapper,0.075712,7.0
Scott Hoying,34,United States,Singer/Rapper,0.100011,7.5
Scott Hoying,34,United States,Singer/Rapper,0.028738,7.0
Alix Earle,24,United States,Social media personality,0.078755,6.5
Alix Earle,24,United States,Social media personality,0.074737,7.0
Alix Earle,24,United States,Social media personality,0.088481,7.666667
Alix Earle,24,United States,Social media personality,0.104323,8.0
Alix Earle,24,United States,Social media personality,0.111325,8.75
Alix Earle,24,United States,Social media personality,0.103958,8.75
Alix Earle,24,United States,Social media personality,0.181108,10.75
Alix Earle,24,United States,Social media personality,0.145999,9.625
Alix Earle,24,United States,Social media personality,0.144729,10.0
Alix Earle,24,United States,Social media personality,0.200931,9.666667
Alix Earle,24,United States,Social media personality,0.206617,10.0
Jen Affleck,26,United States,TV Personality,0.07348,6.0
Jen Affleck,26,United States,TV Personality,0.079107,7.333333
Jen Affleck,26,United States,TV Personality,0.079354,6.333333
Jen Affleck,26,United States,TV Personality,0.070168,7.666667
Jen Affleck,26,United States,TV Personality,0.094025,7.25
Jen Affleck,26,United States,TV Personality,0.100804,8.0
Jen Affleck,26,United States,TV Personality,0.002613,8.5
Whitney Leavitt,32,United States,TV Personality,0.090976,7.5
Whitney Leavitt,32,United States,TV Personality,0.078963,7.333333
Whitney Leavitt,32,United States,TV Personality,0.093077,8.0
Whitney Leavitt,32,United States,TV Personality,0.132711,8.333333
Whitney Leavitt,32,United States,TV Personality,0.106647,8.25
Whitney Leavitt,32,United States,TV Personality,0.11656,9.75
Whitney Leavitt,32,United States,TV Personality,0.186049,10.5
Whitney Leavitt,32,United States,TV Personality,0.150227,9.875
Whitney Leavitt,32,United States,TV Personality,0.152516,10.5
Whitney Leavitt,32,United States,TV Personality,0.002231,9.666667
Dylan Efron,33,United States,TV Personality,0.061618,5.0
Dylan Efron,33,United States,TV Personality,0.07199,6.666667
Dylan Efron,33,United States,TV Personality,0.091057,7.666667
Dylan Efron,33,United States,TV Personality,0.070671,7.666667
Dylan Efron,33,United States,TV Personality,0.115281,9.0
Dylan Efron,33,United States,TV Personality,0.098009,8.0
Dylan Efron,33,United States,TV Personality,0.170252,9.5
Dylan Efron,33,United States,TV Personality,0.145673,9.5
Dylan Efron,33,United States,TV Personality,0.151848,10.5
Dylan Efron,33,United States,TV Personality,0.20674,9.166667
Dylan Efron,33,United States,TV Personality,0.204424,9.777733
