season,week,celebrity_name,avg_judge_score,simulated_vote_share,rank_combination_rank,percentage_combination_rank
1,1,John O'Hurley,6.666667,0.190866,1,1
1,1,Joey McIntyre,6.666667,0.189683,2,2
1,1,Rachel Hunter,6.666667,0.151151,3,4
1,1,Evander Holyfield,6.000000,0.171778,4,3
1,1,Trista Sutter,6.000000,0.167851,5,5
1,1,Kelly Monaco,4.333333,0.128671,6,6
1,2,John O'Hurley,8.666667,0.436002,1,1
1,2,Rachel Hunter,8.000000,0.277796,2,2
1,2,Joey McIntyre,7.000000,0.009202,3,4
1,2,Kelly Monaco,5.666667,0.010987,4,6
1,2,Evander Holyfield,4.666667,0.256891,5,3
1,2,Trista Sutter,6.333333,0.009123,6,5
1,3,John O'Hurley,8.000000,0.221322,1,2
1,3,Kelly Monaco,7.000000,0.260873,2,1
1,3,Rachel Hunter,8.666667,0.190128,3,3
1,3,Joey McIntyre,7.333333,0.203338,4,4
1,3,Evander Holyfield,4.333333,0.124340,5,5
1,4,John O'Hurley,7.000000,0.490685,1,1
1,4,Kelly Monaco,8.666667,0.018667,2,3
1,4,Joey McIntyre,6.666667,0.475599,3,2
1,4,Rachel Hunter,8.333333,0.015049,4,4
1,5,John O'Hurley,9.000000,0.331396,1,2
1,5,Kelly Monaco,7.833333,0.403177,2,1
1,5,Joey McIntyre,7.500000,0.265428,3,3
1,6,Kelly Monaco,9.166667,0.502261,1,1
1,6,John O'Hurley,9.000000,0.497739,2,2
2,1,Giselle Fernandez,7.666667,0.100000,1,2
2,1,Tatum O'Neal,7.666667,0.100000,2,3
2,1,Stacy Keibler,7.333333,0.100000,3,4
2,1,Drew Lachey,8.000000,0.100000,4,1
2,1,Kenny Mayne,4.333333,0.100000,5,9
2,1,George Hamilton,6.000000,0.100000,6,8
2,1,Jerry Rice,7.000000,0.100000,7,5
2,1,Tia Carrere,6.666667,0.100000,8,6
2,1,Master P,4.000000,0.100000,9,10
2,1,Lisa Rinna,6.333333,0.100000,10,7
2,2,Stacy Keibler,9.666667,0.155521,1,1
2,2,Drew Lachey,9.000000,0.146352,2,2
2,2,Jerry Rice,7.666667,0.125764,3,3
2,2,Tia Carrere,7.333333,0.123451,4,4
2,2,George Hamilton,7.333333,0.123231,5,5
2,2,Giselle Fernandez,8.000000,0.102009,6,6
2,2,Lisa Rinna,6.666667,0.112904,7,7
2,2,Master P,5.333333,0.094478,8,8
2,2,Tatum O'Neal,5.666667,0.016289,9,9
2,3,Drew Lachey,9.000000,0.153958,1,1
2,3,Stacy Keibler,9.000000,0.153471,2,2
2,3,Tia Carrere,8.666667,0.145101,3,3
2,3,Jerry Rice,6.333333,0.153839,4,5
2,3,Lisa Rinna,8.333333,0.143765,5,4
2,3,George Hamilton,7.333333,0.130797,6,6
2,3,Giselle Fernandez,7.333333,0.003301,7,8
2,3,Master P,4.666667,0.115767,8,7
2,4,Drew Lachey,9.333333,0.166817,1,1
2,4,Lisa Rinna,8.666667,0.158679,2,2
2,4,Tia Carrere,8.333333,0.155251,3,4
2,4,Stacy Keibler,8.666667,0.154854,4,3
2,4,George Hamilton,7.000000,0.166114,5,5
2,4,Jerry Rice,8.000000,0.146906,6,6
2,4,Master P,2.666667,0.051380,7,7
2,5,Stacy Keibler,10.000000,0.192918,1,1
2,5,Drew Lachey,9.000000,0.176553,2,2
2,5,Lisa Rinna,8.333333,0.166917,3,3
2,5,George Hamilton,8.000000,0.162630,4,4
2,5,Jerry Rice,7.666667,0.154405,5,5
2,5,Tia Carrere,7.333333,0.146576,6,6
2,6,Drew Lachey,10.000000,0.223608,1,1
2,6,Stacy Keibler,10.000000,0.222566,2,2
2,6,Lisa Rinna,9.000000,0.204774,3,3
2,6,George Hamilton,7.666667,0.175756,4,4
2,6,Jerry Rice,7.666667,0.173296,5,5
2,7,Stacy Keibler,9.166667,0.361539,1,1
2,7,Drew Lachey,9.166667,0.359989,2,2
2,7,Jerry Rice,6.833333,0.271405,3,3
2,7,Lisa Rinna,8.833333,0.007067,4,4
2,8,Drew Lachey,9.666600,0.344125,1,1
2,8,Stacy Keibler,9.555500,0.337468,2,2
2,8,Jerry Rice,8.888867,0.318407,3,3
3,1,Mario Lopez,8.666667,0.121054,1,1
3,1,Emmitt Smith,8.000000,0.117810,2,2
3,1,Vivica A. Fox,7.333333,0.111113,3,3
3,1,Willa Ford,7.333333,0.110597,4,4
3,1,Joey Lawrence,7.000000,0.106455,5,5
3,1,Monique Coleman,6.333333,0.096269,6,6
3,1,Shanna Moakler,6.000000,0.088638,7,7
3,1,Harry Hamlin,5.666667,0.086463,8,8
3,1,Sara Evans,5.000000,0.075608,9,9
3,1,Jerry Springer,5.333333,0.062634,10,10
3,1,Tucker Carlson,4.000000,0.023359,11,11
3,2,Joey Lawrence,9.666667,0.128402,1,1
3,2,Monique Coleman,8.666667,0.116416,2,2
3,2,Vivica A. Fox,8.000000,0.105913,3,5
3,2,Mario Lopez,7.000000,0.119771,4,3
3,2,Harry Hamlin,7.000000,0.119753,5,4
3,2,Emmitt Smith,8.000000,0.104337,6,7
3,2,Sara Evans,7.000000,0.118629,7,6
3,2,Willa Ford,7.666667,0.101157,8,8
3,2,Shanna Moakler,7.333333,0.002237,9,10
3,2,Jerry Springer,6.333333,0.083385,10,9
3,3,Vivica A. Fox,9.000000,0.136287,1,1
3,3,Monique Coleman,9.000000,0.136237,2,2
3,3,Sara Evans,8.333333,0.125169,3,3
3,3,Willa Ford,7.333333,0.126327,4,4
3,3,Joey Lawrence,7.333333,0.123125,5,6
3,3,Mario Lopez,7.333333,0.123825,6,5
3,3,Harry Hamlin,7.333333,0.002610,7,9
3,3,Jerry Springer,7.000000,0.105145,8,8
3,3,Emmitt Smith,6.333333,0.121275,9,7
3,4,Mario Lopez,9.666667,0.154450,1,1
3,4,Willa Ford,9.333333,0.148019,2,2
3,4,Emmitt Smith,8.000000,0.149435,3,4
3,4,Joey Lawrence,9.000000,0.143511,4,3
3,4,Monique Coleman,8.000000,0.145809,5,5
3,4,Vivica A. Fox,8.000000,0.002572,6,8
3,4,Sara Evans,6.666667,0.138168,7,6
3,4,Jerry Springer,7.333333,0.118036,8,7
3,5,Emmitt Smith,9.000000,0.169268,1,2
3,5,Mario Lopez,9.000000,0.170755,2,1
3,5,Monique Coleman,9.000000,0.168889,3,3
3,5,Willa Ford,9.000000,0.116901,4,6
3,5,Joey Lawrence,8.333333,0.167181,5,4
3,5,Jerry Springer,8.000000,0.148980,6,5
3,5,Sara Evans,8.000000,0.058027,7,7
3,6,Mario Lopez,9.333333,0.243078,1,1
3,6,Emmitt Smith,8.333333,0.215134,2,2
3,6,Joey Lawrence,8.000000,0.211845,3,3
3,6,Monique Coleman,7.666667,0.203101,4,4
3,6,Jerry Springer,6.000000,0.126841,5,5
3,7,Joey Lawrence,9.500000,0.232698,1,1
3,7,Emmitt Smith,9.500000,0.229084,2,2
3,7,Mario Lopez,9.333333,0.229934,3,3
3,7,Monique Coleman,9.000000,0.221800,4,4
3,7,Jerry Springer,7.666667,0.086485,5,5
3,8,Mario Lopez,9.500000,0.298660,1,1
3,8,Joey Lawrence,9.000000,0.285620,2,2
3,8,Emmitt Smith,9.000000,0.281586,3,3
3,8,Monique Coleman,8.833333,0.134134,4,4
3,9,Emmitt Smith,9.833333,0.430982,1,1
3,9,Mario Lopez,9.833333,0.420402,2,2
3,9,Joey Lawrence,9.833333,0.148615,3,3
3,10,Mario Lopez,9.888867,0.503967,1,1
3,10,Emmitt Smith,9.888867,0.496033,2,2
4,1,Joey Fatone,8.000000,0.120628,1,1
4,1,Laila Ali,7.666667,0.114694,2,2
4,1,Ian Ziering,7.000000,0.107270,3,3
4,1,Apolo Anton Ohno,7.000000,0.104985,4,4
4,1,Shandi Finnessey,6.333333,0.094387,5,5
4,1,Paulina Porizkova,6.333333,0.075834,6,7
4,1,John Ratzenberger,5.666667,0.087361,7,6
4,1,Clyde Drexler,5.333333,0.080827,8,9
4,1,Heather Mills,6.000000,0.072339,9,8
4,1,Leeza Gibbons,5.000000,0.074553,10,10
4,1,Billy Ray Cyrus,4.333333,0.067123,11,11
4,2,Laila Ali,9.000000,0.116229,1,1
4,2,Apolo Anton Ohno,8.666667,0.111686,2,2
4,2,Joey Fatone,8.000000,0.105849,3,3
4,2,Ian Ziering,7.333333,0.097407,4,5
4,2,Shandi Finnessey,6.666667,0.109845,5,4
4,2,Heather Mills,8.000000,0.082365,6,6
4,2,Billy Ray Cyrus,7.000000,0.092575,7,7
4,2,Leeza Gibbons,7.000000,0.089784,8,9
4,2,Clyde Drexler,6.000000,0.099829,9,10
4,2,John Ratzenberger,7.000000,0.092332,10,8
4,2,Paulina Porizkova,7.000000,0.002100,11,11
4,3,Joey Fatone,8.000000,0.116411,1,2
4,3,Leeza Gibbons,8.000000,0.113916,2,3
4,3,Ian Ziering,8.000000,0.117440,3,1
4,3,Apolo Anton Ohno,7.666667,0.111792,4,5
4,3,John Ratzenberger,6.666667,0.126110,5,4
4,3,Heather Mills,8.000000,0.092049,6,8
4,3,Billy Ray Cyrus,7.000000,0.109150,7,7
4,3,Laila Ali,7.000000,0.111565,8,6
4,3,Shandi Finnessey,7.000000,0.002579,9,10
4,3,Clyde Drexler,5.333333,0.098989,10,9
4,4,Joey Fatone,9.333333,0.158215,1,1
4,4,Apolo Anton Ohno,8.666667,0.146393,2,2
4,4,Ian Ziering,8.000000,0.138399,3,3
4,4,Laila Ali,7.000000,0.120670,4,4
4,4,Billy Ray Cyrus,7.000000,0.120404,5,5
4,4,Heather Mills,7.666667,0.103535,6,6
4,4,Clyde Drexler,5.000000,0.110244,7,7
4,4,John Ratzenberger,5.333333,0.098167,8,8
4,4,Leeza Gibbons,5.333333,0.003974,9,9
4,5,Apolo Anton Ohno,10.000000,0.162368,1,1
4,5,Laila Ali,9.333333,0.166512,2,2
4,5,Joey Fatone,8.333333,0.154561,3,3
4,5,Ian Ziering,8.000000,0.149970,4,4
4,5,John Ratzenberger,6.000000,0.113319,5,6
4,5,Heather Mills,7.000000,0.102964,6,5
4,5,Billy Ray Cyrus,5.666667,0.106401,7,7
4,5,Clyde Drexler,4.333333,0.043906,8,8
4,6,Laila Ali,9.333333,0.174133,1,1
4,6,Apolo Anton Ohno,9.333333,0.173634,2,2
4,6,Joey Fatone,9.000000,0.169000,3,3
4,6,Billy Ray Cyrus,7.000000,0.171734,4,4
4,6,Ian Ziering,8.000000,0.152081,5,5
4,6,John Ratzenberger,6.333333,0.156920,6,6
4,6,Heather Mills,7.666667,0.002498,7,7
4,7,Joey Fatone,9.833333,0.211141,1,1
4,7,Laila Ali,9.833333,0.210442,2,2
4,7,Ian Ziering,9.000000,0.198767,3,3
4,7,Apolo Anton Ohno,9.000000,0.193225,4,4
4,7,John Ratzenberger,7.500000,0.003830,5,6
4,7,Billy Ray Cyrus,6.333333,0.182594,6,5
4,8,Apolo Anton Ohno,9.666667,0.242982,1,1
4,8,Joey Fatone,9.166667,0.234235,2,2
4,8,Laila Ali,8.833333,0.223314,3,3
4,8,Ian Ziering,7.833333,0.202683,4,4
4,8,Billy Ray Cyrus,6.333333,0.096786,5,5
4,9,Joey Fatone,10.000000,0.293119,1,1
4,9,Laila Ali,10.000000,0.287758,2,2
4,9,Apolo Anton Ohno,9.833333,0.285461,3,3
4,9,Ian Ziering,9.666667,0.133662,4,4
4,10,Apolo Anton Ohno,9.777733,0.338535,1,1
4,10,Joey Fatone,9.555500,0.332336,2,2
4,10,Laila Ali,9.444400,0.329129,3,3
5,1,Sabrina Bryan,8.666667,0.115347,1,1
5,1,Jennie Garth,7.000000,0.094037,2,5
5,1,Helio Castroneves,8.333333,0.085954,3,2
5,1,Jane Seymour,8.000000,0.086366,4,3
5,1,Mark Cuban,7.000000,0.089995,5,8
5,1,Mel B,8.000000,0.085022,6,4
5,1,Marie Osmond,7.000000,0.092556,7,6
5,1,Albert Reed,7.000000,0.091326,8,7
5,1,Cameron Mathison,7.000000,0.075666,9,10
5,1,Wayne Newton,6.333333,0.084540,10,9
5,1,Floyd Mayweather Jr. ,6.000000,0.079725,11,11
5,1,Josie Maran,5.333333,0.019466,12,12
5,2,Sabrina Bryan,8.666667,0.118034,1,1
5,2,Marie Osmond,8.000000,0.108389,2,2
5,2,Floyd Mayweather Jr. ,7.000000,0.103502,3,4
5,2,Helio Castroneves,9.000000,0.095178,4,3
5,2,Cameron Mathison,7.000000,0.098862,5,6
5,2,Jane Seymour,7.000000,0.098839,6,7
5,2,Mel B,7.666667,0.084576,7,8
5,2,Jennie Garth,7.000000,0.100897,8,5
5,2,Mark Cuban,6.000000,0.101872,9,9
5,2,Albert Reed,7.000000,0.002408,10,11
5,2,Wayne Newton,5.000000,0.087443,11,10
5,3,Sabrina Bryan,9.000000,0.131057,1,1
5,3,Jane Seymour,9.000000,0.105788,2,4
5,3,Jennie Garth,8.666667,0.126766,3,2
5,3,Mel B,9.000000,0.104799,4,5
5,3,Marie Osmond,8.666667,0.125197,5,3
5,3,Helio Castroneves,8.000000,0.090604,6,6
5,3,Floyd Mayweather Jr. ,7.000000,0.100743,7,7
5,3,Cameron Mathison,7.666667,0.089918,8,8
5,3,Mark Cuban,6.666667,0.094370,9,9
5,3,Wayne Newton,6.000000,0.030758,10,10
5,4,Sabrina Bryan,10.000000,0.152630,1,1
5,4,Jennie Garth,9.000000,0.138730,2,2
5,4,Cameron Mathison,9.000000,0.111535,3,5
5,4,Marie Osmond,8.666667,0.131583,4,3
5,4,Helio Castroneves,9.000000,0.106958,5,6
5,4,Mark Cuban,7.333333,0.141018,6,4
5,4,Mel B,8.666667,0.107543,7,7
5,4,Jane Seymour,8.666667,0.107479,8,8
5,4,Floyd Mayweather Jr. ,7.666667,0.002525,9,9
5,5,Sabrina Bryan,9.333333,0.172361,1,1
5,5,Mel B,9.666667,0.144181,2,2
5,5,Jennie Garth,8.333333,0.155335,3,3
5,5,Jane Seymour,8.666667,0.130517,4,4
5,5,Cameron Mathison,8.666667,0.129864,5,5
5,5,Marie Osmond,7.000000,0.137083,6,6
5,5,Helio Castroneves,7.666667,0.112422,7,7
5,5,Mark Cuban,7.000000,0.018236,8,8
5,6,Mel B,10.000000,0.156958,1,3
5,6,Jennie Garth,9.000000,0.176826,2,1
5,6,Marie Osmond,7.666667,0.196207,3,2
5,6,Helio Castroneves,9.333333,0.142953,4,5
5,6,Cameron Mathison,8.333333,0.172326,5,4
5,6,Sabrina Bryan,8.333333,0.003066,6,7
5,6,Jane Seymour,7.333333,0.151664,7,6
5,7,Jennie Garth,8.833333,0.213967,1,1
5,7,Mel B,9.000000,0.174333,2,3
5,7,Marie Osmond,8.666667,0.207686,3,2
5,7,Helio Castroneves,8.666667,0.163571,4,5
5,7,Cameron Mathison,8.500000,0.166793,5,4
5,7,Jane Seymour,8.333333,0.073650,6,6
5,8,Mel B,9.333333,0.196795,1,4
5,8,Jennie Garth,8.333333,0.242979,2,1
5,8,Helio Castroneves,9.500000,0.194662,3,3
5,8,Marie Osmond,8.166667,0.236013,4,2
5,8,Cameron Mathison,8.500000,0.129552,5,5
5,9,Mel B,10.000000,0.279011,1,2
5,9,Helio Castroneves,10.000000,0.270152,2,3
5,9,Marie Osmond,9.333333,0.445895,3,1
5,9,Jennie Garth,9.666667,0.004942,4,4
5,10,Mel B,9.444400,0.333935,1,1
5,10,Marie Osmond,7.666667,0.342007,2,3
5,10,Helio Castroneves,9.333300,0.324058,3,2
6,1,Kristi Yamaguchi,9.000000,0.112775,1,1
6,1,Priscilla Presley,8.000000,0.102329,2,2
6,1,Mario,8.000000,0.101645,3,3
6,1,Marlee Matlin,7.333333,0.094118,4,4
6,1,Jason Taylor,7.333333,0.092422,5,5
6,1,Shannon Elizabeth,7.000000,0.090108,6,6
6,1,Cristian de la Fuente,7.000000,0.072426,7,7
6,1,Steve Guttenberg,6.000000,0.077734,8,8
6,1,Marissa Jaret Winokur,6.000000,0.077638,9,9
6,1,Penn Jillette,5.333333,0.065544,10,10
6,1,Adam Carolla,5.000000,0.061908,11,11
6,1,Monica Seles,5.000000,0.051352,12,12
6,2,Jason Taylor,9.000000,0.110388,1,1
6,2,Kristi Yamaguchi,9.000000,0.110268,2,2
6,2,Mario,8.666667,0.108091,3,3
6,2,Marlee Matlin,8.000000,0.100426,4,4
6,2,Shannon Elizabeth,8.000000,0.100263,5,5
6,2,Priscilla Presley,7.000000,0.088213,6,6
6,2,Marissa Jaret Winokur,7.000000,0.088108,7,7
6,2,Adam Carolla,6.333333,0.076436,8,8
6,2,Cristian de la Fuente,6.666667,0.067428,9,9
6,2,Steve Guttenberg,5.333333,0.073596,10,10
6,2,Penn Jillette,5.666667,0.046838,11,11
6,2,Monica Seles,5.000000,0.029946,12,12
6,3,Kristi Yamaguchi,9.000000,0.123408,1,1
6,3,Priscilla Presley,8.666667,0.119483,2,2
6,3,Shannon Elizabeth,8.000000,0.111293,3,3
6,3,Adam Carolla,7.000000,0.113855,4,4
6,3,Cristian de la Fuente,8.333333,0.093339,5,6
6,3,Jason Taylor,7.666667,0.104722,6,5
6,3,Marissa Jaret Winokur,6.333333,0.112720,7,9
6,3,Mario,7.000000,0.110032,8,7
6,3,Marlee Matlin,7.000000,0.108657,9,8
6,3,Steve Guttenberg,7.000000,0.002492,10,10
6,4,Kristi Yamaguchi,9.666667,0.137288,1,1
6,4,Jason Taylor,9.666667,0.136893,2,2
6,4,Shannon Elizabeth,9.333333,0.134767,3,3
6,4,Marlee Matlin,8.000000,0.116327,4,4
6,4,Marissa Jaret Winokur,8.000000,0.115802,5,5
6,4,Cristian de la Fuente,8.666667,0.101063,6,7
6,4,Mario,8.000000,0.115120,7,6
6,4,Priscilla Presley,7.333333,0.107334,8,8
6,4,Adam Carolla,6.333333,0.035405,9,9
6,5,Kristi Yamaguchi,9.666667,0.163796,1,1
6,5,Mario,9.000000,0.154567,2,2
6,5,Jason Taylor,9.000000,0.152222,3,3
6,5,Marissa Jaret Winokur,8.000000,0.139052,4,4
6,5,Shannon Elizabeth,7.666667,0.133493,5,5
6,5,Cristian de la Fuente,7.666667,0.108836,6,7
6,5,Marlee Matlin,7.333333,0.128658,7,6
6,5,Priscilla Presley,7.000000,0.019377,8,8
6,6,Kristi Yamaguchi,10.000000,0.180215,1,1
6,6,Mario,9.333333,0.169933,2,2
6,6,Marissa Jaret Winokur,8.666667,0.159382,3,3
6,6,Shannon Elizabeth,8.000000,0.148090,4,5
6,6,Cristian de la Fuente,9.000000,0.133545,5,4
6,6,Jason Taylor,8.000000,0.145078,6,6
6,6,Marlee Matlin,7.000000,0.063757,7,7
6,7,Jason Taylor,9.166667,0.200147,1,2
6,7,Kristi Yamaguchi,9.000000,0.198761,2,3
6,7,Mario,8.500000,0.219701,3,1
6,7,Marissa Jaret Winokur,8.666667,0.194701,4,4
6,7,Shannon Elizabeth,8.500000,0.003466,5,6
6,7,Cristian de la Fuente,7.666667,0.183225,6,5
6,8,Jason Taylor,8.666667,0.289094,1,1
6,8,Kristi Yamaguchi,9.166667,0.230052,2,3
6,8,Cristian de la Fuente,9.500000,0.193597,3,4
6,8,Marissa Jaret Winokur,8.333333,0.283486,4,2
6,8,Mario,8.833333,0.003771,5,5
6,9,Kristi Yamaguchi,9.500000,0.345066,1,1
6,9,Cristian de la Fuente,9.333333,0.289775,2,3
6,9,Jason Taylor,9.166667,0.340625,3,2
6,9,Marissa Jaret Winokur,8.666667,0.024534,4,4
6,10,Kristi Yamaguchi,10.000000,0.368255,1,1
6,10,Jason Taylor,9.500000,0.353348,2,2
6,10,Cristian de la Fuente,8.666667,0.278397,3,3
7,1,Brooke Burke,8.166667,0.095136,1,1
7,1,Toni Braxton,7.500000,0.092385,2,2
7,1,Lance Bass,7.166667,0.088843,3,3
7,1,Warren Sapp,7.166667,0.087339,4,4
7,1,Misty May-Treanor,7.000000,0.085594,5,5
7,1,Cody Linley,6.833333,0.085064,6,6
7,1,Maurice Greene,6.500000,0.079522,7,7
7,1,Susan Lucci,6.166667,0.078924,8,8
7,1,Kim Kardashian,6.166667,0.077076,9,9
7,1,Ted McGinley,6.166667,0.060351,10,12
7,1,Rocco DiSpirito,5.833333,0.074459,11,10
7,1,Cloris Leachman,5.333333,0.070831,12,11
7,1,Jeffrey Ross,4.000000,0.024477,13,13
7,2,Warren Sapp,8.000000,0.109957,1,1
7,2,Brooke Burke,8.000000,0.107342,2,2
7,2,Toni Braxton,7.666667,0.106115,3,3
7,2,Susan Lucci,7.000000,0.100653,4,4
7,2,Cody Linley,7.000000,0.099799,5,5
7,2,Lance Bass,6.666667,0.100314,6,6
7,2,Misty May-Treanor,7.000000,0.068507,7,9
7,2,Maurice Greene,6.333333,0.094791,8,7
7,2,Rocco DiSpirito,5.333333,0.091870,9,8
7,2,Cloris Leachman,5.000000,0.089501,10,10
7,2,Kim Kardashian,5.666667,0.031151,11,11
7,3,Brooke Burke,9.333333,0.136011,1,1
7,3,Warren Sapp,8.333333,0.124783,2,2
7,3,Maurice Greene,8.000000,0.120079,3,3
7,3,Lance Bass,7.333333,0.111444,4,4
7,3,Toni Braxton,7.333333,0.111324,5,5
7,3,Cody Linley,7.000000,0.107517,6,6
7,3,Susan Lucci,7.000000,0.107071,7,7
7,3,Rocco DiSpirito,6.666667,0.098790,8,8
7,3,Cloris Leachman,5.333333,0.082981,9,9
7,4,Lance Bass,8.666667,0.135471,1,1
7,4,Brooke Burke,8.666667,0.131480,2,2
7,4,Susan Lucci,8.000000,0.125880,3,3
7,4,Cody Linley,7.666667,0.121289,4,4
7,4,Cloris Leachman,7.333333,0.115883,5,5
7,4,Toni Braxton,7.333333,0.115109,6,6
7,4,Warren Sapp,7.333333,0.114094,7,7
7,4,Maurice Greene,6.666667,0.103833,8,8
7,4,Rocco DiSpirito,6.000000,0.036961,9,9
7,5,Brooke Burke,9.666667,0.150854,1,1
7,5,Cody Linley,9.333333,0.150068,2,2
7,5,Maurice Greene,9.000000,0.142705,3,3
7,5,Warren Sapp,8.333333,0.131199,4,4
7,5,Cloris Leachman,7.000000,0.146316,5,5
7,5,Lance Bass,7.000000,0.144979,6,6
7,5,Susan Lucci,7.333333,0.131046,7,7
7,5,Toni Braxton,7.333333,0.002833,8,8
7,6,Lance Bass,9.000000,0.176628,1,1
7,6,Brooke Burke,8.666667,0.165417,2,2
7,6,Warren Sapp,8.333333,0.162736,3,3
7,6,Cody Linley,7.666667,0.153214,4,4
7,6,Susan Lucci,7.666667,0.152970,5,5
7,6,Maurice Greene,7.000000,0.137620,6,6
7,6,Cloris Leachman,5.000000,0.051414,7,7
7,7,Brooke Burke,10.000000,0.210789,1,1
7,7,Cody Linley,7.333333,0.215826,2,2
7,7,Lance Bass,8.333333,0.184043,3,3
7,7,Maurice Greene,8.333333,0.183690,4,4
7,7,Warren Sapp,7.000000,0.202022,5,5
7,7,Susan Lucci,8.000000,0.003631,6,6
7,8,Brooke Burke,9.166667,0.229989,1,1
7,8,Warren Sapp,9.000000,0.230481,2,2
7,8,Lance Bass,8.333333,0.215521,3,3
7,8,Cody Linley,8.000000,0.220915,4,4
7,8,Maurice Greene,8.000000,0.103093,5,5
7,9,Lance Bass,9.500000,0.311279,1,1
7,9,Warren Sapp,8.166667,0.267560,2,2
7,9,Brooke Burke,8.166667,0.262751,3,3
7,9,Cody Linley,7.666667,0.158410,4,4
7,10,Brooke Burke,10.000000,0.344408,1,1
7,10,Lance Bass,9.166667,0.329617,2,2
7,10,Warren Sapp,9.166667,0.325975,3,3
8,1,Shawn Johnson,7.666667,0.097185,1,1
8,1,Melissa Rycroft,7.666667,0.095275,2,2
8,1,Gilles Marini,8.000000,0.082976,3,3
8,1,Lil' Kim,7.000000,0.090022,4,4
8,1,Chuck Wicks,6.666667,0.086130,5,5
8,1,David Alan Grier,6.333333,0.082205,6,6
8,1,Denise Richards,6.000000,0.077758,7,7
8,1,Holly Madison,6.000000,0.075232,8,8
8,1,Belinda Carlisle,5.666667,0.073149,9,9
8,1,Lawrence Taylor,5.333333,0.068403,10,10
8,1,Steve-O,5.666667,0.057146,11,11
8,1,Ty Murray,4.666667,0.060054,12,12
8,1,Steve Wozniak,4.333333,0.054466,13,13
8,2,Melissa Rycroft,8.666667,0.098672,1,1
8,2,Shawn Johnson,8.000000,0.094198,2,3
8,2,Gilles Marini,9.000000,0.086660,3,2
8,2,Lil' Kim,7.666667,0.090699,4,4
8,2,Denise Richards,7.000000,0.083837,5,5
8,2,David Alan Grier,5.666667,0.086568,6,9
8,2,Chuck Wicks,6.666667,0.079675,7,6
8,2,Holly Madison,6.000000,0.082533,8,10
8,2,Ty Murray,6.666667,0.078961,9,7
8,2,Lawrence Taylor,6.666667,0.078485,10,8
8,2,Steve Wozniak,5.666667,0.082402,11,11
8,2,Belinda Carlisle,6.000000,0.002475,12,13
8,2,Steve-O,4.666667,0.054834,13,12
8,3,Shawn Johnson,9.000000,0.113225,1,1
8,3,Melissa Rycroft,9.000000,0.112156,2,2
8,3,Lil' Kim,8.333333,0.107067,3,3
8,3,Gilles Marini,9.000000,0.093157,4,4
8,3,David Alan Grier,8.000000,0.103598,5,5
8,3,Chuck Wicks,7.666667,0.098595,6,6
8,3,Ty Murray,7.666667,0.097283,7,7
8,3,Lawrence Taylor,6.666667,0.085131,8,8
8,3,Holly Madison,5.666667,0.070798,9,9
8,3,Steve-O,5.000000,0.063535,10,10
8,3,Denise Richards,5.333333,0.003038,11,12
8,3,Steve Wozniak,3.333333,0.052416,12,11
8,4,Melissa Rycroft,9.666667,0.120219,1,1
8,4,Lil' Kim,9.000000,0.116176,2,2
8,4,Gilles Marini,10.000000,0.103385,3,3
8,4,Ty Murray,8.333333,0.111096,4,4
8,4,Shawn Johnson,8.333333,0.111008,5,5
8,4,David Alan Grier,7.333333,0.101450,6,6
8,4,Chuck Wicks,7.333333,0.100668,7,7
8,4,Lawrence Taylor,6.333333,0.086695,8,8
8,4,Steve-O,5.000000,0.057417,9,10
8,4,Holly Madison,5.333333,0.054717,10,9
8,4,Steve Wozniak,4.000000,0.037168,11,11
8,5,Lil' Kim,8.666667,0.134848,1,2
8,5,Shawn Johnson,8.666667,0.132540,2,3
8,5,Gilles Marini,9.666667,0.122394,3,1
8,5,Ty Murray,7.000000,0.138729,4,5
8,5,Melissa Rycroft,8.333333,0.124501,5,4
8,5,Chuck Wicks,7.666667,0.118789,6,6
8,5,Lawrence Taylor,6.666667,0.132164,7,7
8,5,David Alan Grier,7.333333,0.002718,8,9
8,5,Steve-O,6.000000,0.093317,9,8
8,6,Lil' Kim,9.333333,0.164370,1,1
8,6,Melissa Rycroft,9.000000,0.153662,2,2
8,6,Shawn Johnson,8.666667,0.151796,3,3
8,6,Chuck Wicks,7.666667,0.136231,4,5
8,6,Gilles Marini,8.666667,0.124159,5,4
8,6,Lawrence Taylor,7.333333,0.129259,6,6
8,6,Ty Murray,6.000000,0.106470,7,7
8,6,Steve-O,5.333333,0.034053,8,8
8,7,Melissa Rycroft,9.666667,0.170702,1,1
8,7,Shawn Johnson,9.333333,0.167474,2,2
8,7,Chuck Wicks,9.000000,0.163886,3,3
8,7,Gilles Marini,9.000000,0.132673,4,5
8,7,Lil' Kim,8.666667,0.158093,5,4
8,7,Ty Murray,8.000000,0.144600,6,6
8,7,Lawrence Taylor,7.000000,0.062572,7,7
8,8,Lil' Kim,9.333333,0.210885,1,1
8,8,Ty Murray,8.666667,0.195932,2,3
8,8,Melissa Rycroft,7.666667,0.225224,3,2
8,8,Gilles Marini,9.166667,0.170281,4,5
8,8,Shawn Johnson,8.666667,0.194160,5,4
8,8,Chuck Wicks,8.500000,0.003518,6,6
8,9,Melissa Rycroft,9.500000,0.251389,1,1
8,9,Shawn Johnson,9.333333,0.251794,2,2
8,9,Gilles Marini,9.333333,0.209176,3,4
8,9,Ty Murray,7.666667,0.283381,4,3
8,9,Lil' Kim,8.666667,0.004259,5,5
8,10,Shawn Johnson,9.333333,0.295569,1,1
8,10,Gilles Marini,10.000000,0.259760,2,3
8,10,Melissa Rycroft,9.166667,0.286454,3,2
8,10,Ty Murray,8.000000,0.158217,4,4
8,11,Shawn Johnson,10.000000,0.361048,1,1
8,11,Gilles Marini,9.666667,0.297616,2,3
8,11,Melissa Rycroft,9.500000,0.341336,3,2
9,1,Aaron Carter,10.666633,0.084364,1,1
9,1,Mya,10.333300,0.081849,2,2
9,1,Joanna Krupa,11.333300,0.070765,3,3
9,1,Donny Osmond,9.999967,0.079132,4,4
9,1,Mark Dacascos,9.666600,0.077317,5,5
9,1,Kelly Osbourne,10.333267,0.063861,6,6
9,1,Louie Vito,8.999933,0.070990,7,7
9,1,Natalie Coughlin,8.999933,0.070396,8,8
9,1,Melissa Joan Hart,8.000000,0.064350,9,9
9,1,Debi Mazar,7.333333,0.059088,10,10
9,1,Chuck Liddell,7.333333,0.058041,11,11
9,1,Kathy Ireland,6.666633,0.052260,12,13
9,1,Michael Irvin,6.333333,0.057306,13,12
9,1,Tom DeLay,6.666633,0.050316,14,14
9,1,Ashley Hamiliton,6.333300,0.030402,15,15
9,1,Macy Gray,6.333300,0.029562,16,16
9,2,Mya,9.000000,0.099417,1,1
9,2,Aaron Carter,9.000000,0.098922,2,2
9,2,Donny Osmond,8.333333,0.092375,3,3
9,2,Debi Mazar,7.000000,0.078330,4,4
9,2,Natalie Coughlin,7.000000,0.076592,5,6
9,2,Mark Dacascos,7.000000,0.077929,6,5
9,2,Michael Irvin,6.666667,0.072950,7,7
9,2,Chuck Liddell,6.333333,0.070125,8,10
9,2,Joanna Krupa,6.666667,0.058452,9,12
9,2,Melissa Joan Hart,6.333333,0.071375,10,9
9,2,Tom DeLay,6.000000,0.075971,11,8
9,2,Louie Vito,6.333333,0.069982,12,11
9,2,Kelly Osbourne,6.333333,0.055320,13,13
9,2,Kathy Ireland,6.000000,0.002260,14,14
9,3,Mya,9.000000,0.111668,1,1
9,3,Natalie Coughlin,8.666667,0.106714,2,2
9,3,Aaron Carter,7.000000,0.087831,3,3
9,3,Donny Osmond,7.000000,0.087703,4,4
9,3,Louie Vito,6.666667,0.082679,5,6
9,3,Joanna Krupa,7.666667,0.075589,6,5
9,3,Melissa Joan Hart,6.333333,0.080535,7,7
9,3,Mark Dacascos,6.000000,0.076204,8,8
9,3,Kelly Osbourne,6.666667,0.065164,9,9
9,3,Chuck Liddell,5.666667,0.075634,10,10
9,3,Michael Irvin,4.666667,0.073765,11,11
9,3,Debi Mazar,5.666667,0.044297,12,12
9,3,Tom DeLay,5.000000,0.032217,13,13
9,4,Melissa Joan Hart,9.333333,0.125701,1,1
9,4,Mya,9.333333,0.124821,2,2
9,4,Donny Osmond,8.000000,0.107113,3,3
9,4,Natalie Coughlin,8.000000,0.105649,4,4
9,4,Joanna Krupa,8.666667,0.091343,5,5
9,4,Mark Dacascos,7.333333,0.099389,6,6
9,4,Kelly Osbourne,7.666667,0.080524,7,7
9,4,Aaron Carter,6.000000,0.081025,8,10
9,4,Michael Irvin,5.333333,0.090746,9,8
9,4,Louie Vito,5.333333,0.090739,10,9
9,4,Chuck Liddell,5.666667,0.002950,11,11
9,5,Donny Osmond,9.666667,0.131240,1,1
9,5,Mya,9.000000,0.123510,2,2
9,5,Mark Dacascos,8.666667,0.121065,3,3
9,5,Aaron Carter,8.000000,0.109385,4,5
9,5,Joanna Krupa,8.000000,0.086766,5,8
9,5,Michael Irvin,7.000000,0.122268,6,4
9,5,Melissa Joan Hart,7.666667,0.106262,7,7
9,5,Louie Vito,7.333333,0.111073,8,6
9,5,Kelly Osbourne,8.000000,0.086031,9,9
9,5,Natalie Coughlin,7.333333,0.002400,10,10
9,6,Aaron Carter,10.999933,0.141600,1,1
9,6,Mya,11.000000,0.141076,2,2
9,6,Mark Dacascos,10.666667,0.137983,3,3
9,6,Joanna Krupa,11.999967,0.121140,4,4
9,6,Donny Osmond,10.333300,0.132725,5,5
9,6,Kelly Osbourne,8.333267,0.084733,6,7
9,6,Michael Irvin,7.333267,0.121488,7,6
9,6,Louie Vito,8.000000,0.059760,8,8
9,6,Melissa Joan Hart,7.999967,0.059495,9,9
9,7,Aaron Carter,8.833333,0.174491,1,1
9,7,Donny Osmond,8.666667,0.170971,2,2
9,7,Joanna Krupa,9.166667,0.143196,3,4
9,7,Mya,8.166667,0.161465,4,3
9,7,Kelly Osbourne,8.666667,0.134485,5,5
9,7,Michael Irvin,7.833333,0.110735,6,6
9,7,Mark Dacascos,7.166667,0.104657,7,7
9,8,Mya,9.833333,0.292358,1,1
9,8,Joanna Krupa,8.666667,0.208649,2,3
9,8,Kelly Osbourne,8.500000,0.204186,3,4
9,8,Donny Osmond,8.333333,0.289978,4,2
9,8,Aaron Carter,8.333333,0.004829,5,5
9,9,Mya,9.666633,0.310598,1,2
9,9,Donny Osmond,8.222200,0.374605,2,1
9,9,Joanna Krupa,9.000000,0.007782,3,4
9,9,Kelly Osbourne,8.666600,0.307015,4,3
9,10,Donny Osmond,9.666600,0.369586,1,1
9,10,Mya,9.444400,0.362711,2,2
9,10,Kelly Osbourne,8.407400,0.267704,3,3
10,1,Nicole Scherzinger,8.333333,0.123084,1,1
10,1,Evan Lysacek,7.666667,0.112451,2,2
10,1,Erin Andrews,7.000000,0.100489,3,3
10,1,Jake Pavelka,6.666667,0.096747,4,4
10,1,Pamela Anderson,7.000000,0.082316,5,5
10,1,Shannen Doherty,6.000000,0.090912,6,6
10,1,Niecy Nash,6.000000,0.090464,7,7
10,1,Chad Ochocinco,6.000000,0.089233,8,8
10,1,Kate Gosselin,5.333333,0.078103,9,9
10,1,Aiden Turner,5.000000,0.061377,10,11
10,1,Buzz Aldrin,4.666667,0.074825,11,10
10,2,Nicole Scherzinger,9.333333,0.131433,1,1
10,2,Evan Lysacek,8.000000,0.111990,2,2
10,2,Erin Andrews,7.666667,0.104978,3,3
10,2,Jake Pavelka,6.666667,0.112322,4,4
10,2,Niecy Nash,7.000000,0.100221,5,5
10,2,Pamela Anderson,7.333333,0.082195,6,6
10,2,Aiden Turner,6.333333,0.092969,7,7
10,2,Chad Ochocinco,5.333333,0.096077,8,8
10,2,Kate Gosselin,5.000000,0.088248,9,9
10,2,Shannen Doherty,6.666667,0.002707,10,11
10,2,Buzz Aldrin,4.000000,0.076860,11,10
10,3,Evan Lysacek,8.666667,0.138139,1,1
10,3,Nicole Scherzinger,7.666667,0.124469,2,2
10,3,Erin Andrews,7.666667,0.119278,3,3
10,3,Niecy Nash,7.000000,0.114885,4,4
10,3,Jake Pavelka,7.000000,0.110470,5,5
10,3,Pamela Anderson,7.000000,0.089515,6,7
10,3,Chad Ochocinco,6.666667,0.107648,7,6
10,3,Aiden Turner,6.666667,0.088106,8,8
10,3,Kate Gosselin,5.000000,0.079311,9,9
10,3,Buzz Aldrin,4.333333,0.028178,10,10
10,4,Evan Lysacek,8.666667,0.149889,1,1
10,4,Nicole Scherzinger,8.333333,0.146653,2,2
10,4,Chad Ochocinco,7.333333,0.127217,3,3
10,4,Pamela Anderson,7.833333,0.108250,4,4
10,4,Erin Andrews,6.500000,0.110346,5,5
10,4,Jake Pavelka,6.333333,0.108679,6,6
10,4,Niecy Nash,6.000000,0.106725,7,7
10,4,Kate Gosselin,5.333333,0.105969,8,8
10,4,Aiden Turner,5.500000,0.036272,9,9
10,5,Nicole Scherzinger,9.666667,0.181191,1,1
10,5,Evan Lysacek,9.000000,0.166829,2,2
10,5,Jake Pavelka,7.666667,0.141175,3,3
10,5,Erin Andrews,7.333333,0.134161,4,4
10,5,Pamela Anderson,7.000000,0.104954,5,5
10,5,Niecy Nash,6.000000,0.115738,6,6
10,5,Chad Ochocinco,6.000000,0.113345,7,7
10,5,Kate Gosselin,5.000000,0.042609,8,8
10,6,Nicole Scherzinger,11.999967,0.189442,1,1
10,6,Erin Andrews,11.333333,0.173809,2,2
10,6,Chad Ochocinco,10.333300,0.164108,3,3
10,6,Evan Lysacek,9.000000,0.143058,4,4
10,6,Pamela Anderson,9.999933,0.126324,5,5
10,6,Niecy Nash,8.666600,0.139902,6,6
10,6,Jake Pavelka,8.333300,0.063358,7,7
10,7,Nicole Scherzinger,9.000000,0.187389,1,1
10,7,Evan Lysacek,9.000000,0.185216,2,2
10,7,Niecy Nash,8.166667,0.193931,3,3
10,7,Chad Ochocinco,8.666667,0.178430,4,4
10,7,Erin Andrews,8.500000,0.170469,5,5
10,7,Pamela Anderson,8.500000,0.084564,6,6
10,8,Nicole Scherzinger,9.833333,0.251883,1,1
10,8,Evan Lysacek,8.833333,0.225948,2,2
10,8,Erin Andrews,8.833333,0.220053,3,3
10,8,Chad Ochocinco,7.500000,0.194651,4,4
10,8,Niecy Nash,7.166667,0.107466,5,5
10,9,Nicole Scherzinger,9.833333,0.289969,1,1
10,9,Evan Lysacek,9.833333,0.286807,2,2
10,9,Erin Andrews,9.333333,0.265804,3,3
10,9,Chad Ochocinco,8.666667,0.157420,4,4
10,10,Nicole Scherzinger,9.592567,0.349552,1,1
10,10,Evan Lysacek,8.962900,0.327642,2,2
10,10,Erin Andrews,8.999933,0.322807,3,3
11,1,Jennifer Grey,8.000000,0.112555,1,1
11,1,Kyle Massey,7.666667,0.107969,2,2
11,1,Brandy,7.666667,0.107018,3,3
11,1,Kurt Warner,6.333333,0.088531,4,5
11,1,Audrina Patridge,6.333333,0.086572,5,6
11,1,Florence Henderson,6.000000,0.085842,6,7
11,1,Rick Fox,7.333333,0.082201,7,4
11,1,Bristol Palin,6.000000,0.082878,8,8
11,1,The Situation,5.000000,0.082369,9,10
11,1,Margaret Cho,5.000000,0.082399,10,9
11,1,Michael Bolton,5.333333,0.075761,11,11
11,1,David Hasselhoff,5.000000,0.005907,12,12
11,2,Jennifer Grey,8.000000,0.116333,1,1
11,2,Audrina Patridge,7.666667,0.107881,2,2
11,2,Kyle Massey,7.333333,0.106908,3,3
11,2,Bristol Palin,7.333333,0.102992,4,4
11,2,Brandy,7.000000,0.101533,5,5
11,2,Kurt Warner,7.000000,0.100552,6,6
11,2,Rick Fox,7.000000,0.080862,7,8
11,2,Florence Henderson,6.333333,0.093078,8,7
11,2,The Situation,6.000000,0.084858,9,9
11,2,Margaret Cho,6.000000,0.084802,10,10
11,2,Michael Bolton,4.000000,0.020201,11,11
11,3,Audrina Patridge,8.666667,0.123842,1,1
11,3,Jennifer Grey,8.000000,0.119457,2,2
11,3,Brandy,8.000000,0.118280,3,3
11,3,Kyle Massey,7.666667,0.113671,4,4
11,3,Rick Fox,8.000000,0.094365,5,6
11,3,Kurt Warner,7.666667,0.112042,6,5
11,3,Florence Henderson,6.666667,0.099797,7,7
11,3,The Situation,6.666667,0.096760,8,8
11,3,Bristol Palin,6.333333,0.091431,9,9
11,3,Margaret Cho,6.000000,0.030355,10,10
11,4,Jennifer Grey,9.333333,0.168793,1,1
11,4,Brandy,8.000000,0.144167,2,2
11,4,Audrina Patridge,7.666667,0.134318,3,3
11,4,Kyle Massey,6.666667,0.121517,4,4
11,4,Florence Henderson,5.833333,0.107024,5,5
11,4,Rick Fox,6.500000,0.093569,6,6
11,4,Kurt Warner,5.666667,0.101771,7,7
11,4,Bristol Palin,5.333333,0.094619,8,8
11,4,The Situation,4.666667,0.034222,9,9
11,5,Brandy,9.000000,0.160482,1,1
11,5,Jennifer Grey,8.333333,0.151083,2,2
11,5,Kurt Warner,8.000000,0.143189,3,3
11,5,Kyle Massey,6.666667,0.156825,4,4
11,5,Rick Fox,8.000000,0.114435,5,6
11,5,Audrina Patridge,7.666667,0.134788,6,5
11,5,Bristol Palin,6.000000,0.135883,7,7
11,5,Florence Henderson,7.000000,0.003314,8,8
11,6,Brandy,11.999967,0.172160,1,1
11,6,Kyle Massey,9.999967,0.189067,2,2
11,6,Jennifer Grey,9.666667,0.182805,3,3
11,6,Rick Fox,10.000000,0.148406,4,5
11,6,Audrina Patridge,10.666600,0.001690,5,7
11,6,Bristol Palin,9.333267,0.169872,6,4
11,6,Kurt Warner,7.333300,0.136000,7,6
11,7,Jennifer Grey,9.125000,0.185485,1,1
11,7,Brandy,9.125000,0.182915,2,2
11,7,Kyle Massey,8.375000,0.189025,3,3
11,7,Kurt Warner,8.750000,0.174362,4,4
11,7,Bristol Palin,8.125000,0.176496,5,5
11,7,Rick Fox,8.625000,0.091718,6,6
11,8,Jennifer Grey,9.500000,0.243591,1,1
11,8,Brandy,9.500000,0.238196,2,2
11,8,Bristol Palin,7.833333,0.253717,3,4
11,8,Kyle Massey,9.333333,0.238312,4,3
11,8,Kurt Warner,8.000000,0.026185,5,5
11,9,Jennifer Grey,10.000000,0.312859,1,2
11,9,Kyle Massey,9.666667,0.303763,2,3
11,9,Bristol Palin,8.833333,0.378274,3,1
11,9,Brandy,9.500000,0.005104,4,4
11,10,Jennifer Grey,10.000000,0.359221,1,1
11,10,Kyle Massey,9.111067,0.333123,2,2
11,10,Bristol Palin,8.555533,0.307656,3,3
12,1,Ralph Macchio,8.000000,0.120821,1,1
12,1,Kirstie Alley,7.666667,0.116578,2,2
12,1,Chelsea Kane,7.000000,0.106790,3,3
12,1,Romeo,6.333333,0.096209,4,4
12,1,Chris Jericho,6.333333,0.095300,5,5
12,1,Hines Ward,7.000000,0.084291,6,6
12,1,Kendra Wilkinson,6.000000,0.088648,7,7
12,1,Sugar Ray Leonard,5.666667,0.085433,8,8
12,1,Petra Nemcova,6.000000,0.071730,9,9
12,1,Wendy Williams,4.666667,0.069828,10,10
12,1,Mike Catherwood,4.333333,0.064374,11,11
12,2,Romeo,7.666667,0.118162,1,1
12,2,Chris Jericho,7.666667,0.117259,2,2
12,2,Ralph Macchio,7.000000,0.109523,3,3
12,2,Kirstie Alley,6.666667,0.104754,4,5
12,2,Hines Ward,7.666667,0.094536,5,4
12,2,Kendra Wilkinson,6.333333,0.096006,6,6
12,2,Chelsea Kane,6.000000,0.095385,7,7
12,2,Petra Nemcova,6.000000,0.073741,8,10
12,2,Wendy Williams,5.666667,0.094073,9,8
12,2,Sugar Ray Leonard,5.666667,0.092745,10,9
12,2,Mike Catherwood,5.666667,0.003815,11,11
12,3,Chelsea Kane,7.666667,0.119495,1,1
12,3,Kendra Wilkinson,7.666667,0.114613,2,2
12,3,Ralph Macchio,7.000000,0.109947,3,5
12,3,Hines Ward,8.333333,0.102909,4,3
12,3,Petra Nemcova,8.333333,0.101479,5,4
12,3,Kirstie Alley,7.000000,0.109651,6,6
12,3,Chris Jericho,7.000000,0.108247,7,7
12,3,Romeo,6.666667,0.103081,8,8
12,3,Sugar Ray Leonard,6.666667,0.102912,9,9
12,3,Wendy Williams,5.000000,0.027665,10,10
12,4,Chelsea Kane,8.666667,0.143959,1,1
12,4,Ralph Macchio,8.333333,0.139518,2,2
12,4,Chris Jericho,7.666667,0.127194,3,3
12,4,Hines Ward,8.333333,0.110245,4,5
12,4,Romeo,7.666667,0.126352,5,4
12,4,Petra Nemcova,7.666667,0.100184,6,8
12,4,Kirstie Alley,7.333333,0.124029,7,6
12,4,Kendra Wilkinson,6.000000,0.125513,8,7
12,4,Sugar Ray Leonard,7.000000,0.003005,9,9
12,5,Chelsea Kane,8.666667,0.150547,1,1
12,5,Chris Jericho,8.666667,0.147530,2,3
12,5,Romeo,8.666667,0.149000,3,2
12,5,Hines Ward,9.000000,0.123709,4,4
12,5,Kirstie Alley,7.666667,0.133834,5,5
12,5,Ralph Macchio,7.333333,0.127805,6,6
12,5,Kendra Wilkinson,7.333333,0.123274,7,7
12,5,Petra Nemcova,7.333333,0.044300,8,8
12,6,Chelsea Kane,9.333333,0.171831,1,1
12,6,Romeo,9.333333,0.171034,2,2
12,6,Kirstie Alley,8.666667,0.160603,3,3
12,6,Hines Ward,9.000000,0.132070,4,6
12,6,Kendra Wilkinson,8.333333,0.149435,5,4
12,6,Ralph Macchio,8.000000,0.149346,6,5
12,6,Chris Jericho,7.333333,0.065681,7,7
12,7,Ralph Macchio,8.250000,0.190022,1,3
12,7,Hines Ward,8.250000,0.152382,2,5
12,7,Kirstie Alley,7.500000,0.218970,3,1
12,7,Romeo,7.500000,0.217156,4,2
12,7,Chelsea Kane,8.000000,0.186042,5,4
12,7,Kendra Wilkinson,7.625000,0.035428,6,6
12,8,Chelsea Kane,9.166667,0.254454,1,2
12,8,Hines Ward,9.000000,0.202003,2,4
12,8,Kirstie Alley,8.833333,0.246870,3,3
12,8,Ralph Macchio,7.666667,0.292364,4,1
12,8,Romeo,8.666667,0.004309,5,5
12,9,Chelsea Kane,12.166667,0.351948,1,1
12,9,Hines Ward,10.000000,0.234557,2,3
12,9,Kirstie Alley,9.000000,0.266207,3,2
12,9,Ralph Macchio,8.000000,0.147288,4,4
12,10,Chelsea Kane,9.888867,0.360794,1,1
12,10,Hines Ward,9.888867,0.294978,2,3
12,10,Kirstie Alley,9.333300,0.344228,3,2
13,1,J.R. Martinez,7.333333,0.110424,1,1
13,1,Chynna Phillips,7.333333,0.110244,2,2
13,1,Hope Solo,7.000000,0.103519,3,3
13,1,Ricki Lake,6.666667,0.100767,4,4
13,1,Kristin Cavallari,6.333333,0.091917,5,5
13,1,David Arquette,6.000000,0.091660,6,6
13,1,Carson Kressley,5.666667,0.083617,7,7
13,1,Chaz Bono,5.666667,0.083416,8,8
13,1,Nancy Grace,5.333333,0.078750,9,9
13,1,Rob Kardashian,5.333333,0.078458,10,10
13,1,Elisabetta Canalis,5.000000,0.061637,11,11
13,1,Metta World Peace (Ron),4.666667,0.005591,12,12
13,2,Ricki Lake,7.666667,0.105824,1,1
13,2,J.R. Martinez,7.333333,0.099891,2,2
13,2,Kristin Cavallari,7.333333,0.097640,3,3
13,2,Hope Solo,6.333333,0.109430,4,4
13,2,David Arquette,6.000000,0.105719,5,8
13,2,Chynna Phillips,7.000000,0.095802,6,5
13,2,Carson Kressley,6.000000,0.101711,7,9
13,2,Nancy Grace,7.000000,0.093120,8,6
13,2,Rob Kardashian,7.000000,0.092852,9,7
13,2,Elisabetta Canalis,7.000000,0.001985,10,11
13,2,Chaz Bono,5.666667,0.096025,11,10
13,3,Ricki Lake,9.000000,0.116660,1,1
13,3,J.R. Martinez,8.666667,0.111366,2,2
13,3,Chynna Phillips,8.666667,0.110762,3,3
13,3,Carson Kressley,7.666667,0.122671,4,4
13,3,Rob Kardashian,8.000000,0.110956,5,5
13,3,Hope Solo,8.000000,0.109737,6,6
13,3,Nancy Grace,7.000000,0.111970,7,8
13,3,David Arquette,8.000000,0.107931,8,7
13,3,Kristin Cavallari,8.000000,0.001965,9,10
13,3,Chaz Bono,6.000000,0.095981,10,9
13,4,Ricki Lake,9.666667,0.145302,1,1
13,4,J.R. Martinez,8.666667,0.130444,2,2
13,4,Hope Solo,8.000000,0.118225,3,3
13,4,Rob Kardashian,8.000000,0.116659,4,4
13,4,Chaz Bono,7.000000,0.123189,5,6
13,4,Carson Kressley,6.666667,0.125404,6,8
13,4,Nancy Grace,7.000000,0.122457,7,7
13,4,David Arquette,7.666667,0.115600,8,5
13,4,Chynna Phillips,7.000000,0.002720,9,9
13,5,J.R. Martinez,9.333333,0.159462,1,1
13,5,David Arquette,8.333333,0.143981,2,2
13,5,Rob Kardashian,8.333333,0.137792,3,3
13,5,Ricki Lake,8.000000,0.137785,4,4
13,5,Hope Solo,8.000000,0.135540,5,5
13,5,Nancy Grace,7.333333,0.121529,6,6
13,5,Chaz Bono,7.000000,0.116451,7,7
13,5,Carson Kressley,6.333333,0.047460,8,8
13,6,Ricki Lake,9.666667,0.187465,1,1
13,6,J.R. Martinez,9.666667,0.186839,2,2
13,6,Nancy Grace,8.000000,0.150486,3,3
13,6,David Arquette,7.666667,0.149893,4,4
13,6,Rob Kardashian,7.333333,0.137575,5,5
13,6,Hope Solo,6.666667,0.128359,6,6
13,6,Chaz Bono,6.333333,0.059383,7,7
13,7,Ricki Lake,8.833333,0.205746,1,1
13,7,Rob Kardashian,8.500000,0.191539,2,3
13,7,Nancy Grace,7.333333,0.218803,3,2
13,7,Hope Solo,8.333333,0.191285,4,4
13,7,J.R. Martinez,8.000000,0.188716,5,5
13,7,David Arquette,7.833333,0.003911,6,6
13,8,J.R. Martinez,10.000000,0.251482,1,1
13,8,Ricki Lake,8.666667,0.220214,2,2
13,8,Hope Solo,8.666667,0.216259,3,3
13,8,Rob Kardashian,8.500000,0.207205,4,4
13,8,Nancy Grace,7.333333,0.104840,5,5
13,9,Ricki Lake,11.166633,0.308459,1,1
13,9,Rob Kardashian,10.833267,0.289801,2,2
13,9,J.R. Martinez,9.333333,0.261622,3,3
13,9,Hope Solo,8.166600,0.140119,4,4
13,10,J.R. Martinez,9.388833,0.336597,1,1
13,10,Rob Kardashian,9.444400,0.328449,2,3
13,10,Ricki Lake,9.333300,0.334954,3,2
14,1,Jaleel White,8.666667,0.101908,1,1
14,1,Roshon Fegan,7.666667,0.090530,2,3
14,1,Jack Wagner,7.666667,0.090348,3,5
14,1,Katherine Jenkins,8.666667,0.080943,4,2
14,1,Sherri Sheperd,7.666667,0.090440,5,4
14,1,Gladys Knight,7.666667,0.089684,6,6
14,1,William Levy,8.000000,0.075804,7,7
14,1,Donald Driver,7.000000,0.081303,8,8
14,1,Maria Menounos,7.000000,0.079642,9,9
14,1,Melissa Gilbert,6.666667,0.079055,10,10
14,1,Gavin DeGraw,6.666667,0.078019,11,11
14,1,Martina Navratilova,6.666667,0.062326,12,12
14,2,Roshon Fegan,8.666667,0.106427,1,1
14,2,Maria Menounos,8.333333,0.098244,2,2
14,2,Donald Driver,8.000000,0.096243,3,3
14,2,Katherine Jenkins,8.666667,0.084335,4,4
14,2,Sherri Sheperd,7.666667,0.094622,5,5
14,2,Jaleel White,7.333333,0.090218,6,7
14,2,William Levy,8.333333,0.082343,7,6
14,2,Jack Wagner,7.000000,0.086615,8,8
14,2,Gavin DeGraw,7.000000,0.085329,9,9
14,2,Melissa Gilbert,6.666667,0.082623,10,10
14,2,Gladys Knight,6.333333,0.078074,11,11
14,2,Martina Navratilova,5.666667,0.014929,12,12
14,3,Maria Menounos,9.000000,0.101233,1,1
14,3,Gladys Knight,8.000000,0.104679,2,4
14,3,Katherine Jenkins,9.666667,0.090200,3,2
14,3,Donald Driver,8.666667,0.099588,4,3
14,3,Gavin DeGraw,8.000000,0.104235,5,5
14,3,William Levy,9.333333,0.087814,6,8
14,3,Roshon Fegan,8.333333,0.098306,7,9
14,3,Jaleel White,8.333333,0.097735,8,10
14,3,Sherri Sheperd,8.000000,0.103200,9,6
14,3,Melissa Gilbert,8.000000,0.103175,10,7
14,3,Jack Wagner,8.000000,0.009836,11,11
14,4,Donald Driver,9.000000,0.126402,1,1
14,4,Roshon Fegan,8.666667,0.125104,2,2
14,4,Maria Menounos,8.666667,0.120227,3,3
14,4,Gavin DeGraw,7.666667,0.110043,4,5
14,4,Katherine Jenkins,8.000000,0.092734,5,8
14,4,Jaleel White,7.333333,0.107341,6,6
14,4,Gladys Knight,6.666667,0.123157,7,4
14,4,Melissa Gilbert,7.333333,0.106625,8,7
14,4,William Levy,7.333333,0.085741,9,9
14,4,Sherri Sheperd,7.000000,0.002627,10,10
14,5,Donald Driver,9.000000,0.132888,1,1
14,5,Maria Menounos,9.000000,0.130226,2,2
14,5,William Levy,9.666667,0.116576,3,4
14,5,Katherine Jenkins,9.666667,0.115518,4,5
14,5,Roshon Fegan,8.666667,0.130171,5,3
14,5,Jaleel White,8.000000,0.120532,6,6
14,5,Gladys Knight,7.333333,0.109928,7,7
14,5,Melissa Gilbert,7.000000,0.106282,8,8
14,5,Gavin DeGraw,6.333333,0.037881,9,9
14,6,Jaleel White,12.333267,0.162042,1,1
14,6,Katherine Jenkins,12.999967,0.135929,2,2
14,6,Donald Driver,11.333300,0.146373,3,3
14,6,William Levy,12.000000,0.127029,4,4
14,6,Melissa Gilbert,10.000000,0.132006,5,5
14,6,Maria Menounos,9.999967,0.126701,6,6
14,6,Roshon Fegan,9.333267,0.123751,7,7
14,6,Gladys Knight,8.000000,0.046169,8,8
14,7,Maria Menounos,9.500000,0.177736,1,1
14,7,Katherine Jenkins,9.000000,0.142208,2,5
14,7,Donald Driver,8.833333,0.168094,3,3
14,7,Melissa Gilbert,7.833333,0.200759,4,2
14,7,Roshon Fegan,8.666667,0.168495,5,4
14,7,William Levy,8.833333,0.139730,6,6
14,7,Jaleel White,8.500000,0.002980,7,7
14,8,Donald Driver,9.166667,0.218558,1,1
14,8,William Levy,9.500000,0.171983,2,3
14,8,Roshon Fegan,9.333333,0.158444,3,5
14,8,Katherine Jenkins,9.166667,0.177733,4,4
14,8,Maria Menounos,8.833333,0.206147,5,2
14,8,Melissa Gilbert,8.500000,0.067134,6,6
14,9,William Levy,9.666667,0.315104,1,2
14,9,Donald Driver,9.500000,0.379594,2,1
14,9,Maria Menounos,9.833333,0.003945,3,4
14,9,Katherine Jenkins,9.333333,0.301357,4,3
14,10,Donald Driver,9.888867,0.370470,1,1
14,10,Katherine Jenkins,10.000000,0.314413,2,2
14,10,William Levy,9.888867,0.315117,3,3
15,1,Emmitt Smith,8.166667,0.096312,1,1
15,1,Sabrina Bryan,7.500000,0.089350,2,2
15,1,Apolo Anton Ohno,7.333333,0.086595,3,3
15,1,Shawn Johnson,7.333333,0.086073,4,4
15,1,Kelly Monaco,7.166667,0.086279,5,5
15,1,Gilles Marini,8.000000,0.076814,6,6
15,1,Drew Lachey,7.166667,0.085318,7,7
15,1,Melissa Rycroft,7.000000,0.080850,8,8
15,1,Joey Fatone,6.833333,0.081535,9,9
15,1,Helio Castroneves,7.166667,0.066594,10,12
15,1,Kirstie Alley,6.333333,0.076193,11,11
15,1,Bristol Palin,6.500000,0.075470,12,10
15,1,Pamela Anderson,5.666667,0.012619,13,13
15,2,Sabrina Bryan,8.666667,0.098678,1,1
15,2,Shawn Johnson,8.333333,0.093206,2,3
15,2,Apolo Anton Ohno,8.166667,0.091693,3,4
15,2,Kelly Monaco,7.333333,0.106831,4,2
15,2,Emmitt Smith,7.500000,0.096251,5,6
15,2,Gilles Marini,8.500000,0.077829,6,9
15,2,Kirstie Alley,7.000000,0.101969,7,5
15,2,Melissa Rycroft,7.833333,0.085560,8,8
15,2,Drew Lachey,7.500000,0.094107,9,7
15,2,Helio Castroneves,7.666667,0.067925,10,10
15,2,Joey Fatone,7.500000,0.001889,11,12
15,2,Bristol Palin,6.000000,0.084063,12,11
15,3,Kelly Monaco,9.000000,0.104835,1,1
15,3,Melissa Rycroft,9.000000,0.101153,2,2
15,3,Shawn Johnson,8.833333,0.101402,3,3
15,3,Kirstie Alley,8.000000,0.107310,4,5
15,3,Sabrina Bryan,8.500000,0.099013,5,6
15,3,Emmitt Smith,8.333333,0.103915,6,4
15,3,Bristol Palin,7.500000,0.106599,7,8
15,3,Gilles Marini,8.500000,0.080639,8,9
15,3,Apolo Anton Ohno,8.500000,0.097942,9,7
15,3,Helio Castroneves,8.500000,0.053536,10,10
15,3,Drew Lachey,8.000000,0.043657,11,11
15,4,Shawn Johnson,9.875000,0.133397,1,1
15,4,Kelly Monaco,9.375000,0.130291,2,2
15,4,Melissa Rycroft,9.250000,0.123985,3,3
15,4,Gilles Marini,9.875000,0.110298,4,6
15,4,Kirstie Alley,7.500000,0.134834,5,7
15,4,Sabrina Bryan,8.875000,0.123743,6,5
15,4,Emmitt Smith,9.000000,0.122729,7,4
15,4,Apolo Anton Ohno,8.625000,0.118147,8,8
15,4,Bristol Palin,8.000000,0.002576,9,9
15,5,Sabrina Bryan,9.750000,0.136396,1,1
15,5,Shawn Johnson,9.416667,0.129105,2,3
15,5,Apolo Anton Ohno,9.416667,0.129390,3,2
15,5,Melissa Rycroft,9.416667,0.126881,4,5
15,5,Gilles Marini,9.416667,0.106378,5,8
15,5,Emmitt Smith,9.333333,0.128165,6,4
15,5,Kirstie Alley,8.750000,0.123011,7,6
15,5,Kelly Monaco,8.583333,0.120673,8,7
15,6,Melissa Rycroft,9.833333,0.153146,1,1
15,6,Apolo Anton Ohno,10.000000,0.144333,2,2
15,6,Shawn Johnson,9.333333,0.148256,3,3
15,6,Kirstie Alley,9.166667,0.148328,4,4
15,6,Sabrina Bryan,10.000000,0.001601,5,8
15,6,Kelly Monaco,9.000000,0.145490,6,5
15,6,Gilles Marini,9.166667,0.118605,7,7
15,6,Emmitt Smith,8.833333,0.140242,8,6
15,7,Melissa Rycroft,12.999967,0.160589,1,1
15,7,Shawn Johnson,12.666600,0.159746,2,2
15,7,Kelly Monaco,12.000000,0.154781,3,3
15,7,Emmitt Smith,11.499967,0.146098,4,4
15,7,Apolo Anton Ohno,11.000000,0.140105,5,5
15,7,Gilles Marini,11.166600,0.116869,6,6
15,7,Kirstie Alley,9.333300,0.121813,7,7
15,8,Melissa Rycroft,10.000000,0.159113,1,2
15,8,Emmitt Smith,9.685133,0.164861,2,1
15,8,Apolo Anton Ohno,9.759233,0.158594,3,4
15,8,Kelly Monaco,9.444433,0.163427,4,3
15,8,Gilles Marini,9.759233,0.110602,5,6
15,8,Shawn Johnson,9.277767,0.157486,6,5
15,8,Kirstie Alley,8.500000,0.085918,7,7
15,9,Shawn Johnson,9.833333,0.229702,1,1
15,9,Melissa Rycroft,9.592567,0.219017,2,3
15,9,Kelly Monaco,9.037000,0.232602,3,2
15,9,Apolo Anton Ohno,9.537000,0.175188,4,4
15,9,Emmitt Smith,9.000000,0.143492,5,5
15,10,Kelly Monaco,9.703633,0.338611,1,1
15,10,Melissa Rycroft,9.777700,0.330005,2,2
15,10,Shawn Johnson,9.648100,0.331384,3,3
16,1,Zendaya,8.000000,0.109441,1,1
16,1,Dorothy Hamill,7.000000,0.094546,2,3
16,1,Kellie Pickler,7.000000,0.095603,3,2
16,1,Alexandra Raisman,7.000000,0.094454,4,4
16,1,Jacoby Jones,6.666667,0.090083,5,5
16,1,Sean Lowe,6.333333,0.084312,6,6
16,1,Ingo Rademacher,6.666667,0.073991,7,7
16,1,Wynonna Judd,6.000000,0.082335,8,8
16,1,Victor Ortiz,6.000000,0.081368,9,9
16,1,Andy Dick,5.666667,0.075566,10,10
16,1,Lisa Vanderpump,6.000000,0.064191,11,11
16,1,D. L. Hughley,4.000000,0.054110,12,12
16,2,Zendaya,8.666667,0.116356,1,1
16,2,Kellie Pickler,8.666667,0.115411,2,2
16,2,Alexandra Raisman,8.000000,0.105899,3,3
16,2,Jacoby Jones,7.666667,0.101369,4,4
16,2,Sean Lowe,6.666667,0.087170,5,6
16,2,Andy Dick,6.666667,0.087198,6,5
16,2,Ingo Rademacher,6.666667,0.072957,7,8
16,2,Wynonna Judd,6.000000,0.081241,8,7
16,2,Victor Ortiz,6.000000,0.080008,9,9
16,2,Lisa Vanderpump,6.000000,0.063333,10,10
16,2,D. L. Hughley,5.333333,0.070230,11,11
16,2,Dorothy Hamill,5.000000,0.018829,12,12
16,3,Zendaya,8.666600,0.121878,1,1
16,3,Jacoby Jones,8.666600,0.119503,2,2
16,3,Kellie Pickler,8.333333,0.116075,3,3
16,3,Alexandra Raisman,7.666667,0.106531,4,4
16,3,Victor Ortiz,7.666667,0.105670,5,5
16,3,Sean Lowe,7.000000,0.095572,6,6
16,3,Ingo Rademacher,7.000000,0.079737,7,7
16,3,Andy Dick,6.000000,0.082130,8,9
16,3,Lisa Vanderpump,7.000000,0.076778,9,8
16,3,D. L. Hughley,5.333333,0.073640,10,10
16,3,Wynonna Judd,5.000000,0.022485,11,11
16,4,Alexandra Raisman,9.000000,0.130030,1,1
16,4,Zendaya,8.666667,0.127830,2,2
16,4,Kellie Pickler,8.666667,0.127139,3,3
16,4,Jacoby Jones,8.000000,0.115945,4,4
16,4,D. L. Hughley,7.000000,0.100431,5,5
16,4,Andy Dick,7.000000,0.100131,6,6
16,4,Ingo Rademacher,7.666667,0.091014,7,7
16,4,Sean Lowe,6.666667,0.094895,8,8
16,4,Victor Ortiz,6.000000,0.087948,9,9
16,4,Lisa Vanderpump,6.000000,0.024638,10,10
16,5,Zendaya,9.666667,0.150656,1,1
16,5,Kellie Pickler,9.000000,0.140424,2,2
16,5,Jacoby Jones,8.666667,0.134462,3,3
16,5,Alexandra Raisman,8.333333,0.128077,4,4
16,5,Sean Lowe,8.000000,0.121105,5,5
16,5,Victor Ortiz,7.000000,0.109505,6,6
16,5,Ingo Rademacher,7.000000,0.089416,7,7
16,5,Andy Dick,6.000000,0.100636,8,8
16,5,D. L. Hughley,6.000000,0.025720,9,9
16,6,Kellie Pickler,9.000000,0.156825,1,1
16,6,Zendaya,8.500000,0.150265,2,3
16,6,Alexandra Raisman,8.666667,0.149945,3,2
16,6,Sean Lowe,7.666667,0.130331,4,4
16,6,Jacoby Jones,7.500000,0.130235,5,5
16,6,Ingo Rademacher,7.666667,0.109406,6,7
16,6,Andy Dick,7.166667,0.122200,7,6
16,6,Victor Ortiz,6.666667,0.050794,8,8
16,7,Alexandra Raisman,10.666667,0.185942,1,1
16,7,Zendaya,10.000000,0.178102,2,2
16,7,Kellie Pickler,9.666667,0.169843,3,3
16,7,Jacoby Jones,9.000000,0.157844,4,4
16,7,Ingo Rademacher,8.333333,0.120298,5,6
16,7,Sean Lowe,8.000000,0.138436,6,5
16,7,Andy Dick,5.666667,0.049535,7,7
16,8,Zendaya,9.666667,0.206905,1,1
16,8,Alexandra Raisman,9.333333,0.196361,2,2
16,8,Kellie Pickler,9.166667,0.195324,3,3
16,8,Jacoby Jones,8.666667,0.182824,4,4
16,8,Ingo Rademacher,8.000000,0.139481,5,5
16,8,Sean Lowe,7.000000,0.079106,6,6
16,9,Alexandra Raisman,9.833333,0.229566,1,1
16,9,Jacoby Jones,9.833333,0.229539,2,2
16,9,Kellie Pickler,9.666667,0.227378,3,3
16,9,Zendaya,9.166667,0.218123,4,4
16,9,Ingo Rademacher,8.500000,0.095394,5,5
16,10,Zendaya,10.000000,0.258604,1,1
16,10,Kellie Pickler,10.000000,0.255869,2,2
16,10,Alexandra Raisman,9.666667,0.246946,3,3
16,10,Jacoby Jones,9.333300,0.238581,4,4
17,1,Amber Riley,9.000000,0.110042,1,1
17,1,Corbin Bleu,8.000000,0.098090,2,2
17,1,Elizabeth Berkley Lauren,8.000000,0.097790,3,3
17,1,Brant Daugherty,7.333333,0.090063,4,4
17,1,Christina Milian,7.333333,0.089396,5,5
17,1,Jack Osbourne,7.666667,0.072949,6,8
17,1,"Nicole ""Snooki"" Polizzi",7.666667,0.072546,7,9
17,1,Valerie Harper,7.000000,0.086318,8,6
17,1,Leah Remini,7.000000,0.085860,9,7
17,1,Bill Engvall,6.000000,0.071518,10,10
17,1,Keyshawn Johnson,5.666667,0.069118,11,11
17,1,Bill Nye,4.666667,0.056310,12,12
17,2,Corbin Bleu,8.666667,0.107432,1,1
17,2,Elizabeth Berkley Lauren,8.333333,0.103411,2,2
17,2,Christina Milian,8.333333,0.102674,3,3
17,2,Leah Remini,8.000000,0.098741,4,4
17,2,Amber Riley,8.000000,0.098594,5,5
17,2,Brant Daugherty,7.666667,0.095366,6,6
17,2,Jack Osbourne,8.000000,0.076761,7,7
17,2,Bill Engvall,7.000000,0.084379,8,8
17,2,Valerie Harper,6.333333,0.079074,9,9
17,2,Bill Nye,5.666667,0.086309,10,10
17,2,"Nicole ""Snooki"" Polizzi",6.666667,0.064715,11,11
17,2,Keyshawn Johnson,6.000000,0.002545,12,12
17,3,Brant Daugherty,9.000000,0.115587,1,1
17,3,Corbin Bleu,8.666667,0.111832,2,2
17,3,Christina Milian,8.666667,0.110436,3,3
17,3,Elizabeth Berkley Lauren,8.333333,0.107599,4,4
17,3,Amber Riley,8.000000,0.103918,5,5
17,3,Leah Remini,8.000000,0.102967,6,6
17,3,"Nicole ""Snooki"" Polizzi",8.333333,0.083039,7,8
17,3,Bill Engvall,8.000000,0.099471,8,7
17,3,Jack Osbourne,7.333333,0.073703,9,9
17,3,Valerie Harper,5.333333,0.072595,10,10
17,3,Bill Nye,5.333333,0.018853,11,11
17,4,Amber Riley,9.000000,0.126434,1,1
17,4,Corbin Bleu,9.000000,0.126087,2,2
17,4,Elizabeth Berkley Lauren,9.000000,0.125866,3,3
17,4,Leah Remini,8.000000,0.112093,4,4
17,4,Christina Milian,8.000000,0.111408,5,5
17,4,Jack Osbourne,8.000000,0.087348,6,6
17,4,"Nicole ""Snooki"" Polizzi",8.000000,0.087285,7,7
17,4,Brant Daugherty,7.000000,0.098687,8,8
17,4,Bill Engvall,7.000000,0.094974,9,9
17,4,Valerie Harper,6.000000,0.029819,10,10
17,5,Brant Daugherty,9.000000,0.142069,1,1
17,5,Corbin Bleu,9.333333,0.126377,2,4
17,5,Elizabeth Berkley Lauren,8.666667,0.136905,3,2
17,5,Amber Riley,8.666667,0.136819,4,3
17,5,Christina Milian,9.333333,0.001656,5,9
17,5,Jack Osbourne,9.000000,0.109388,6,5
17,5,"Nicole ""Snooki"" Polizzi",9.000000,0.109366,7,6
17,5,Bill Engvall,8.000000,0.121590,8,7
17,5,Leah Remini,7.333333,0.115831,9,8
17,6,Amber Riley,10.666633,0.146422,1,1
17,6,Elizabeth Berkley Lauren,10.666600,0.145968,2,2
17,6,Brant Daugherty,10.333333,0.141981,3,3
17,6,Leah Remini,9.333300,0.129224,4,4
17,6,"Nicole ""Snooki"" Polizzi",10.000000,0.107439,5,6
17,6,Corbin Bleu,8.999967,0.124879,6,5
17,6,Jack Osbourne,8.999933,0.096928,7,7
17,6,Bill Engvall,7.999967,0.107161,8,8
17,7,Amber Riley,9.833333,0.143403,1,1
17,7,Corbin Bleu,9.833333,0.143066,2,2
17,7,Brant Daugherty,9.500000,0.139051,3,3
17,7,Leah Remini,8.833333,0.146751,4,4
17,7,Jack Osbourne,9.500000,0.107689,5,7
17,7,Elizabeth Berkley Lauren,9.000000,0.131510,6,5
17,7,Bill Engvall,8.333333,0.133350,7,6
17,7,"Nicole ""Snooki"" Polizzi",9.000000,0.055180,8,8
17,8,Corbin Bleu,10.000000,0.172181,1,1
17,8,Elizabeth Berkley Lauren,8.333333,0.190298,2,2
17,8,Leah Remini,9.333333,0.163924,3,3
17,8,Jack Osbourne,10.000000,0.134950,4,6
17,8,Bill Engvall,8.000000,0.175677,5,5
17,8,Amber Riley,9.333333,0.160460,6,4
17,8,Brant Daugherty,9.000000,0.002508,7,7
17,9,Corbin Bleu,9.666667,0.187856,1,3
17,9,Leah Remini,9.000000,0.233813,2,1
17,9,Amber Riley,8.500000,0.220755,3,2
17,9,Jack Osbourne,9.000000,0.179951,4,4
17,9,Elizabeth Berkley Lauren,9.333333,0.002754,5,6
17,9,Bill Engvall,7.000000,0.174871,6,5
17,10,Amber Riley,9.875000,0.270580,1,1
17,10,Corbin Bleu,9.375000,0.256858,2,2
17,10,Bill Engvall,7.500000,0.273878,3,3
17,10,Jack Osbourne,8.875000,0.194067,4,4
17,10,Leah Remini,8.125000,0.004617,5,5
17,11,Amber Riley,10.444400,0.288009,1,1
17,11,Corbin Bleu,9.888800,0.273401,2,2
17,11,Bill Engvall,8.499967,0.232379,3,3
17,11,Jack Osbourne,9.333300,0.206212,4,4
18,1,Charlie White,9.000000,0.110905,1,1
18,1,Candace Cameron Bure,8.333333,0.105080,2,2
18,1,Danica McKellar,8.000000,0.100350,3,3
18,1,Amy Purdy,8.000000,0.099616,4,4
18,1,Meryl Davis,8.000000,0.099129,5,5
18,1,James Maslow,7.000000,0.089122,6,6
18,1,Drew Carey,7.000000,0.085398,7,8
18,1,NeNe Leakes,7.000000,0.086132,8,7
18,1,Cody Simpson,7.333333,0.073622,9,9
18,1,Billy Dee Williams,5.000000,0.080815,10,11
18,1,Sean Avery,6.666667,0.067232,11,10
18,1,Diana Nyad,6.000000,0.002598,12,12
18,2,James Maslow,8.333333,0.112583,1,1
18,2,Meryl Davis,8.333333,0.110323,2,3
18,2,Charlie White,8.333333,0.110731,3,2
18,2,Danica McKellar,8.000000,0.108585,4,4
18,2,Amy Purdy,8.000000,0.106284,5,5
18,2,Cody Simpson,7.333333,0.079169,6,9
18,2,Candace Cameron Bure,7.000000,0.095329,7,6
18,2,Drew Carey,7.000000,0.091607,8,7
18,2,Sean Avery,7.000000,0.048733,9,10
18,2,NeNe Leakes,7.000000,0.091452,10,8
18,2,Billy Dee Williams,5.000000,0.045205,11,11
18,3,Meryl Davis,9.750000,0.126900,1,1
18,3,James Maslow,9.000000,0.120243,2,2
18,3,Danica McKellar,9.000000,0.120185,3,3
18,3,Amy Purdy,9.000000,0.117815,4,4
18,3,Charlie White,9.000000,0.117464,5,5
18,3,Candace Cameron Bure,8.000000,0.107419,6,6
18,3,NeNe Leakes,7.750000,0.100117,7,8
18,3,Cody Simpson,8.750000,0.093054,8,7
18,3,Drew Carey,7.500000,0.096804,9,9
18,4,Meryl Davis,9.750000,0.132750,1,1
18,4,James Maslow,8.750000,0.121743,2,2
18,4,Amy Purdy,8.500000,0.116331,3,3
18,4,Charlie White,8.250000,0.113519,4,4
18,4,Drew Carey,8.250000,0.110969,5,5
18,4,Danica McKellar,8.000000,0.112064,6,6
18,4,NeNe Leakes,8.000000,0.107741,7,7
18,4,Cody Simpson,7.750000,0.086468,8,9
18,4,Candace Cameron Bure,7.000000,0.098414,9,8
18,5,James Maslow,10.000000,0.136187,1,1
18,5,Danica McKellar,9.750000,0.133864,2,2
18,5,Charlie White,9.250000,0.124405,3,3
18,5,Amy Purdy,9.250000,0.124299,4,4
18,5,Meryl Davis,9.000000,0.121043,5,5
18,5,Candace Cameron Bure,8.750000,0.119735,6,7
18,5,NeNe Leakes,9.000000,0.119390,7,6
18,5,Drew Carey,7.000000,0.119442,8,8
18,5,Cody Simpson,8.500000,0.001634,9,9
18,6,Meryl Davis,10.000000,0.150795,1,1
18,6,Amy Purdy,9.500000,0.143770,2,2
18,6,Danica McKellar,9.000000,0.138872,3,3
18,6,Charlie White,9.000000,0.136367,4,4
18,6,James Maslow,8.750000,0.134978,5,5
18,6,NeNe Leakes,8.250000,0.122452,6,7
18,6,Candace Cameron Bure,8.000000,0.127398,7,6
18,6,Drew Carey,8.000000,0.045369,8,8
18,7,Meryl Davis,9.750000,0.163715,1,1
18,7,Amy Purdy,9.375000,0.157969,2,2
18,7,Candace Cameron Bure,9.250000,0.158849,3,3
18,7,Danica McKellar,9.000000,0.153753,4,4
18,7,Charlie White,8.875000,0.149654,5,5
18,7,James Maslow,8.750000,0.149894,6,6
18,7,NeNe Leakes,8.250000,0.066166,7,7
18,8,Charlie White,10.000000,0.177539,1,4
18,8,Amy Purdy,10.000000,0.177291,2,5
18,8,Candace Cameron Bure,9.000000,0.215607,3,1
18,8,Meryl Davis,9.000000,0.211558,4,3
18,8,James Maslow,9.000000,0.215508,5,2
18,8,Danica McKellar,9.500000,0.002496,6,6
18,9,Meryl Davis,10.000000,0.232139,1,3
18,9,James Maslow,9.500000,0.245910,2,2
18,9,Amy Purdy,9.750000,0.227534,3,4
18,9,Candace Cameron Bure,9.000000,0.288548,4,1
18,9,Charlie White,9.500000,0.005870,5,5
18,10,Meryl Davis,10.000000,0.258663,1,1
18,10,Amy Purdy,9.888867,0.254863,2,2
18,10,James Maslow,9.666667,0.255277,3,3
18,10,Candace Cameron Bure,8.666600,0.231197,4,4
19,1,Alfonso Ribeiro,9.000000,0.104828,1,1
19,1,Sadie Robertson,8.500000,0.095995,2,2
19,1,Bethany Mota,8.000000,0.094612,3,3
19,1,Lea Thompson,8.000000,0.094547,4,4
19,1,Randy Couture,7.750000,0.089369,5,5
19,1,Jonathan Bennett,7.500000,0.088062,6,6
19,1,Janel Parrish,7.250000,0.085514,7,7
19,1,Tavis Smiley,7.250000,0.081411,8,8
19,1,Michael Waltrip,6.250000,0.071593,9,9
19,1,Tommy Chong,6.750000,0.061336,10,10
19,1,Antonio Sabato Jr.,6.250000,0.059281,11,11
19,1,Betsey Johnson,5.000000,0.070822,12,12
19,1,Lolo Jones,5.500000,0.002631,13,13
19,2,Lea Thompson,8.750000,0.102887,1,1
19,2,Janel Parrish,8.500000,0.101611,2,2
19,2,Bethany Mota,8.250000,0.099188,3,3
19,2,Alfonso Ribeiro,8.000000,0.094854,4,4
19,2,Sadie Robertson,7.750000,0.089918,5,5
19,2,Jonathan Bennett,7.500000,0.089151,6,6
19,2,Betsey Johnson,7.000000,0.090808,7,7
19,2,Antonio Sabato Jr.,7.750000,0.073999,8,9
19,2,Tommy Chong,7.000000,0.081864,9,10
19,2,Randy Couture,7.000000,0.085980,10,8
19,2,Tavis Smiley,7.000000,0.002032,11,12
19,2,Michael Waltrip,6.000000,0.087707,12,11
19,3,Bethany Mota,10.000000,0.126767,1,1
19,3,Janel Parrish,10.000000,0.125759,2,2
19,3,Alfonso Ribeiro,8.000000,0.101346,3,3
19,3,Jonathan Bennett,8.000000,0.101170,4,4
19,3,Sadie Robertson,8.000000,0.097681,5,5
19,3,Lea Thompson,7.750000,0.098204,6,6
19,3,Tommy Chong,8.500000,0.083453,7,7
19,3,Betsey Johnson,7.250000,0.086641,8,8
19,3,Michael Waltrip,7.000000,0.085553,9,9
19,3,Antonio Sabato Jr.,7.250000,0.074191,10,10
19,3,Randy Couture,6.500000,0.019236,11,11
19,4,Alfonso Ribeiro,10.000000,0.130581,1,1
19,4,Lea Thompson,9.750000,0.128003,2,2
19,4,Janel Parrish,9.000000,0.117938,3,4
19,4,Sadie Robertson,9.250000,0.116801,4,3
19,4,Bethany Mota,8.250000,0.110311,5,5
19,4,Antonio Sabato Jr.,7.250000,0.098521,6,6
19,4,Michael Waltrip,6.250000,0.102189,7,7
19,4,Betsey Johnson,7.250000,0.002181,8,10
19,4,Jonathan Bennett,6.000000,0.101989,9,9
19,4,Tommy Chong,7.000000,0.091485,10,8
19,5,Sadie Robertson,9.000000,0.136572,1,1
19,5,Alfonso Ribeiro,8.500000,0.134468,2,2
19,5,Lea Thompson,8.500000,0.134192,3,3
19,5,Janel Parrish,8.250000,0.130685,4,4
19,5,Bethany Mota,8.000000,0.127860,5,5
19,5,Antonio Sabato Jr.,7.000000,0.090133,6,6
19,5,Jonathan Bennett,6.000000,0.096253,7,7
19,5,Tommy Chong,5.750000,0.071808,8,8
19,5,Michael Waltrip,5.000000,0.078029,9,9
19,6,Alfonso Ribeiro,9.750000,0.141180,1,1
19,6,Bethany Mota,9.000000,0.132730,2,2
19,6,Sadie Robertson,8.750000,0.123757,3,3
19,6,Michael Waltrip,7.500000,0.136861,4,5
19,6,Lea Thompson,8.000000,0.132645,5,4
19,6,Janel Parrish,8.250000,0.122065,6,6
19,6,Jonathan Bennett,8.000000,0.002337,7,9
19,6,Antonio Sabato Jr.,7.000000,0.106259,8,7
19,6,Tommy Chong,7.000000,0.102166,9,8
19,7,Bethany Mota,9.375000,0.160481,1,1
19,7,Lea Thompson,8.750000,0.149650,2,2
19,7,Alfonso Ribeiro,8.500000,0.145051,3,3
19,7,Janel Parrish,8.375000,0.143328,4,4
19,7,Sadie Robertson,7.750000,0.128260,5,5
19,7,Tommy Chong,7.500000,0.100595,6,7
19,7,Michael Waltrip,7.000000,0.138901,7,6
19,7,Antonio Sabato Jr.,7.375000,0.033734,8,8
19,8,Janel Parrish,10.750000,0.187461,1,1
19,8,Alfonso Ribeiro,10.250000,0.180044,2,2
19,8,Bethany Mota,10.000000,0.177149,3,3
19,8,Sadie Robertson,9.500000,0.160774,4,4
19,8,Lea Thompson,8.000000,0.141707,5,5
19,8,Tommy Chong,7.250000,0.099421,6,6
19,8,Michael Waltrip,6.250000,0.053445,7,7
19,9,Janel Parrish,9.625000,0.213442,1,1
19,9,Alfonso Ribeiro,9.625000,0.212245,2,2
19,9,Bethany Mota,9.250000,0.210704,3,3
19,9,Sadie Robertson,9.125000,0.196109,4,4
19,9,Lea Thompson,8.750000,0.003382,5,6
19,9,Tommy Chong,7.125000,0.164119,6,5
19,10,Janel Parrish,9.750000,0.236021,1,1
19,10,Bethany Mota,9.500000,0.233229,2,2
19,10,Alfonso Ribeiro,9.375000,0.228256,3,3
19,10,Sadie Robertson,9.250000,0.216544,4,4
19,10,Tommy Chong,7.750000,0.085951,5,5
19,11,Alfonso Ribeiro,10.000000,0.255775,1,1
19,11,Janel Parrish,9.749950,0.251469,2,2
19,11,Sadie Robertson,9.833300,0.245450,3,3
19,11,Bethany Mota,9.500000,0.247306,4,4
20,1,Rumer Willis,8.000000,0.105209,1,1
20,1,Riker Lynch,7.750000,0.102108,2,2
20,1,Michael Sam,6.500000,0.084752,3,4
20,1,Chris Soules,6.500000,0.082987,4,6
20,1,Noah Galloway,6.500000,0.083091,5,5
20,1,Nastia Liukin,7.500000,0.078244,6,3
20,1,Willow Shields,6.250000,0.083215,7,7
20,1,Suzanne Somers,6.250000,0.082910,8,8
20,1,Robert Herjavec,7.000000,0.070910,9,10
20,1,Patti LaBelle,6.250000,0.082329,10,9
20,1,Redfoo,5.500000,0.072758,11,11
20,1,Charlotte McKinney,5.500000,0.071487,12,12
20,2,Patti LaBelle,7.000000,0.101501,1,5
20,2,Riker Lynch,8.000000,0.092962,2,1
20,2,Willow Shields,8.000000,0.092573,3,2
20,2,Suzanne Somers,7.000000,0.102520,4,4
20,2,Rumer Willis,8.000000,0.092311,5,3
20,2,Michael Sam,7.000000,0.100623,6,6
20,2,Nastia Liukin,8.500000,0.075903,7,7
20,2,Noah Galloway,6.750000,0.095145,8,8
20,2,Robert Herjavec,7.000000,0.078098,9,10
20,2,Redfoo,7.750000,0.001848,10,12
20,2,Charlotte McKinney,6.500000,0.092538,11,9
20,2,Chris Soules,5.250000,0.073978,12,11
20,3,Riker Lynch,8.500000,0.121006,1,1
20,3,Rumer Willis,8.250000,0.116900,2,2
20,3,Willow Shields,8.000000,0.113744,3,3
20,3,Nastia Liukin,8.500000,0.094685,4,4
20,3,Noah Galloway,7.500000,0.102970,5,5
20,3,Chris Soules,7.000000,0.096100,6,6
20,3,Suzanne Somers,6.250000,0.089093,7,8
20,3,Robert Herjavec,7.250000,0.078681,8,7
20,3,Michael Sam,6.000000,0.084522,9,9
20,3,Patti LaBelle,5.500000,0.082803,10,10
20,3,Charlotte McKinney,5.500000,0.019496,11,11
20,4,Willow Shields,9.750000,0.130990,1,1
20,4,Rumer Willis,8.750000,0.117334,2,2
20,4,Riker Lynch,8.500000,0.115044,3,3
20,4,Nastia Liukin,9.000000,0.096391,4,5
20,4,Suzanne Somers,7.000000,0.121714,5,4
20,4,Noah Galloway,8.000000,0.104199,6,7
20,4,Patti LaBelle,7.500000,0.110890,7,6
20,4,Robert Herjavec,8.500000,0.088317,8,9
20,4,Chris Soules,6.750000,0.112881,9,8
20,4,Michael Sam,7.500000,0.002241,10,10
20,5,Rumer Willis,9.750000,0.143246,1,1
20,5,Riker Lynch,9.500000,0.142509,2,2
20,5,Willow Shields,8.500000,0.130543,3,3
20,5,Nastia Liukin,9.500000,0.112302,4,4
20,5,Noah Galloway,7.000000,0.124285,5,6
20,5,Patti LaBelle,6.750000,0.129737,6,5
20,5,Chris Soules,6.750000,0.125959,7,7
20,5,Suzanne Somers,7.000000,0.002730,8,9
20,5,Robert Herjavec,6.000000,0.088689,9,8
20,6,Riker Lynch,9.500000,0.154180,1,1
20,6,Willow Shields,9.125000,0.148205,2,3
20,6,Noah Galloway,8.500000,0.161413,3,2
20,6,Rumer Willis,8.875000,0.143681,4,4
20,6,Nastia Liukin,9.125000,0.117737,5,7
20,6,Chris Soules,8.750000,0.137212,6,5
20,6,Robert Herjavec,8.375000,0.135136,7,6
20,6,Patti LaBelle,8.500000,0.002436,8,8
20,7,Rumer Willis,9.250000,0.195465,1,2
20,7,Noah Galloway,9.500000,0.193072,2,1
20,7,Nastia Liukin,10.250000,0.131588,3,4
20,7,Riker Lynch,9.250000,0.195451,4,3
20,7,Willow Shields,9.750000,0.002147,5,7
20,7,Chris Soules,7.750000,0.157535,6,5
20,7,Robert Herjavec,7.750000,0.124743,7,6
20,8,Rumer Willis,10.000000,0.217592,1,1
20,8,Riker Lynch,9.750000,0.212180,2,2
20,8,Nastia Liukin,9.500000,0.164924,3,3
20,8,Noah Galloway,7.875000,0.178919,4,4
20,8,Chris Soules,8.000000,0.133499,5,5
20,8,Robert Herjavec,7.750000,0.092886,6,6
20,9,Riker Lynch,10.000000,0.273440,1,2
20,9,Rumer Willis,9.750000,0.290566,2,1
20,9,Nastia Liukin,10.000000,0.163557,3,4
20,9,Noah Galloway,9.500000,0.272437,4,3
20,10,Rumer Willis,10.000000,0.345837,1,1
20,10,Riker Lynch,10.000000,0.345575,2,2
20,10,Noah Galloway,9.000000,0.308589,3,3
21,1,Nick Carter,8.000000,0.098850,1,1
21,1,Carlos PenaVega,7.666667,0.095790,2,2
21,1,Tamar Braxton,7.666667,0.094633,3,3
21,1,Bindi Irwin,8.000000,0.076884,4,6
21,1,Alexa PenaVega,7.333333,0.091681,5,4
21,1,Alek Skarlatos,7.333333,0.089306,6,5
21,1,Hayes Grier,7.000000,0.088224,7,7
21,1,Andy Grammer,7.000000,0.086582,8,8
21,1,Gary Busey,5.000000,0.063234,9,9
21,1,Paula Deen,5.000000,0.060969,10,10
21,1,Victor Espinoza,5.000000,0.049979,11,11
21,1,Chaka Khan,4.333333,0.054672,12,12
21,1,Kim Zolciak-Biermann,4.000000,0.049197,13,13
21,2,Tamar Braxton,8.166667,0.096387,1,1
21,2,Alexa PenaVega,7.666667,0.091910,2,2
21,2,Hayes Grier,7.500000,0.090885,3,3
21,2,Carlos PenaVega,7.500000,0.089737,4,4
21,2,Bindi Irwin,8.000000,0.074041,5,8
21,2,Alek Skarlatos,7.500000,0.086941,6,6
21,2,Nick Carter,7.500000,0.088910,7,5
21,2,Andy Grammer,7.333333,0.087001,8,7
21,2,Paula Deen,6.166667,0.072926,9,9
21,2,Gary Busey,5.500000,0.074425,10,10
21,2,Kim Zolciak-Biermann,6.166667,0.058331,11,11
21,2,Victor Espinoza,6.166667,0.046100,12,12
21,2,Chaka Khan,5.000000,0.042405,13,13
21,3,Alexa PenaVega,9.000000,0.120745,1,1
21,3,Nick Carter,9.000000,0.119676,2,2
21,3,Tamar Braxton,8.250000,0.110290,3,3
21,3,Alek Skarlatos,8.250000,0.108284,4,4
21,3,Carlos PenaVega,7.750000,0.104793,5,5
21,3,Hayes Grier,7.500000,0.102822,6,6
21,3,Bindi Irwin,8.000000,0.083756,7,8
21,3,Andy Grammer,7.250000,0.097473,8,7
21,3,Gary Busey,6.250000,0.085711,9,9
21,3,Paula Deen,5.000000,0.066450,10,10
21,4,Hayes Grier,9.000000,0.124991,1,1
21,4,Tamar Braxton,9.000000,0.122761,2,2
21,4,Nick Carter,9.000000,0.122231,3,3
21,4,Bindi Irwin,9.333333,0.098947,4,5
21,4,Carlos PenaVega,8.333333,0.114471,5,4
21,4,Alek Skarlatos,8.000000,0.107173,6,6
21,4,Andy Grammer,7.666667,0.104985,7,7
21,4,Alexa PenaVega,7.000000,0.097185,8,8
21,4,Paula Deen,6.000000,0.080708,9,9
21,4,Gary Busey,5.333333,0.026547,10,10
21,5,Alexa PenaVega,10.000000,0.136803,1,1
21,5,Carlos PenaVega,9.750000,0.133888,2,2
21,5,Andy Grammer,9.000000,0.122572,3,3
21,5,Nick Carter,8.750000,0.119387,4,4
21,5,Bindi Irwin,9.250000,0.098403,5,5
21,5,Hayes Grier,7.500000,0.104948,6,6
21,5,Tamar Braxton,7.250000,0.099475,7,7
21,5,Alek Skarlatos,7.250000,0.097496,8,8
21,5,Paula Deen,6.500000,0.087028,9,9
21,6,Tamar Braxton,10.000000,0.137431,1,1
21,6,Andy Grammer,10.000000,0.137032,2,2
21,6,Nick Carter,9.750000,0.134121,3,3
21,6,Bindi Irwin,10.000000,0.107228,4,5
21,6,Carlos PenaVega,9.500000,0.131972,5,4
21,6,Hayes Grier,8.000000,0.112827,6,6
21,6,Alexa PenaVega,7.500000,0.104875,7,7
21,6,Alek Skarlatos,7.500000,0.101870,8,8
21,6,Paula Deen,6.000000,0.032643,9,9
21,7,Alexa PenaVega,9.166667,0.157126,1,1
21,7,Andy Grammer,9.333333,0.144457,2,4
21,7,Bindi Irwin,9.666667,0.100358,3,7
21,7,Tamar Braxton,9.000000,0.153004,4,2
21,7,Nick Carter,9.000000,0.152892,5,3
21,7,Carlos PenaVega,9.333333,0.143177,6,5
21,7,Hayes Grier,9.333333,0.001828,7,8
21,7,Alek Skarlatos,8.833333,0.147156,8,6
21,8,Nick Carter,11.000000,0.187212,1,1
21,8,Carlos PenaVega,9.666600,0.167220,2,2
21,8,Tamar Braxton,9.333333,0.160393,3,3
21,8,Alexa PenaVega,8.999933,0.156574,4,4
21,8,Bindi Irwin,9.333333,0.124879,5,6
21,8,Alek Skarlatos,8.333333,0.140725,6,5
21,8,Andy Grammer,7.999933,0.062996,7,7
21,9,Nick Carter,9.166667,0.191373,1,2
21,9,Alexa PenaVega,10.000000,0.180500,2,1
21,9,Carlos PenaVega,9.000000,0.190100,3,3
21,9,Bindi Irwin,10.000000,0.162937,4,4
21,9,Alek Skarlatos,8.500000,0.175307,5,5
21,9,Tamar Braxton,8.166667,0.099783,6,6
21,10,Carlos PenaVega,10.500000,0.281764,1,1
21,10,Alek Skarlatos,9.500000,0.252029,2,2
21,10,Bindi Irwin,10.500000,0.222899,3,3
21,10,Nick Carter,9.000000,0.243308,4,4
21,11,Nick Carter,10.000000,0.267110,1,2
21,11,Carlos PenaVega,10.000000,0.270759,2,1
21,11,Bindi Irwin,10.000000,0.214242,3,4
21,11,Alek Skarlatos,9.333300,0.247888,4,3
22,1,Wanya Morris,7.666667,0.099189,1,1
22,1,Nyle DiMarco,7.666667,0.097202,2,2
22,1,Ginger Zee,7.666667,0.095093,3,3
22,1,Von Miller,7.000000,0.089729,4,5
22,1,Paige VanZant,7.000000,0.089655,5,6
22,1,Antonio Brown,7.000000,0.089804,6,4
22,1,Marla Maples,7.000000,0.088260,7,7
22,1,Jodie Sweetin,6.666667,0.087197,8,8
22,1,Kim Fields,6.666667,0.087063,9,9
22,1,Doug Flutie,5.000000,0.065114,10,10
22,1,Mischa Barton,5.333333,0.056586,11,11
22,1,Geraldo Rivera,4.333333,0.055109,12,12
22,2,Wanya Morris,8.000000,0.107731,1,1
22,2,Paige VanZant,8.000000,0.106431,2,2
22,2,Jodie Sweetin,7.000000,0.095652,3,3
22,2,Ginger Zee,7.000000,0.091148,4,4
22,2,Von Miller,6.666667,0.089625,5,5
22,2,Doug Flutie,6.666667,0.089581,6,6
22,2,Nyle DiMarco,6.666667,0.088513,7,7
22,2,Marla Maples,6.666667,0.087712,8,8
22,2,Kim Fields,6.333333,0.086658,9,9
22,2,Antonio Brown,6.333333,0.085218,10,10
22,2,Mischa Barton,5.000000,0.055066,11,11
22,2,Geraldo Rivera,4.333333,0.016665,12,12
22,3,Nyle DiMarco,8.333333,0.110154,1,1
22,3,Wanya Morris,8.000000,0.108185,2,2
22,3,Jodie Sweetin,7.666667,0.105234,3,3
22,3,Paige VanZant,7.666667,0.102363,4,4
22,3,Kim Fields,7.333333,0.100876,5,5
22,3,Marla Maples,7.000000,0.092453,6,6
22,3,Ginger Zee,7.000000,0.090967,7,7
22,3,Doug Flutie,6.666667,0.089988,8,8
22,3,Antonio Brown,6.666667,0.089766,9,9
22,3,Von Miller,6.666667,0.089645,10,10
22,3,Mischa Barton,6.000000,0.020370,11,11
22,4,Paige VanZant,9.000000,0.116943,1,1
22,4,Wanya Morris,8.750000,0.115304,2,3
22,4,Ginger Zee,9.000000,0.113438,3,2
22,4,Antonio Brown,8.750000,0.113947,4,4
22,4,Nyle DiMarco,8.500000,0.109530,5,5
22,4,Jodie Sweetin,6.750000,0.115726,6,8
22,4,Kim Fields,8.000000,0.107349,7,6
22,4,Von Miller,8.000000,0.104515,8,7
22,4,Marla Maples,7.000000,0.002324,9,10
22,4,Doug Flutie,6.000000,0.100924,10,9
22,5,Nyle DiMarco,9.250000,0.131842,1,1
22,5,Jodie Sweetin,8.750000,0.128129,2,2
22,5,Ginger Zee,8.000000,0.112298,3,3
22,5,Paige VanZant,7.750000,0.112059,4,4
22,5,Wanya Morris,7.500000,0.109973,5,5
22,5,Von Miller,7.250000,0.105290,6,6
22,5,Kim Fields,7.000000,0.103523,7,7
22,5,Doug Flutie,7.000000,0.102010,8,8
22,5,Antonio Brown,6.500000,0.094875,9,9
22,6,Wanya Morris,9.666667,0.136011,1,1
22,6,Paige VanZant,9.333333,0.129479,2,2
22,6,Antonio Brown,9.000000,0.125922,3,3
22,6,Jodie Sweetin,8.333333,0.119048,4,4
22,6,Nyle DiMarco,8.333333,0.115767,5,5
22,6,Kim Fields,8.000000,0.113912,6,6
22,6,Von Miller,8.000000,0.112284,7,7
22,6,Ginger Zee,8.000000,0.109228,8,8
22,6,Doug Flutie,7.000000,0.038347,9,9
22,7,Nyle DiMarco,9.333333,0.134826,1,2
22,7,Wanya Morris,9.166667,0.135323,2,4
22,7,Paige VanZant,9.166667,0.134433,3,5
22,7,Antonio Brown,8.666667,0.143332,4,3
22,7,Jodie Sweetin,8.500000,0.158998,5,1
22,7,Ginger Zee,9.166667,0.130484,6,6
22,7,Kim Fields,8.666667,0.083537,7,7
22,7,Von Miller,8.666667,0.079067,8,8
22,8,Ginger Zee,10.000000,0.204112,1,1
22,8,Nyle DiMarco,9.666667,0.209114,2,2
22,8,Paige VanZant,9.333333,0.203945,3,3
22,8,Jodie Sweetin,10.000000,0.002203,4,6
22,8,Antonio Brown,9.000000,0.196703,5,4
22,8,Wanya Morris,8.333333,0.183923,6,5
22,9,Paige VanZant,9.833333,0.236758,1,1
22,9,Wanya Morris,10.000000,0.196080,2,4
22,9,Nyle DiMarco,9.500000,0.227696,3,2
22,9,Ginger Zee,9.333333,0.220751,4,3
22,9,Antonio Brown,9.166667,0.118715,5,5
22,10,Paige VanZant,9.888867,0.343535,1,1
22,10,Nyle DiMarco,9.666600,0.334337,2,2
22,10,Ginger Zee,9.444400,0.322128,3,3
23,1,Laurie Hernandez,7.750000,0.095027,1,1
23,1,Marilu Henner,6.750000,0.084856,2,3
23,1,Jana Kramer,6.750000,0.084053,3,4
23,1,James Hinchcliffe,7.750000,0.074961,4,2
23,1,Babyface,6.500000,0.080836,5,5
23,1,Calvin Johnson Jr.,6.500000,0.080279,6,6
23,1,Vanilla Ice,6.250000,0.078022,7,7
23,1,Terra Jole,6.250000,0.075787,8,8
23,1,Ryan Lochte,6.000000,0.074292,9,9
23,1,Amber Rose,6.000000,0.073653,10,10
23,1,Jake T. Austin,5.500000,0.069660,11,11
23,1,Maureen McCormick,5.500000,0.069375,12,12
23,1,Rick Perry,5.000000,0.059199,13,13
23,2,Laurie Hernandez,8.000000,0.094780,1,1
23,2,Babyface,7.500000,0.089983,2,3
23,2,Terra Jole,7.750000,0.089877,3,2
23,2,Jana Kramer,7.250000,0.086649,4,4
23,2,Calvin Johnson Jr.,7.000000,0.082895,5,5
23,2,Marilu Henner,6.750000,0.082321,6,6
23,2,Amber Rose,6.000000,0.083678,7,9
23,2,James Hinchcliffe,7.250000,0.067886,8,11
23,2,Ryan Lochte,6.000000,0.083008,9,10
23,2,Maureen McCormick,6.500000,0.078846,10,7
23,2,Vanilla Ice,6.500000,0.078547,11,8
23,2,Rick Perry,5.500000,0.079017,12,12
23,2,Jake T. Austin,6.000000,0.002513,13,13
23,3,Calvin Johnson Jr.,8.000000,0.104257,1,1
23,3,Laurie Hernandez,7.750000,0.101720,2,2
23,3,Terra Jole,7.500000,0.097177,3,3
23,3,Marilu Henner,7.000000,0.094524,4,4
23,3,Maureen McCormick,7.000000,0.094298,5,5
23,3,Jana Kramer,6.500000,0.086583,6,6
23,3,James Hinchcliffe,7.250000,0.075512,7,7
23,3,Babyface,6.250000,0.083817,8,8
23,3,Amber Rose,6.250000,0.082069,9,10
23,3,Ryan Lochte,6.250000,0.083318,10,9
23,3,Vanilla Ice,5.750000,0.078083,11,11
23,3,Rick Perry,5.750000,0.018639,12,12
23,4,Laurie Hernandez,10.000000,0.121254,1,1
23,4,Terra Jole,8.333333,0.099605,2,3
23,4,Maureen McCormick,8.000000,0.099480,3,4
23,4,Amber Rose,8.000000,0.096533,4,5
23,4,James Hinchcliffe,9.333333,0.089393,5,2
23,4,Calvin Johnson Jr.,7.666667,0.096718,6,6
23,4,Jana Kramer,7.666667,0.096672,7,7
23,4,Ryan Lochte,7.333333,0.094801,8,8
23,4,Vanilla Ice,7.666667,0.074903,9,10
23,4,Marilu Henner,7.000000,0.092427,10,9
23,4,Babyface,6.000000,0.038214,11,11
23,5,Marilu Henner,9.000000,0.122540,1,1
23,5,Terra Jole,9.000000,0.117566,2,2
23,5,Jana Kramer,8.666667,0.116572,3,3
23,5,Laurie Hernandez,8.333333,0.111253,4,5
23,5,James Hinchcliffe,9.666667,0.101911,5,4
23,5,Maureen McCormick,8.000000,0.109287,6,6
23,5,Calvin Johnson Jr.,8.000000,0.106929,7,8
23,5,Ryan Lochte,8.000000,0.107404,8,7
23,5,Amber Rose,8.000000,0.106538,9,9
23,6,Jana Kramer,10.000000,0.142986,1,1
23,6,Laurie Hernandez,9.250000,0.132214,2,2
23,6,Calvin Johnson Jr.,9.250000,0.131484,3,3
23,6,James Hinchcliffe,9.500000,0.106655,4,5
23,6,Marilu Henner,8.500000,0.123121,5,4
23,6,Maureen McCormick,7.750000,0.112825,6,6
23,6,Ryan Lochte,7.500000,0.106570,7,7
23,6,Terra Jole,7.500000,0.105112,8,8
23,6,Amber Rose,7.000000,0.039034,9,9
23,7,Calvin Johnson Jr.,9.250000,0.146284,1,2
23,7,Ryan Lochte,8.250000,0.154194,2,3
23,7,Jana Kramer,8.625000,0.138647,3,4
23,7,Laurie Hernandez,8.625000,0.136742,4,5
23,7,James Hinchcliffe,9.250000,0.116107,5,7
23,7,Terra Jole,8.625000,0.133900,6,6
23,7,Marilu Henner,8.000000,0.166343,7,1
23,7,Maureen McCormick,8.250000,0.007781,8,8
23,8,Laurie Hernandez,11.000000,0.179019,1,1
23,8,James Hinchcliffe,11.666600,0.150739,2,2
23,8,Jana Kramer,10.000000,0.165519,3,3
23,8,Terra Jole,8.000000,0.168815,4,5
23,8,Calvin Johnson Jr.,10.000000,0.165224,5,4
23,8,Marilu Henner,7.666667,0.168228,6,6
23,8,Ryan Lochte,8.666667,0.002455,7,7
23,9,Jana Kramer,10.000000,0.207710,1,1
23,9,Laurie Hernandez,10.000000,0.207435,2,2
23,9,Terra Jole,9.500000,0.193756,3,3
23,9,James Hinchcliffe,9.000000,0.195551,4,5
23,9,Calvin Johnson Jr.,9.250000,0.192444,5,4
23,9,Marilu Henner,9.000000,0.003104,6,6
23,10,Jana Kramer,9.666667,0.278998,1,1
23,10,Laurie Hernandez,10.000000,0.231206,2,3
23,10,Terra Jole,10.000000,0.002768,3,5
23,10,James Hinchcliffe,9.833333,0.220324,4,4
23,10,Calvin Johnson Jr.,9.333333,0.266704,5,2
23,11,Laurie Hernandez,9.833300,0.271040,1,1
23,11,Calvin Johnson Jr.,9.583275,0.263703,2,2
23,11,James Hinchcliffe,9.749950,0.215180,3,4
23,11,Jana Kramer,8.875000,0.250077,4,3
24,1,Simone Biles,8.000000,0.106030,1,1
24,1,Rashad Jennings,7.750000,0.102839,2,2
24,1,Heather Morris,7.000000,0.094902,3,3
24,1,David Ross,7.000000,0.093508,4,5
24,1,Nancy Kerrigan,7.000000,0.093625,5,4
24,1,Normani,6.750000,0.091128,6,6
24,1,Erika Jayne,6.000000,0.081303,7,7
24,1,Nick Viall,6.000000,0.079168,8,8
24,1,Bonner Bolton,5.500000,0.073900,9,9
24,1,Charo,5.250000,0.058044,10,11
24,1,Mr. T,5.000000,0.068684,11,10
24,1,Chris Kattan,4.250000,0.056870,12,12
24,2,Normani,8.000000,0.104340,1,1
24,2,Rashad Jennings,8.000000,0.103564,2,2
24,2,Heather Morris,7.500000,0.099050,3,3
24,2,Simone Biles,7.250000,0.093553,4,4
24,2,Bonner Bolton,7.000000,0.090937,5,6
24,2,Erika Jayne,7.000000,0.091968,6,5
24,2,Nancy Kerrigan,7.000000,0.090616,7,7
24,2,David Ross,6.750000,0.087384,8,8
24,2,Nick Viall,6.250000,0.079650,9,9
24,2,Charo,6.250000,0.066242,10,11
24,2,Mr. T,5.500000,0.075628,11,10
24,2,Chris Kattan,5.500000,0.017067,12,12
24,3,Normani,8.500000,0.114731,1,1
24,3,Heather Morris,8.250000,0.112223,2,2
24,3,Nancy Kerrigan,8.250000,0.110001,3,3
24,3,Simone Biles,8.000000,0.107078,4,4
24,3,David Ross,7.750000,0.103104,5,5
24,3,Rashad Jennings,7.000000,0.093930,6,6
24,3,Erika Jayne,6.500000,0.088415,7,7
24,3,Nick Viall,6.500000,0.086181,8,8
24,3,Mr. T,6.000000,0.082550,9,9
24,3,Bonner Bolton,6.000000,0.081239,10,10
24,3,Charo,6.000000,0.020549,11,11
24,4,Rashad Jennings,9.750000,0.125624,1,1
24,4,Simone Biles,9.000000,0.116236,2,2
24,4,Heather Morris,8.750000,0.114899,3,3
24,4,Nancy Kerrigan,8.250000,0.107073,4,4
24,4,Normani,8.000000,0.104193,5,5
24,4,Bonner Bolton,8.000000,0.104131,6,6
24,4,David Ross,7.750000,0.101276,7,7
24,4,Erika Jayne,7.500000,0.098741,8,8
24,4,Nick Viall,7.500000,0.095605,9,9
24,4,Mr. T,7.000000,0.032221,10,10
24,5,Normani,9.750000,0.132948,1,1
24,5,Simone Biles,9.500000,0.129386,2,2
24,5,Nancy Kerrigan,9.000000,0.121010,3,3
24,5,Bonner Bolton,7.500000,0.131221,4,5
24,5,Rashad Jennings,8.000000,0.125693,5,4
24,5,Heather Morris,8.500000,0.117854,6,6
24,5,Nick Viall,8.500000,0.112940,7,7
24,5,David Ross,7.250000,0.126775,8,8
24,5,Erika Jayne,8.000000,0.002174,9,9
24,6,Normani,9.000000,0.156554,1,1
24,6,Rashad Jennings,8.750000,0.150688,2,2
24,6,Simone Biles,8.625000,0.148586,3,3
24,6,Nancy Kerrigan,8.375000,0.144121,4,4
24,6,Heather Morris,9.250000,0.001876,5,8
24,6,Bonner Bolton,7.875000,0.135709,6,5
24,6,David Ross,7.750000,0.133614,7,6
24,6,Nick Viall,7.625000,0.128852,8,7
24,7,Normani,10.500000,0.173405,1,1
24,7,Rashad Jennings,9.750000,0.161042,2,2
24,7,Simone Biles,9.750000,0.160700,3,3
24,7,David Ross,8.000000,0.172711,4,4
24,7,Nancy Kerrigan,9.000000,0.085560,5,6
24,7,Bonner Bolton,7.750000,0.167348,6,5
24,7,Nick Viall,8.500000,0.079235,7,7
24,8,Normani,9.875000,0.243477,1,1
24,8,Rashad Jennings,9.375000,0.230541,2,2
24,8,Simone Biles,9.000000,0.220515,3,3
24,8,David Ross,8.125000,0.200915,4,4
24,8,Bonner Bolton,7.250000,0.104551,5,5
24,9,Rashad Jennings,9.625000,0.342549,1,1
24,9,Simone Biles,10.000000,0.004244,2,4
24,9,Normani,9.500000,0.341471,3,2
24,9,David Ross,8.750000,0.311736,4,3
24,10,Rashad Jennings,9.916650,0.341428,1,1
24,10,Normani,9.833300,0.341213,2,2
24,10,David Ross,9.083325,0.317359,3,3
25,1,Jordan Fisher,7.333333,0.097970,1,1
25,1,Lindsey Stirling,7.333333,0.093250,2,2
25,1,Nikki Bella,6.666667,0.087629,3,3
25,1,Frankie Muniz,6.333333,0.084816,4,4
25,1,Victoria Arlen,6.333333,0.083103,5,5
25,1,Vanessa Lachey,7.000000,0.072215,6,6
25,1,Nick Lachey,6.000000,0.079861,7,7
25,1,Derek Fisher,6.000000,0.078920,8,8
25,1,Sasha Pieterse,6.000000,0.064648,9,10
25,1,Debbie Gibson,5.666667,0.075490,10,9
25,1,Terrell Owens,5.000000,0.066187,11,11
25,1,Drew Scott,5.333333,0.055476,12,12
25,1,Barbara Corcoran,4.666667,0.060435,13,13
25,2,Frankie Muniz,8.000000,0.097463,1,1
25,2,Jordan Fisher,8.000000,0.096896,2,2
25,2,Victoria Arlen,7.333333,0.087904,3,4
25,2,Lindsey Stirling,7.500000,0.086528,4,3
25,2,Vanessa Lachey,7.833333,0.073578,5,5
25,2,Sasha Pieterse,7.500000,0.073300,6,6
25,2,Terrell Owens,6.500000,0.081308,7,7
25,2,Nikki Bella,6.500000,0.081211,8,8
25,2,Debbie Gibson,6.833333,0.069874,9,11
25,2,Nick Lachey,6.333333,0.079874,10,9
25,2,Derek Fisher,6.333333,0.078711,11,10
25,2,Drew Scott,6.833333,0.067116,12,12
25,2,Barbara Corcoran,5.666667,0.026237,13,13
25,3,Lindsey Stirling,9.000000,0.112784,1,1
25,3,Jordan Fisher,8.333333,0.109520,2,2
25,3,Victoria Arlen,7.333333,0.095234,3,3
25,3,Frankie Muniz,7.000000,0.092691,4,4
25,3,Drew Scott,7.666667,0.078448,5,9
25,3,Vanessa Lachey,7.666667,0.078363,6,10
25,3,Terrell Owens,7.000000,0.091100,7,7
25,3,Nick Lachey,7.000000,0.091923,8,5
25,3,Derek Fisher,7.000000,0.091173,9,6
25,3,Nikki Bella,7.000000,0.091001,10,8
25,3,Sasha Pieterse,6.333333,0.067762,11,11
25,4,Jordan Fisher,9.666667,0.123604,1,1
25,4,Victoria Arlen,9.000000,0.111918,2,2
25,4,Lindsey Stirling,8.666667,0.104226,3,3
25,4,Frankie Muniz,8.000000,0.101320,4,5
25,4,Terrell Owens,8.000000,0.099597,5,6
25,4,Nick Lachey,7.333333,0.118204,6,4
25,4,Sasha Pieterse,8.000000,0.082074,7,8
25,4,Nikki Bella,8.000000,0.099004,8,7
25,4,Vanessa Lachey,8.000000,0.078961,9,10
25,4,Drew Scott,8.000000,0.079035,10,9
25,4,Derek Fisher,7.666667,0.002056,11,11
25,5,Jordan Fisher,10.000000,0.127483,1,1
25,5,Frankie Muniz,9.666667,0.123371,2,2
25,5,Lindsey Stirling,9.333333,0.114021,3,3
25,5,Nikki Bella,9.000000,0.113571,4,4
25,5,Victoria Arlen,9.000000,0.112514,5,5
25,5,Nick Lachey,7.333333,0.116531,6,6
25,5,Terrell Owens,8.333333,0.104155,7,7
25,5,Drew Scott,8.333333,0.082518,8,9
25,5,Vanessa Lachey,8.000000,0.094696,9,8
25,5,Sasha Pieterse,8.000000,0.011141,10,10
25,6,Jordan Fisher,9.750000,0.143701,1,1
25,6,Lindsey Stirling,10.000000,0.140259,2,2
25,6,Terrell Owens,9.250000,0.134464,3,3
25,6,Nikki Bella,9.000000,0.130875,4,4
25,6,Vanessa Lachey,9.000000,0.102649,5,5
25,6,Frankie Muniz,7.750000,0.114791,6,6
25,6,Victoria Arlen,7.750000,0.112927,7,7
25,6,Drew Scott,7.500000,0.086443,8,8
25,6,Nick Lachey,6.500000,0.033892,9,9
25,7,Frankie Muniz,10.000000,0.157802,1,1
25,7,Victoria Arlen,9.500000,0.148053,2,2
25,7,Jordan Fisher,9.000000,0.142739,3,3
25,7,Drew Scott,9.500000,0.116225,4,6
25,7,Lindsey Stirling,8.500000,0.136799,5,4
25,7,Vanessa Lachey,9.000000,0.088006,6,7
25,7,Terrell Owens,8.166667,0.135537,7,5
25,7,Nikki Bella,8.000000,0.074838,8,8
25,8,Jordan Fisher,10.000000,0.215716,1,1
25,8,Victoria Arlen,8.000000,0.227354,2,2
25,8,Lindsey Stirling,9.000000,0.185376,3,4
25,8,Frankie Muniz,8.833333,0.193547,4,3
25,8,Terrell Owens,8.500000,0.003306,5,6
25,8,Drew Scott,7.833333,0.174702,6,5
25,9,Jordan Fisher,9.666667,0.249089,1,2
25,9,Lindsey Stirling,9.500000,0.234269,2,3
25,9,Frankie Muniz,8.500000,0.297518,3,1
25,9,Victoria Arlen,9.333333,0.003639,4,5
25,9,Drew Scott,8.000000,0.215485,5,4
25,10,Jordan Fisher,10.000000,0.270794,1,1
25,10,Lindsey Stirling,10.000000,0.260679,2,2
25,10,Frankie Muniz,9.722175,0.265410,3,3
25,10,Drew Scott,9.375000,0.203117,4,4
26,1,Adam Rippon,8.000000,0.120391,1,1
26,1,Josh Norman,8.000000,0.119720,2,2
26,1,Tonya Harding,7.666667,0.115736,3,3
26,1,Mirai Nagasu,7.666667,0.115399,4,4
26,1,Chris Mazdzer,7.000000,0.105677,5,5
26,1,Jennie Finch Daigle,7.000000,0.105389,6,6
26,1,Kareem Abdul-Jabbar,5.666667,0.109479,7,8
26,1,Arike Ogunbowale,6.666667,0.101030,8,7
26,1,Jamie Anderson,6.333333,0.054961,9,9
26,1,Johnny Damon,6.000000,0.052218,10,10
26,2,Adam Rippon,9.250000,0.144661,1,1
26,2,Mirai Nagasu,9.250000,0.144533,2,2
26,2,Chris Mazdzer,8.250000,0.134937,3,3
26,2,Tonya Harding,8.250000,0.134862,4,4
26,2,Arike Ogunbowale,8.750000,0.118956,5,5
26,2,Josh Norman,7.875000,0.128838,6,6
26,2,Jennie Finch Daigle,7.875000,0.128670,7,7
26,2,Kareem Abdul-Jabbar,7.375000,0.064543,8,8
26,3,Adam Rippon,10.250000,0.207632,1,1
26,3,Josh Norman,9.500000,0.193579,2,2
26,3,Tonya Harding,8.750000,0.182924,3,3
26,3,Mirai Nagasu,8.750000,0.152019,4,4
26,3,Chris Mazdzer,8.250000,0.140155,5,5
26,3,Jennie Finch Daigle,7.250000,0.123691,6,6
26,4,Adam Rippon,9.666667,0.337843,1,1
26,4,Josh Norman,9.500000,0.333657,2,2
26,4,Tonya Harding,9.333333,0.328500,3,3
27,1,Tinashe,7.666667,0.097639,1,1
27,1,DeMarcus Ware,7.666667,0.097635,2,2
27,1,Alexis Ren,7.333333,0.095704,3,3
27,1,Milo Manheim,6.666667,0.086948,4,4
27,1,Mary Lou Retton,6.666667,0.084951,5,5
27,1,Bobby Bones,6.666667,0.082744,6,7
27,1,Nancy McKeon,6.500000,0.084364,7,8
27,1,Juan Pablo Di Pace,7.333333,0.075696,8,6
27,1,John Schneider,6.000000,0.078433,9,9
27,1,Danelle Umstead,6.000000,0.076387,10,10
27,1,Evanna Lynch,6.000000,0.062770,11,11
27,1,Joe Amabile,4.666667,0.074053,12,12
27,1,Nikki Glaser,5.833333,0.002675,13,13
27,2,Milo Manheim,8.666667,0.105462,1,1
27,2,Tinashe,8.666667,0.104837,2,2
27,2,Alexis Ren,8.166667,0.100454,3,3
27,2,Juan Pablo Di Pace,8.666667,0.085280,4,4
27,2,DeMarcus Ware,7.833333,0.094050,5,5
27,2,Mary Lou Retton,7.666667,0.092484,6,6
27,2,John Schneider,7.166667,0.088452,7,7
27,2,Evanna Lynch,8.000000,0.078757,8,8
27,2,Nancy McKeon,6.833333,0.083828,9,9
27,2,Joe Amabile,5.833333,0.087977,10,10
27,2,Bobby Bones,6.500000,0.075965,11,11
27,2,Danelle Umstead,6.166667,0.002454,12,12
27,3,Milo Manheim,9.000000,0.108615,1,2
27,3,Tinashe,9.000000,0.107949,2,3
27,3,Juan Pablo Di Pace,10.000000,0.097592,3,1
27,3,Alexis Ren,8.666667,0.106763,4,4
27,3,DeMarcus Ware,8.666667,0.103788,5,5
27,3,John Schneider,7.000000,0.109559,6,7
27,3,Evanna Lynch,9.000000,0.087958,7,6
27,3,Mary Lou Retton,8.000000,0.095821,8,8
27,3,Bobby Bones,7.666667,0.089543,9,9
27,3,Joe Amabile,6.000000,0.090308,10,10
27,3,Nancy McKeon,7.333333,0.002105,11,11
27,4,Milo Manheim,9.666667,0.122095,1,1
27,4,Mary Lou Retton,8.666667,0.122791,2,3
27,4,Alexis Ren,8.333333,0.136083,3,2
27,4,DeMarcus Ware,7.333333,0.116373,4,4
27,4,Evanna Lynch,8.000000,0.103545,5,5
27,4,Tinashe,8.666667,0.001825,6,10
27,4,Juan Pablo Di Pace,8.000000,0.103500,7,6
27,4,John Schneider,7.000000,0.113280,8,7
27,4,Bobby Bones,6.666667,0.102716,9,8
27,4,Joe Amabile,5.000000,0.077791,10,9
27,5,Alexis Ren,9.666667,0.138531,1,1
27,5,Milo Manheim,9.000000,0.128404,2,2
27,5,DeMarcus Ware,8.666667,0.121663,3,4
27,5,Juan Pablo Di Pace,9.666667,0.110913,4,3
27,5,Mary Lou Retton,8.333333,0.117296,5,5
27,5,John Schneider,8.000000,0.114944,6,6
27,5,Bobby Bones,7.000000,0.096339,7,8
27,5,Evanna Lynch,8.000000,0.092550,8,7
27,5,Joe Amabile,5.666667,0.079360,9,9
27,6,Milo Manheim,10.000000,0.142157,1,1
27,6,Alexis Ren,9.000000,0.129603,2,2
27,6,Juan Pablo Di Pace,10.000000,0.114578,3,3
27,6,Joe Amabile,7.333333,0.130627,4,6
27,6,DeMarcus Ware,8.666667,0.122387,5,5
27,6,Evanna Lynch,9.666667,0.111857,6,4
27,6,Bobby Bones,7.333333,0.129338,7,7
27,6,Mary Lou Retton,8.000000,0.002242,8,9
27,6,John Schneider,6.333333,0.117211,9,8
27,7,Milo Manheim,9.666667,0.149998,1,2
27,7,Evanna Lynch,9.833333,0.121938,2,5
27,7,Bobby Bones,8.833333,0.162133,3,1
27,7,Alexis Ren,9.166667,0.143301,4,3
27,7,Juan Pablo Di Pace,9.333333,0.116305,5,6
27,7,Joe Amabile,7.833333,0.151268,6,4
27,7,John Schneider,9.000000,0.080622,7,7
27,7,DeMarcus Ware,8.833333,0.074433,8,8
27,8,Alexis Ren,9.666667,0.221082,1,1
27,8,Milo Manheim,9.166667,0.208373,2,2
27,8,Juan Pablo Di Pace,10.000000,0.132242,3,5
27,8,Evanna Lynch,9.666667,0.176758,4,3
27,8,Bobby Bones,7.500000,0.196570,5,4
27,8,Joe Amabile,7.666667,0.064974,6,6
27,9,Milo Manheim,10.000000,0.272954,1,1
27,9,Alexis Ren,9.500000,0.263605,2,2
27,9,Evanna Lynch,10.000000,0.223995,3,3
27,9,Bobby Bones,9.000000,0.239445,4,4
28,1,James Van Der Beek,7.000000,0.107629,1,1
28,1,Hannah Brown,6.666667,0.098897,2,2
28,1,Lauren Alaina,6.333333,0.096933,3,3
28,1,Sailor Brinkley-Cook,6.000000,0.090074,4,4
28,1,Mary Wilson,5.666667,0.086835,5,5
28,1,Karamo Brown,5.666667,0.084236,6,6
28,1,Kel Mitchell,5.333333,0.083007,7,7
28,1,Ally Brooke,5.333333,0.082160,8,8
28,1,Kate Flannery,5.000000,0.078030,9,9
28,1,Ray Lewis,5.000000,0.076420,10,10
28,1,Sean Spicer,4.000000,0.058812,11,11
28,1,Lamar Odom,3.666667,0.056967,12,12
28,2,Hannah Brown,8.000000,0.114283,1,1
28,2,Kate Flannery,7.000000,0.104053,2,2
28,2,Kel Mitchell,6.666667,0.099339,3,3
28,2,James Van Der Beek,6.666667,0.098979,4,4
28,2,Ally Brooke,6.666667,0.098562,5,5
28,2,Lauren Alaina,6.333333,0.093578,6,6
28,2,Karamo Brown,6.333333,0.090835,7,7
28,2,Sailor Brinkley-Cook,6.000000,0.087511,8,8
28,2,Sean Spicer,5.333333,0.074761,9,9
28,2,Mary Wilson,5.000000,0.074626,10,10
28,2,Ray Lewis,5.000000,0.003657,11,12
28,2,Lamar Odom,4.000000,0.059815,12,11
28,3,Kate Flannery,8.000000,0.122526,1,1
28,3,Ally Brooke,8.000000,0.120940,2,2
28,3,James Van Der Beek,7.666667,0.117808,3,3
28,3,Sailor Brinkley-Cook,7.666667,0.114219,4,4
28,3,Hannah Brown,7.000000,0.104008,5,5
28,3,Kel Mitchell,6.666667,0.103236,6,6
28,3,Lauren Alaina,6.666667,0.102167,7,7
28,3,Karamo Brown,5.333333,0.079861,8,8
28,3,Sean Spicer,5.000000,0.073117,9,9
28,3,Lamar Odom,4.000000,0.062118,10,10
28,4,Ally Brooke,8.000000,0.112627,1,2
28,4,Lauren Alaina,8.000000,0.112504,2,3
28,4,Kel Mitchell,8.000000,0.113501,3,1
28,4,Hannah Brown,8.000000,0.109444,4,4
28,4,Sailor Brinkley-Cook,7.750000,0.106923,5,5
28,4,Kate Flannery,6.500000,0.105159,6,7
28,4,James Van Der Beek,7.000000,0.100689,7,6
28,4,Karamo Brown,7.000000,0.096580,8,8
28,4,Sean Spicer,5.250000,0.073320,9,9
28,4,Lamar Odom,5.000000,0.069252,10,10
28,5,Ally Brooke,9.000000,0.125657,1,1
28,5,Kel Mitchell,8.666667,0.122879,2,2
28,5,James Van Der Beek,8.666667,0.122873,3,3
28,5,Hannah Brown,8.333333,0.114104,4,4
28,5,Kate Flannery,8.000000,0.113675,5,5
28,5,Sailor Brinkley-Cook,8.000000,0.110737,6,6
28,5,Lauren Alaina,7.666667,0.108291,7,7
28,5,Karamo Brown,7.000000,0.096555,8,8
28,5,Sean Spicer,6.333333,0.085229,9,9
28,6,Lauren Alaina,8.666667,0.111111,1,4
28,6,James Van Der Beek,9.000000,0.111111,2,1
28,6,Karamo Brown,8.333333,0.111111,3,6
28,6,Sailor Brinkley-Cook,9.000000,0.111111,4,2
28,6,Ally Brooke,8.333333,0.111111,5,7
28,6,Kate Flannery,9.000000,0.111111,6,3
28,6,Sean Spicer,7.000000,0.111111,7,9
28,6,Kel Mitchell,8.666667,0.111111,8,5
28,6,Hannah Brown,8.000000,0.111111,9,8
28,7,Ally Brooke,9.000000,0.186410,1,1
28,7,Lauren Alaina,9.000000,0.177242,2,2
28,7,James Van Der Beek,9.000000,0.171198,3,3
28,7,Hannah Brown,8.666667,0.156035,4,4
28,7,Kel Mitchell,8.500000,0.076507,5,6
28,7,Sean Spicer,7.000000,0.157021,6,5
28,7,Kate Flannery,8.000000,0.072185,7,7
28,7,Karamo Brown,8.166667,0.003401,8,8
28,8,James Van Der Beek,10.666600,0.223866,1,1
28,8,Hannah Brown,10.333267,0.210513,2,2
28,8,Kel Mitchell,9.999933,0.213474,3,3
28,8,Ally Brooke,10.000000,0.209989,4,4
28,8,Kate Flannery,8.666600,0.003209,5,6
28,8,Sean Spicer,6.666667,0.135494,6,5
28,8,Lauren Alaina,8.000000,0.003454,7,7
28,9,Ally Brooke,10.000000,0.186370,1,1
28,9,Kel Mitchell,9.250000,0.179669,2,2
28,9,James Van Der Beek,9.000000,0.177713,3,3
28,9,Hannah Brown,8.875000,0.167896,4,5
28,9,Lauren Alaina,8.750000,0.174537,5,4
28,9,Sean Spicer,6.250000,0.113815,6,6
28,10,Ally Brooke,9.833333,0.210427,1,1
28,10,Kel Mitchell,9.500000,0.209310,2,2
28,10,Lauren Alaina,9.000000,0.208447,3,3
28,10,Hannah Brown,9.000000,0.189845,4,4
28,10,James Van Der Beek,8.500000,0.181971,5,5
28,11,Ally Brooke,10.000000,0.256487,1,1
28,11,Kel Mitchell,9.833333,0.254929,2,2
28,11,Hannah Brown,9.666667,0.242786,3,3
28,11,Lauren Alaina,9.500000,0.245798,4,4
29,1,Justina Machado,7.000000,0.082957,1,1
29,1,Skai Jackson,7.000000,0.082936,2,2
29,1,Nev Schulman,6.666667,0.075269,3,3
29,1,Monica Aldama,6.333333,0.072567,4,4
29,1,Anne Heche,6.000000,0.071524,5,5
29,1,AJ McLean,6.000000,0.070929,6,7
29,1,Jeannie Mai,6.000000,0.068953,7,9
29,1,Kaitlyn Bristowe,6.666667,0.061227,8,10
29,1,Jesse Metcalfe,6.000000,0.071463,9,6
29,1,Johnny Weir,6.000000,0.070188,10,8
29,1,Veron Davis,5.666667,0.066312,11,11
29,1,Nelly,5.333333,0.063255,12,12
29,1,Chrishell Stause,4.333333,0.052138,13,13
29,1,Charles Oakley,4.000000,0.047464,14,14
29,1,Carole Baskin,3.666667,0.042819,15,15
29,2,Justina Machado,7.000000,0.077228,1,1
29,2,Nev Schulman,7.000000,0.073862,2,2
29,2,Jesse Metcalfe,6.666667,0.073585,3,3
29,2,AJ McLean,6.333333,0.069394,4,5
29,2,Anne Heche,6.000000,0.068944,5,6
29,2,Kaitlyn Bristowe,7.333333,0.062240,6,4
29,2,Veron Davis,6.000000,0.065827,7,9
29,2,Chrishell Stause,6.000000,0.067287,8,7
29,2,Nelly,6.000000,0.066578,9,8
29,2,Jeannie Mai,6.000000,0.063799,10,11
29,2,Skai Jackson,5.000000,0.071607,11,12
29,2,Johnny Weir,6.000000,0.065176,12,10
29,2,Carole Baskin,5.333333,0.062696,13,13
29,2,Monica Aldama,5.333333,0.062436,14,14
29,2,Charles Oakley,5.000000,0.049341,15,15
29,3,Johnny Weir,8.000000,0.084690,1,1
29,3,Nev Schulman,8.000000,0.082250,2,2
29,3,Chrishell Stause,7.333333,0.079212,3,3
29,3,Veron Davis,7.333333,0.078201,4,4
29,3,Jeannie Mai,7.333333,0.076574,5,5
29,3,AJ McLean,7.000000,0.075444,6,6
29,3,Monica Aldama,7.000000,0.073159,7,7
29,3,Kaitlyn Bristowe,7.666667,0.064088,8,8
29,3,Jesse Metcalfe,6.666667,0.072387,9,9
29,3,Justina Machado,6.333333,0.069373,10,10
29,3,Skai Jackson,6.000000,0.067021,11,11
29,3,Anne Heche,5.000000,0.068851,12,13
29,3,Nelly,6.000000,0.065959,13,12
29,3,Carole Baskin,4.000000,0.042790,14,14
29,4,Skai Jackson,9.333333,0.095856,1,1
29,4,Justina Machado,8.000000,0.082295,2,2
29,4,AJ McLean,8.000000,0.081617,3,3
29,4,Monica Aldama,8.000000,0.079077,4,5
29,4,Johnny Weir,8.000000,0.080888,5,4
29,4,Nev Schulman,8.000000,0.078438,6,6
29,4,Kaitlyn Bristowe,8.333333,0.063359,7,11
29,4,Jesse Metcalfe,7.000000,0.083790,8,7
29,4,Chrishell Stause,7.333333,0.077196,9,8
29,4,Veron Davis,7.333333,0.074247,10,10
29,4,Nelly,7.000000,0.078234,11,9
29,4,Jeannie Mai,7.000000,0.069886,12,12
29,4,Anne Heche,7.000000,0.055116,13,13
29,5,Johnny Weir,9.666667,0.101710,1,1
29,5,Monica Aldama,8.666667,0.090217,2,2
29,5,Nev Schulman,8.666667,0.088990,3,3
29,5,Skai Jackson,8.000000,0.087672,4,4
29,5,Kaitlyn Bristowe,9.000000,0.075150,5,8
29,5,Jeannie Mai,8.000000,0.083721,6,9
29,5,Justina Machado,8.000000,0.087428,7,5
29,5,Nelly,8.000000,0.086271,8,6
29,5,AJ McLean,8.000000,0.086023,9,7
29,5,Veron Davis,7.000000,0.075082,10,10
29,5,Chrishell Stause,6.333333,0.069167,11,11
29,5,Jesse Metcalfe,6.333333,0.068569,12,12
29,6,Justina Machado,9.000000,0.123771,1,1
29,6,AJ McLean,9.000000,0.120452,2,2
29,6,Monica Aldama,9.000000,0.115095,3,3
29,6,Kaitlyn Bristowe,9.000000,0.096293,4,8
29,6,Nelly,8.000000,0.117327,5,6
29,6,Nev Schulman,8.666667,0.110232,6,5
29,6,Chrishell Stause,8.000000,0.116002,7,7
29,6,Jeannie Mai,8.333333,0.114827,8,4
29,6,Johnny Weir,7.333333,0.002451,9,10
29,6,Skai Jackson,6.000000,0.081146,10,9
29,6,Veron Davis,7.000000,0.002405,11,11
29,7,Nev Schulman,10.000000,0.122106,1,1
29,7,Nelly,9.000000,0.114611,2,2
29,7,Skai Jackson,9.000000,0.114474,3,3
29,7,Johnny Weir,9.000000,0.113140,4,4
29,7,Chrishell Stause,8.666667,0.109380,5,5
29,7,AJ McLean,8.666667,0.108017,6,6
29,7,Justina Machado,8.666667,0.107807,7,7
29,7,Jeannie Mai,8.333333,0.084708,8,9
29,7,Kaitlyn Bristowe,8.000000,0.101529,9,8
29,7,Monica Aldama,7.333333,0.024228,10,10
29,8,Johnny Weir,10.000000,0.150238,1,1
29,8,Nev Schulman,10.000000,0.145778,2,2
29,8,Justina Machado,9.666600,0.148485,3,3
29,8,Kaitlyn Bristowe,9.333333,0.133129,4,5
29,8,Skai Jackson,8.999933,0.145113,5,4
29,8,AJ McLean,9.000000,0.130691,6,7
29,8,Nelly,8.000000,0.144403,7,6
29,8,Chrishell Stause,9.000000,0.002163,8,8
29,9,Johnny Weir,10.000000,0.166680,1,1
29,9,Skai Jackson,9.666600,0.171343,2,2
29,9,Justina Machado,8.666600,0.179345,3,3
29,9,Kaitlyn Bristowe,10.000000,0.127824,4,5
29,9,Nev Schulman,9.666600,0.156531,5,4
29,9,Nelly,8.000000,0.149838,6,6
29,9,AJ McLean,8.333267,0.048440,7,7
29,10,Nev Schulman,10.000000,0.178999,1,3
29,10,Kaitlyn Bristowe,10.000000,0.148932,2,4
29,10,Justina Machado,9.666667,0.190940,3,2
29,10,Nelly,9.333333,0.210947,4,1
29,10,Johnny Weir,9.500000,0.147891,5,5
29,10,Skai Jackson,9.500000,0.122293,6,6
29,11,Justina Machado,10.000000,0.270862,1,1
29,11,Nev Schulman,10.000000,0.258931,2,2
29,11,Kaitlyn Bristowe,10.000000,0.213788,3,4
29,11,Nelly,9.500000,0.256420,4,3
30,1,JoJo Siwa,7.250000,0.082983,1,1
30,1,Suni Lee,7.000000,0.077725,2,2
30,1,Amanda Kloots,7.000000,0.076595,3,3
30,1,Melora Hardin,6.500000,0.074169,4,4
30,1,Kenya Moore,6.500000,0.071211,5,5
30,1,Olivia Jade,6.250000,0.072156,6,6
30,1,Melanie C,6.750000,0.061203,7,7
30,1,"Mike ""The Miz"" Mizanin",6.000000,0.067331,8,9
30,1,Brian Austin Green,6.000000,0.068617,9,8
30,1,Cody Rigsby,6.000000,0.065921,10,11
30,1,Matt James,6.000000,0.067274,11,10
30,1,Christine Chiu,6.250000,0.055166,12,12
30,1,Jimmie Allen,5.500000,0.062460,13,13
30,1,Iman Shumpert,5.250000,0.059182,14,14
30,1,Martin Kove,3.250000,0.038009,15,15
30,2,Amanda Kloots,8.000000,0.082004,1,1
30,2,JoJo Siwa,7.750000,0.083860,2,2
30,2,Suni Lee,7.000000,0.074222,3,3
30,2,Olivia Jade,6.750000,0.073663,4,4
30,2,Melora Hardin,6.750000,0.073136,5,5
30,2,Jimmie Allen,6.750000,0.072256,6,6
30,2,Melanie C,7.500000,0.063900,7,7
30,2,"Mike ""The Miz"" Mizanin",6.500000,0.069211,8,8
30,2,Iman Shumpert,6.250000,0.066374,9,9
30,2,Cody Rigsby,6.000000,0.062994,10,10
30,2,Brian Austin Green,5.750000,0.063336,11,12
30,2,Kenya Moore,6.000000,0.062811,12,11
30,2,Christine Chiu,6.000000,0.051764,13,14
30,2,Matt James,5.500000,0.059419,14,13
30,2,Martin Kove,3.750000,0.041050,15,15
30,3,JoJo Siwa,8.000000,0.081965,1,3
30,3,Olivia Jade,8.000000,0.077513,2,4
30,3,Melanie C,7.333333,0.092502,3,1
30,3,Melora Hardin,7.666667,0.074534,4,6
30,3,Amanda Kloots,8.000000,0.066883,5,7
30,3,Brian Austin Green,6.333333,0.089672,6,5
30,3,Cody Rigsby,6.000000,0.105026,7,2
30,3,Kenya Moore,7.000000,0.071118,8,8
30,3,Jimmie Allen,6.666667,0.073089,9,9
30,3,"Mike ""The Miz"" Mizanin",7.333333,0.060661,10,12
30,3,Suni Lee,7.000000,0.065563,11,10
30,3,Matt James,6.666667,0.068732,12,11
30,3,Christine Chiu,7.000000,0.002314,13,14
30,3,Iman Shumpert,6.333333,0.070426,14,13
30,4,Melora Hardin,9.125000,0.089776,1,1
30,4,Olivia Jade,8.750000,0.087023,2,2
30,4,JoJo Siwa,8.750000,0.086661,3,3
30,4,Suni Lee,8.500000,0.082086,4,4
30,4,Amanda Kloots,8.500000,0.080882,5,5
30,4,Jimmie Allen,8.125000,0.079656,6,6
30,4,"Mike ""The Miz"" Mizanin",8.125000,0.078480,7,7
30,4,Iman Shumpert,7.875000,0.076487,8,8
30,4,Melanie C,8.250000,0.064686,9,9
30,4,Kenya Moore,7.375000,0.070757,10,10
30,4,Cody Rigsby,7.250000,0.069962,11,11
30,4,Matt James,7.125000,0.069232,12,12
30,4,Brian Austin Green,6.500000,0.064314,13,13
30,5,Olivia Jade,9.000000,0.105643,1,3
30,5,Amanda Kloots,9.750000,0.079764,2,6
30,5,Jimmie Allen,8.500000,0.128212,3,2
30,5,JoJo Siwa,10.000000,0.070493,4,7
30,5,Melora Hardin,9.000000,0.087786,5,5
30,5,Iman Shumpert,7.000000,0.185229,6,1
30,5,Suni Lee,9.000000,0.079656,7,8
30,5,"Mike ""The Miz"" Mizanin",8.000000,0.111976,8,4
30,5,Cody Rigsby,8.000000,0.087712,9,9
30,5,Melanie C,9.000000,0.002788,10,11
30,5,Kenya Moore,9.000000,0.060740,11,10
30,6,JoJo Siwa,10.000000,0.108862,1,1
30,6,Iman Shumpert,10.000000,0.105960,2,2
30,6,Jimmie Allen,9.500000,0.102213,3,4
30,6,Melora Hardin,8.500000,0.115652,4,3
30,6,Amanda Kloots,9.500000,0.099031,5,5
30,6,Olivia Jade,9.000000,0.100796,6,6
30,6,Suni Lee,9.000000,0.097682,7,7
30,6,Cody Rigsby,9.000000,0.094758,8,8
30,6,"Mike ""The Miz"" Mizanin",8.500000,0.092980,9,9
30,6,Kenya Moore,8.000000,0.082065,10,10
30,7,Olivia Jade,10.500000,0.129210,1,1
30,7,JoJo Siwa,9.750000,0.120377,2,2
30,7,Melora Hardin,9.500000,0.116638,3,3
30,7,Jimmie Allen,9.500000,0.115187,4,4
30,7,Suni Lee,8.500000,0.109673,5,6
30,7,Cody Rigsby,9.000000,0.106822,6,5
30,7,Iman Shumpert,8.500000,0.105169,7,7
30,7,Amanda Kloots,8.500000,0.101810,8,8
30,7,"Mike ""The Miz"" Mizanin",8.000000,0.095115,9,9
30,8,Melora Hardin,10.500000,0.133777,1,1
30,8,Suni Lee,10.500000,0.130487,2,2
30,8,Amanda Kloots,10.500000,0.128324,3,4
30,8,JoJo Siwa,10.250000,0.131700,4,3
30,8,Iman Shumpert,8.750000,0.141341,5,5
30,8,Cody Rigsby,9.500000,0.117125,6,6
30,8,Olivia Jade,9.000000,0.116064,7,7
30,8,Jimmie Allen,8.000000,0.101182,8,8
30,9,JoJo Siwa,10.000000,0.193505,1,1
30,9,Amanda Kloots,9.875000,0.186454,2,3
30,9,Cody Rigsby,8.875000,0.206866,3,2
30,9,Iman Shumpert,9.375000,0.173354,4,4
30,9,Suni Lee,9.375000,0.163830,5,5
30,9,Melora Hardin,9.000000,0.075992,6,6
30,10,JoJo Siwa,10.000000,0.261170,1,1
30,10,Iman Shumpert,10.000000,0.254195,2,2
30,10,Amanda Kloots,9.750000,0.244731,3,3
30,10,Cody Rigsby,9.500000,0.239905,4,4
31,1,Charli D'Amelio,8.000000,0.088272,1,1
31,1,Wayne Brady,7.250000,0.076246,2,2
31,1,Selma Blair,7.000000,0.076476,3,3
31,1,Shangela,7.000000,0.074421,4,4
31,1,Gabby Windey,7.000000,0.073840,5,5
31,1,Daniel Durant,6.750000,0.074020,6,6
31,1,Jordin Sparks,6.500000,0.071678,7,7
31,1,Heidi D'Amelio,6.000000,0.068306,8,8
31,1,Joseph Baena,5.750000,0.064716,9,9
31,1,Trevor Donovan,5.250000,0.060346,10,10
31,1,Cheryl Ladd,5.250000,0.059856,11,11
31,1,Teresa Giudice,5.000000,0.055033,12,13
31,1,Sam Champion,5.000000,0.056869,13,12
31,1,Jessie James Decker,5.000000,0.047476,14,14
31,1,Vinny Guadagnino,4.250000,0.049284,15,15
31,1,Jason Lewis,4.500000,0.003161,16,16
31,2,Charli D'Amelio,8.000000,0.081980,1,1
31,2,Gabby Windey,8.000000,0.078146,2,2
31,2,Wayne Brady,8.000000,0.078094,3,3
31,2,Trevor Donovan,7.500000,0.077243,4,4
31,2,Daniel Durant,7.250000,0.073966,5,5
31,2,Heidi D'Amelio,7.000000,0.072263,6,6
31,2,Selma Blair,7.000000,0.072090,7,7
31,2,Shangela,7.000000,0.069138,8,8
31,2,Jordin Sparks,6.750000,0.068543,9,9
31,2,Vinny Guadagnino,6.750000,0.066721,10,10
31,2,Sam Champion,6.500000,0.064291,11,11
31,2,Joseph Baena,6.000000,0.065920,12,13
31,2,Cheryl Ladd,5.250000,0.065928,13,14
31,2,Jessie James Decker,6.250000,0.063557,14,12
31,2,Teresa Giudice,5.750000,0.002121,15,15
31,3,Charli D'Amelio,8.250000,0.087333,1,1
31,3,Gabby Windey,8.250000,0.083424,2,2
31,3,Wayne Brady,8.250000,0.083290,3,3
31,3,Heidi D'Amelio,8.000000,0.085686,4,4
31,3,Daniel Durant,7.750000,0.082894,5,5
31,3,Joseph Baena,7.250000,0.077612,6,7
31,3,Shangela,7.500000,0.076721,7,6
31,3,Jordin Sparks,7.250000,0.076875,8,8
31,3,Selma Blair,7.000000,0.075055,9,9
31,3,Trevor Donovan,6.750000,0.073274,10,10
31,3,Jessie James Decker,6.500000,0.061624,11,12
31,3,Sam Champion,6.250000,0.065399,12,11
31,3,Vinny Guadagnino,5.750000,0.065440,13,13
31,3,Cheryl Ladd,6.000000,0.005372,14,14
31,4,Charli D'Amelio,9.000000,0.088924,1,1
31,4,Wayne Brady,9.000000,0.085147,2,2
31,4,Gabby Windey,9.000000,0.084928,3,3
31,4,Heidi D'Amelio,8.500000,0.084403,4,4
31,4,Jordin Sparks,8.500000,0.082942,5,5
31,4,Selma Blair,8.000000,0.078615,6,6
31,4,Shangela,8.000000,0.075827,7,8
31,4,Joseph Baena,7.000000,0.086957,8,7
31,4,Daniel Durant,7.250000,0.072143,9,9
31,4,Jessie James Decker,7.750000,0.060443,10,12
31,4,Vinny Guadagnino,7.250000,0.069347,11,11
31,4,Trevor Donovan,7.000000,0.072102,12,10
31,4,Sam Champion,6.250000,0.058224,13,13
31,5,Charli D'Amelio,10.500000,0.103862,1,1
31,5,Gabby Windey,10.250000,0.097202,2,2
31,5,Wayne Brady,10.250000,0.096819,3,3
31,5,Selma Blair,10.000000,0.096878,4,4
31,5,Heidi D'Amelio,9.750000,0.095843,5,5
31,5,Shangela,9.625000,0.091029,6,6
31,5,Trevor Donovan,9.000000,0.086828,7,7
31,5,Jordin Sparks,8.875000,0.084681,8,8
31,5,Jessie James Decker,9.000000,0.082153,9,9
31,5,Vinny Guadagnino,7.750000,0.086432,10,10
31,5,Daniel Durant,8.375000,0.076869,11,11
31,5,Joseph Baena,8.750000,0.001404,12,12
31,6,Charli D'Amelio,10.000000,0.117357,1,1
31,6,Gabby Windey,9.250000,0.103667,2,3
31,6,Trevor Donovan,8.500000,0.117519,3,2
31,6,Heidi D'Amelio,9.000000,0.106406,4,4
31,6,Shangela,9.000000,0.100601,5,5
31,6,Daniel Durant,8.500000,0.101774,6,6
31,6,Wayne Brady,8.500000,0.096946,7,8
31,6,Jordin Sparks,8.500000,0.099606,8,7
31,6,Vinny Guadagnino,7.000000,0.093412,9,9
31,6,Jessie James Decker,8.000000,0.062712,10,10
31,7,Charli D'Amelio,9.750000,0.135350,1,1
31,7,Trevor Donovan,9.750000,0.133955,2,2
31,7,Wayne Brady,9.500000,0.125534,3,3
31,7,Daniel Durant,9.125000,0.128204,4,4
31,7,Shangela,9.125000,0.122158,5,5
31,7,Heidi D'Amelio,8.750000,0.124385,6,6
31,7,Gabby Windey,8.875000,0.120739,7,7
31,7,Vinny Guadagnino,7.875000,0.107652,8,8
31,7,Jordin Sparks,8.625000,0.002022,9,9
31,8,Charli D'Amelio,11.250000,0.143275,1,1
31,8,Wayne Brady,11.250000,0.137024,2,2
31,8,Shangela,10.500000,0.128377,3,3
31,8,Trevor Donovan,9.750000,0.133905,4,4
31,8,Gabby Windey,10.000000,0.122583,5,6
31,8,Daniel Durant,9.750000,0.126540,6,5
31,8,Heidi D'Amelio,8.750000,0.118241,7,7
31,8,Vinny Guadagnino,7.250000,0.090055,8,8
31,9,Charli D'Amelio,10.000000,0.184839,1,1
31,9,Gabby Windey,10.000000,0.176079,2,2
31,9,Wayne Brady,9.125000,0.163934,3,3
31,9,Shangela,9.125000,0.163785,4,4
31,9,Daniel Durant,8.625000,0.160736,5,5
31,9,Trevor Donovan,8.125000,0.150628,6,6
31,10,Charli D'Amelio,10.000000,0.263656,1,1
31,10,Gabby Windey,10.000000,0.252997,2,2
31,10,Shangela,9.500000,0.241999,3,3
31,10,Wayne Brady,9.500000,0.241348,4,4
32,1,Charity Lawson,7.333333,0.095593,1,1
32,1,Jason Mraz,7.000000,0.093767,2,2
32,1,Ariana Madix,7.000000,0.091074,3,3
32,1,Xochitl Gomez,6.000000,0.081906,4,4
32,1,Adrian Peterson,6.000000,0.080712,5,5
32,1,Mira Sorvino,5.666667,0.077812,6,7
32,1,Lele Pons,6.333333,0.069694,7,6
32,1,Barry Williams,5.333333,0.073898,8,8
32,1,Jamie Lynn Spears,5.000000,0.070185,9,9
32,1,Alyson Hannigan,4.333333,0.064377,10,10
32,1,Mauricio Umansky,5.000000,0.050627,11,11
32,1,Tyson Beckford,4.000000,0.061943,12,12
32,1,Matt Walsh,4.000000,0.045718,13,13
32,1,Harry Jowsey,4.000000,0.042695,14,14
32,2,Xochitl Gomez,8.000000,0.076923,1,1
32,2,Lele Pons,7.000000,0.076923,2,3
32,2,Jason Mraz,8.000000,0.076923,3,2
32,2,Adrian Peterson,5.000000,0.076923,4,10
32,2,Jamie Lynn Spears,5.333333,0.076923,5,9
32,2,Ariana Madix,6.666667,0.076923,6,5
32,2,Harry Jowsey,5.000000,0.076923,7,11
32,2,Charity Lawson,7.000000,0.076923,8,4
32,2,Tyson Beckford,6.000000,0.076923,9,7
32,2,Mauricio Umansky,4.000000,0.076923,10,13
32,2,Barry Williams,5.000000,0.076923,11,12
32,2,Alyson Hannigan,6.333333,0.076923,12,6
32,2,Mira Sorvino,6.000000,0.076923,13,8
32,3,Jason Mraz,8.500000,0.106362,1,1
32,3,Ariana Madix,8.500000,0.103326,2,2
32,3,Xochitl Gomez,8.000000,0.101942,3,3
32,3,Charity Lawson,8.000000,0.097776,4,4
32,3,Mira Sorvino,6.500000,0.085601,5,5
32,3,Lele Pons,6.750000,0.069836,6,9
32,3,Alyson Hannigan,6.000000,0.087280,7,6
32,3,Barry Williams,6.250000,0.082593,8,7
32,3,Adrian Peterson,5.500000,0.087489,9,8
32,3,Mauricio Umansky,5.750000,0.060572,10,11
32,3,Harry Jowsey,6.000000,0.057538,11,10
32,3,Tyson Beckford,5.000000,0.059685,12,12
32,4,Xochitl Gomez,9.000000,0.090909,1,1
32,4,Adrian Peterson,7.000000,0.090909,2,6
32,4,Lele Pons,7.333333,0.090909,3,5
32,4,Harry Jowsey,7.000000,0.090909,4,7
32,4,Ariana Madix,8.333333,0.090909,5,2
32,4,Jason Mraz,8.000000,0.090909,6,3
32,4,Mauricio Umansky,6.333333,0.090909,7,9
32,4,Charity Lawson,8.000000,0.090909,8,4
32,4,Barry Williams,6.000000,0.090909,9,10
32,4,Mira Sorvino,7.000000,0.090909,10,8
32,4,Alyson Hannigan,6.000000,0.090909,11,11
32,5,Xochitl Gomez,9.333333,0.150787,1,1
32,5,Charity Lawson,9.333333,0.145268,2,2
32,5,Jason Mraz,9.000000,0.143297,3,3
32,5,Barry Williams,8.000000,0.129473,4,4
32,5,Lele Pons,8.000000,0.108736,5,6
32,5,Mauricio Umansky,8.000000,0.097206,6,7
32,5,Ariana Madix,8.000000,0.124795,7,5
32,5,Alyson Hannigan,7.000000,0.004016,8,10
32,5,Mira Sorvino,7.333333,0.002718,9,9
32,5,Harry Jowsey,6.000000,0.093703,10,8
32,6,Ariana Madix,10.250000,0.133039,1,2
32,6,Xochitl Gomez,10.500000,0.125339,2,3
32,6,Lele Pons,9.250000,0.188041,3,1
32,6,Charity Lawson,9.500000,0.109769,4,5
32,6,Jason Mraz,9.750000,0.102353,5,6
32,6,Harry Jowsey,7.250000,0.140263,6,4
32,6,Barry Williams,8.000000,0.099562,7,7
32,6,Mauricio Umansky,8.250000,0.002461,8,9
32,6,Alyson Hannigan,7.750000,0.099172,9,8
32,7,Xochitl Gomez,9.250000,0.098186,1,5
32,7,Jason Mraz,9.000000,0.105978,2,4
32,7,Alyson Hannigan,8.750000,0.125364,3,3
32,7,Ariana Madix,9.250000,0.042390,4,7
32,7,Barry Williams,8.125000,0.253854,5,2
32,7,Harry Jowsey,8.000000,0.308111,6,1
32,7,Charity Lawson,9.000000,0.061729,7,6
32,7,Lele Pons,9.125000,0.004387,8,8
32,8,Ariana Madix,10.500000,0.218564,1,1
32,8,Xochitl Gomez,10.000000,0.212673,2,2
32,8,Charity Lawson,9.750000,0.203713,3,3
32,8,Alyson Hannigan,9.000000,0.161099,4,4
32,8,Jason Mraz,8.250000,0.046748,5,6
32,8,Barry Williams,8.750000,0.003228,6,7
32,8,Harry Jowsey,7.000000,0.153975,7,5
32,9,Jason Mraz,10.750000,0.194262,1,1
32,9,Xochitl Gomez,10.250000,0.188002,2,2
32,9,Charity Lawson,9.500000,0.169082,3,3
32,9,Alyson Hannigan,8.000000,0.181805,4,5
32,9,Ariana Madix,9.250000,0.164790,5,4
32,9,Harry Jowsey,7.500000,0.102059,6,6
32,10,Xochitl Gomez,10.000000,0.213300,1,1
32,10,Charity Lawson,9.833333,0.202170,2,2
32,10,Ariana Madix,9.666667,0.199553,3,3
32,10,Jason Mraz,9.500000,0.201260,4,4
32,10,Alyson Hannigan,8.500000,0.183717,5,5
32,11,Xochitl Gomez,10.000000,0.209514,1,1
32,11,Jason Mraz,10.000000,0.206727,2,2
32,11,Charity Lawson,9.833333,0.198677,3,3
32,11,Ariana Madix,9.833333,0.198417,4,4
32,11,Alyson Hannigan,8.833333,0.186666,5,5
33,1,Chandler Kinney,7.666667,0.095649,1,1
33,1,Dwight Howard ,7.333333,0.089904,2,2
33,1,Stephen Nedoroscik,7.000000,0.086090,3,3
33,1,Joey Graziadei,7.000000,0.084675,4,4
33,1,Danny Amendola,6.666667,0.082096,5,5
33,1,Phaedra Parks,6.333333,0.076656,6,6
33,1,Jenn Tran,6.333333,0.076554,7,7
33,1,Ilona Maher,6.000000,0.074206,8,8
33,1,Brooks Nader,6.000000,0.073421,9,9
33,1,Tori Spelling,5.666667,0.071715,10,10
33,1,Anna Delvey,6.000000,0.058002,11,12
33,1,Reginald VelJohnson,5.333333,0.067584,12,11
33,1,Eric Roberts,5.000000,0.063448,13,13
33,2,Chandler Kinney,8.000000,0.103095,1,1
33,2,Stephen Nedoroscik,7.333333,0.091504,2,2
33,2,Dwight Howard ,7.333333,0.091147,3,3
33,2,Joey Graziadei,7.333333,0.090332,4,4
33,2,Ilona Maher,7.000000,0.084979,5,5
33,2,Danny Amendola,7.000000,0.084916,6,6
33,2,Phaedra Parks,7.000000,0.084028,7,7
33,2,Brooks Nader,6.666667,0.079163,8,8
33,2,Jenn Tran,6.333333,0.072919,9,9
33,2,Eric Roberts,5.000000,0.074429,10,10
33,2,Tori Spelling,6.333333,0.052603,11,11
33,2,Reginald VelJohnson,5.000000,0.067561,12,12
33,2,Anna Delvey,5.666667,0.023324,13,13
33,3,Joey Graziadei,8.750000,0.107375,1,2
33,3,Chandler Kinney,8.625000,0.110069,2,1
33,3,Stephen Nedoroscik,7.750000,0.097417,3,3
33,3,Jenn Tran,7.750000,0.095320,4,4
33,3,Brooks Nader,7.625000,0.095116,5,5
33,3,Danny Amendola,7.500000,0.094584,6,6
33,3,Ilona Maher,7.000000,0.088413,7,7
33,3,Phaedra Parks,7.000000,0.086682,8,8
33,3,Dwight Howard ,6.500000,0.082325,9,9
33,3,Eric Roberts,5.750000,0.074644,10,10
33,3,Reginald VelJohnson,5.250000,0.068054,11,11
33,4,Danny Amendola,9.000000,0.207109,1,1
33,4,Joey Graziadei,9.000000,0.172228,2,2
33,4,Stephen Nedoroscik,8.250000,0.089334,3,5
33,4,Chandler Kinney,8.000000,0.109110,4,4
33,4,Dwight Howard ,7.250000,0.176444,5,3
33,4,Jenn Tran,8.000000,0.077887,6,7
33,4,Ilona Maher,8.000000,0.089131,7,6
33,4,Phaedra Parks,8.000000,0.075329,8,8
33,4,Brooks Nader,8.000000,0.003428,9,9
33,5,Chandler Kinney,9.000000,0.131243,1,2
33,5,Joey Graziadei,8.666667,0.127030,2,5
33,5,Stephen Nedoroscik,8.000000,0.137560,3,4
33,5,Danny Amendola,8.500000,0.131053,4,3
33,5,Dwight Howard ,8.000000,0.152666,5,1
33,5,Ilona Maher,8.666667,0.122543,6,6
33,5,Jenn Tran,8.500000,0.124614,7,7
33,5,Phaedra Parks,8.000000,0.073291,8,8
33,6,Joey Graziadei,10.666667,0.180403,1,3
33,6,Chandler Kinney,10.666667,0.058225,2,5
33,6,Stephen Nedoroscik,9.333333,0.261113,3,2
33,6,Ilona Maher,8.000000,0.318737,4,1
33,6,Danny Amendola,9.333333,0.138761,5,4
33,6,Dwight Howard ,10.333333,0.036766,6,6
33,6,Jenn Tran,10.333333,0.005994,7,7
33,7,Chandler Kinney,10.000000,0.187998,1,1
33,7,Joey Graziadei,9.166667,0.167183,2,2
33,7,Stephen Nedoroscik,9.000000,0.168333,3,3
33,7,Ilona Maher,8.666667,0.164011,4,4
33,7,Danny Amendola,8.500000,0.163135,5,5
33,7,Dwight Howard ,8.000000,0.149340,6,6
33,8,Chandler Kinney,9.666667,0.210214,1,1
33,8,Joey Graziadei,9.666667,0.203396,2,2
33,8,Ilona Maher,9.500000,0.202368,3,3
33,8,Danny Amendola,9.000000,0.193459,4,4
33,8,Stephen Nedoroscik,8.833333,0.190563,5,5
33,9,Chandler Kinney,10.000000,0.209139,1,1
33,9,Stephen Nedoroscik,9.833333,0.202808,2,2
33,9,Joey Graziadei,9.833333,0.199069,3,3
33,9,Ilona Maher,9.500000,0.196227,4,4
33,9,Danny Amendola,9.333333,0.192757,5,5
34,1,Whitney Leavitt,7.500000,0.090976,1,1
34,1,Hilaria Baldwin,7.000000,0.084496,2,2
34,1,Lauren Jauregui,6.500000,0.081832,3,4
34,1,Alix Earle,6.500000,0.078755,4,5
34,1,Robert Irwin,7.500000,0.073064,5,3
34,1,Elaine Hendrix,6.000000,0.076335,6,6
34,1,Danielle Fishel,6.000000,0.076257,7,7
34,1,Jen Affleck,6.000000,0.073480,8,8
34,1,Jordan Chiles,5.000000,0.062873,9,11
34,1,Scott Hoying,5.000000,0.063503,10,9
34,1,Baron Davis,5.000000,0.063063,11,10
34,1,Dylan Efron,5.000000,0.061618,12,12
34,1,Corey Feldman,4.500000,0.058058,13,13
34,1,Andy Richter,4.500000,0.055689,14,14
34,2,Jordan Chiles,7.333333,0.080766,1,1
34,2,Jen Affleck,7.333333,0.079107,2,2
34,2,Whitney Leavitt,7.333333,0.078963,3,3
34,2,Elaine Hendrix,7.000000,0.078498,4,4
34,2,Lauren Jauregui,7.000000,0.077677,5,5
34,2,Alix Earle,7.000000,0.074737,6,7
34,2,Hilaria Baldwin,7.000000,0.074859,7,6
34,2,Robert Irwin,7.333333,0.063546,8,9
34,2,Dylan Efron,6.666667,0.071990,9,8
34,2,Danielle Fishel,6.333333,0.071208,10,10
34,2,Scott Hoying,6.000000,0.067069,11,11
34,2,Baron Davis,6.000000,0.066643,12,12
34,2,Andy Richter,5.333333,0.058198,13,13
34,2,Corey Feldman,5.000000,0.056739,14,14
34,3,Jordan Chiles,8.000000,0.094851,1,1
34,3,Whitney Leavitt,8.000000,0.093077,2,2
34,3,Dylan Efron,7.666667,0.091057,3,3
34,3,Alix Earle,7.666667,0.088481,4,4
34,3,Scott Hoying,7.333333,0.088546,5,6
34,3,Danielle Fishel,7.000000,0.092470,6,5
34,3,Hilaria Baldwin,7.333333,0.084800,7,7
34,3,Robert Irwin,7.333333,0.083063,8,9
34,3,Andy Richter,6.000000,0.090677,9,10
34,3,Elaine Hendrix,7.000000,0.087106,10,8
34,3,Jen Affleck,6.333333,0.079354,11,11
34,3,Lauren Jauregui,6.000000,0.026519,12,12
34,4,Whitney Leavitt,8.333333,0.132711,1,1
34,4,Alix Earle,8.000000,0.104323,2,4
34,4,Robert Irwin,7.333333,0.132433,3,2
34,4,Jordan Chiles,8.000000,0.092876,4,6
34,4,Elaine Hendrix,8.000000,0.070623,5,7
34,4,Danielle Fishel,7.000000,0.125536,6,3
34,4,Dylan Efron,7.666667,0.070671,7,8
34,4,Andy Richter,6.000000,0.122130,8,5
34,4,Jen Affleck,7.666667,0.070168,9,9
34,4,Scott Hoying,7.000000,0.075712,10,10
34,4,Hilaria Baldwin,7.666667,0.002817,11,11
34,5,Dylan Efron,9.000000,0.115281,1,1
34,5,Alix Earle,8.750000,0.111325,2,2
34,5,Whitney Leavitt,8.250000,0.106647,3,3
34,5,Jordan Chiles,8.000000,0.105388,4,4
34,5,Elaine Hendrix,7.500000,0.100951,5,6
34,5,Robert Irwin,8.750000,0.090628,6,5
34,5,Scott Hoying,7.500000,0.100011,7,7
34,5,Danielle Fishel,7.250000,0.097538,8,8
34,5,Jen Affleck,7.250000,0.094025,9,9
34,5,Andy Richter,6.000000,0.078206,10,10
34,6,Whitney Leavitt,9.750000,0.116560,1,1
34,6,Jordan Chiles,9.750000,0.114808,2,2
34,6,Elaine Hendrix,9.000000,0.111858,3,3
34,6,Danielle Fishel,9.000000,0.111738,4,4
34,6,Robert Irwin,9.000000,0.106170,5,5
34,6,Alix Earle,8.750000,0.103958,6,6
34,6,Andy Richter,6.750000,0.107357,7,9
34,6,Jen Affleck,8.000000,0.100804,8,7
34,6,Dylan Efron,8.000000,0.098009,9,8
34,6,Scott Hoying,7.000000,0.028738,10,10
34,7,Alix Earle,10.750000,0.181108,1,2
34,7,Whitney Leavitt,10.500000,0.186049,2,1
34,7,Jordan Chiles,9.500000,0.173285,3,3
34,7,Robert Irwin,10.250000,0.148087,4,5
34,7,Dylan Efron,9.500000,0.170252,5,4
34,7,Danielle Fishel,8.750000,0.002715,6,7
34,7,Andy Richter,7.250000,0.131524,7,6
34,7,Elaine Hendrix,8.000000,0.004367,8,9
34,7,Jen Affleck,8.500000,0.002613,9,8
34,8,Jordan Chiles,9.750000,0.152975,1,1
34,8,Whitney Leavitt,9.875000,0.150227,2,2
34,8,Alix Earle,9.625000,0.145999,3,3
34,8,Dylan Efron,9.500000,0.145673,4,5
34,8,Elaine Hendrix,9.375000,0.148395,5,4
34,8,Robert Irwin,9.500000,0.122291,6,6
34,8,Andy Richter,8.500000,0.132280,7,7
34,8,Danielle Fishel,9.250000,0.002159,8,8
34,9,Whitney Leavitt,10.500000,0.152516,1,2
34,9,Dylan Efron,10.500000,0.151848,2,3
34,9,Elaine Hendrix,9.000000,0.176739,3,1
34,9,Robert Irwin,10.500000,0.122662,4,6
34,9,Jordan Chiles,9.750000,0.145351,5,5
34,9,Alix Earle,10.000000,0.144729,6,4
34,9,Andy Richter,7.250000,0.106154,7,7
34,10,Elaine Hendrix,9.500000,0.214699,1,1
34,10,Robert Irwin,9.833333,0.171405,2,5
34,10,Alix Earle,9.666667,0.200931,3,3
34,10,Dylan Efron,9.166667,0.206740,4,4
34,10,Jordan Chiles,9.500000,0.203995,5,2
34,10,Whitney Leavitt,9.666667,0.002231,6,6
34,11,Jordan Chiles,9.888867,0.210572,1,1
34,11,Alix Earle,10.000000,0.206617,2,2
34,11,Elaine Hendrix,9.666600,0.209978,3,3
34,11,Robert Irwin,9.888867,0.168409,4,5
34,11,Dylan Efron,9.777733,0.204424,5,4
